0 verbose cli C:\Program Files\nodejs\node.exe C:\Program Files\nodejs\node_modules\npm\bin\npm-cli.js
1 info using npm@10.9.3
2 info using node@v22.19.0
3 silly config load:file:C:\Program Files\nodejs\node_modules\npm\npmrc
4 silly config load:file:C:\Users\ADMIN\Documents\Codex\2026-09-23\files-pasted-by-the-user-i\.npmrc
5 silly config load:file:C:\Users\ADMIN\.npmrc
6 silly config load:file:C:\Users\ADMIN\AppData\Roaming\npm\etc\npmrc
7 verbose title npm install
8 verbose argv "install" "--cache" ".npm-cache"
9 verbose logfile logs-max:10 dir:C:\Users\ADMIN\Documents\Codex\2026-09-23\files-pasted-by-the-user-i\.npm-cache\_logs\2026-09-23T15_30_05_602Z-
10 verbose logfile C:\Users\ADMIN\Documents\Codex\2026-09-23\files-pasted-by-the-user-i\.npm-cache\_logs\2026-09-23T15_30_05_602Z-debug-0.log
11 silly logfile done cleaning log files
12 silly packumentCache heap:2197815296 maxSize:549453824 maxEntrySize:274726912
13 silly idealTree buildDeps
14 silly fetch manifest express@^4.21.2
15 silly packumentCache full:https://registry.npmjs.org/express cache-miss
16 http fetch GET 200 https://registry.npmjs.org/npm 438ms
17 http fetch GET 200 https://registry.npmjs.org/express 706ms (cache miss)
18 silly packumentCache full:https://registry.npmjs.org/express set size:undefined disposed:false
19 silly fetch manifest lucide-react@^0.468.0
20 silly packumentCache full:https://registry.npmjs.org/lucide-react cache-miss
21 http fetch GET 200 https://registry.npmjs.org/lucide-react 117ms (cache miss)
22 silly packumentCache full:https://registry.npmjs.org/lucide-react set size:undefined disposed:false
23 silly fetch manifest react@^18.3.1
24 silly packumentCache full:https://registry.npmjs.org/react cache-miss
25 http fetch GET 200 https://registry.npmjs.org/react 763ms (cache miss)
26 silly packumentCache full:https://registry.npmjs.org/react set size:undefined disposed:false
27 silly fetch manifest react-dom@^18.3.1
28 silly packumentCache full:https://registry.npmjs.org/react-dom cache-miss
29 http fetch GET 200 https://registry.npmjs.org/react-dom 250ms (cache miss)
30 silly packumentCache full:https://registry.npmjs.org/react-dom set size:undefined disposed:false
31 silly fetch manifest @vitejs/plugin-react@^4.3.4
32 silly packumentCache full:https://registry.npmjs.org/@vitejs%2fplugin-react cache-miss
33 http fetch GET 200 https://registry.npmjs.org/@vitejs%2fplugin-react 113ms (cache miss)
34 silly packumentCache full:https://registry.npmjs.org/@vitejs%2fplugin-react set size:undefined disposed:false
35 silly fetch manifest vite@^6.0.5
36 silly packumentCache full:https://registry.npmjs.org/vite cache-miss
37 http fetch GET 200 https://registry.npmjs.org/vite 1319ms (cache miss)
38 silly packumentCache full:https://registry.npmjs.org/vite set size:undefined disposed:false
39 silly fetch manifest @types/node@^18.0.0 || ^20.0.0 || >=22.0.0
40 silly packumentCache full:https://registry.npmjs.org/@types%2fnode cache-miss
41 http fetch GET 200 https://registry.npmjs.org/@types%2fnode 519ms (cache miss)
42 silly packumentCache full:https://registry.npmjs.org/@types%2fnode set size:undefined disposed:false
43 silly fetch manifest jiti@>=1.21.0
44 silly packumentCache full:https://registry.npmjs.org/jiti cache-miss
45 http fetch GET 200 https://registry.npmjs.org/jiti 82ms (cache miss)
46 silly packumentCache full:https://registry.npmjs.org/jiti set size:undefined disposed:false
47 silly fetch manifest less@*
48 silly packumentCache full:https://registry.npmjs.org/less cache-miss
49 http fetch GET 200 https://registry.npmjs.org/less 249ms (cache miss)
50 silly packumentCache full:https://registry.npmjs.org/less set size:undefined disposed:false
51 silly fetch manifest lightningcss@^1.21.0
52 silly packumentCache full:https://registry.npmjs.org/lightningcss cache-miss
53 http fetch GET 200 https://registry.npmjs.org/lightningcss 39ms (cache miss)
54 silly packumentCache full:https://registry.npmjs.org/lightningcss set size:undefined disposed:false
55 silly fetch manifest sass@*
56 silly packumentCache full:https://registry.npmjs.org/sass cache-miss
57 http fetch GET 200 https://registry.npmjs.org/sass 149ms (cache miss)
58 silly packumentCache full:https://registry.npmjs.org/sass set size:undefined disposed:false
59 silly fetch manifest sass-embedded@*
60 silly packumentCache full:https://registry.npmjs.org/sass-embedded cache-miss
61 http fetch GET 200 https://registry.npmjs.org/sass-embedded 55ms (cache miss)
62 silly packumentCache full:https://registry.npmjs.org/sass-embedded set size:undefined disposed:false
63 silly fetch manifest stylus@*
64 silly packumentCache full:https://registry.npmjs.org/stylus cache-miss
65 http fetch GET 200 https://registry.npmjs.org/stylus 102ms (cache miss)
66 silly packumentCache full:https://registry.npmjs.org/stylus set size:undefined disposed:false
67 silly fetch manifest sugarss@*
68 silly packumentCache full:https://registry.npmjs.org/sugarss cache-miss
69 http fetch GET 200 https://registry.npmjs.org/sugarss 39ms (cache miss)
70 silly packumentCache full:https://registry.npmjs.org/sugarss set size:undefined disposed:false
71 silly fetch manifest postcss@^8.4.49
72 silly packumentCache full:https://registry.npmjs.org/postcss cache-miss
73 http fetch GET 200 https://registry.npmjs.org/postcss 136ms (cache miss)
74 silly packumentCache full:https://registry.npmjs.org/postcss set size:undefined disposed:false
75 silly fetch manifest terser@^5.16.0
76 silly packumentCache full:https://registry.npmjs.org/terser cache-miss
77 http fetch GET 200 https://registry.npmjs.org/terser 311ms (cache miss)
78 silly packumentCache full:https://registry.npmjs.org/terser set size:undefined disposed:false
79 silly fetch manifest tsx@^4.8.1
80 silly packumentCache full:https://registry.npmjs.org/tsx cache-miss
81 http fetch GET 200 https://registry.npmjs.org/tsx 108ms (cache miss)
82 silly packumentCache full:https://registry.npmjs.org/tsx set size:undefined disposed:false
83 silly fetch manifest yaml@^2.4.2
84 silly packumentCache full:https://registry.npmjs.org/yaml cache-miss
85 http fetch GET 200 https://registry.npmjs.org/yaml 338ms (cache miss)
86 silly packumentCache full:https://registry.npmjs.org/yaml set size:undefined disposed:false
87 silly fetch manifest autoprefixer@^10.4.20
88 silly packumentCache full:https://registry.npmjs.org/autoprefixer cache-miss
89 http fetch GET 200 https://registry.npmjs.org/autoprefixer 136ms (cache miss)
90 silly packumentCache full:https://registry.npmjs.org/autoprefixer set size:undefined disposed:false
91 silly fetch manifest tailwindcss@^3.4.16
92 silly packumentCache full:https://registry.npmjs.org/tailwindcss cache-miss
93 http fetch GET 200 https://registry.npmjs.org/tailwindcss 230ms (cache miss)
94 silly packumentCache full:https://registry.npmjs.org/tailwindcss set size:undefined disposed:false
95 silly placeDep ROOT @vitejs/plugin-react@4.7.0 OK for: thread-and-thistle-showroom@1.0.0 want: ^4.3.4
96 silly placeDep ROOT vite@6.4.3 OK for: @vitejs/plugin-react@4.7.0 want: ^4.2.0 || ^5.0.0 || ^6.0.0 || ^7.0.0
97 silly placeDep ROOT autoprefixer@10.6.1 OK for: thread-and-thistle-showroom@1.0.0 want: ^10.4.20
98 silly placeDep ROOT postcss@8.5.28 OK for: autoprefixer@10.6.1 want: ^8.1.0
99 silly placeDep ROOT express@4.22.3 OK for: thread-and-thistle-showroom@1.0.0 want: ^4.21.2
100 silly placeDep ROOT lucide-react@0.468.0 OK for: thread-and-thistle-showroom@1.0.0 want: ^0.468.0
101 silly placeDep ROOT react@18.3.1 OK for: lucide-react@0.468.0 want: ^16.5.1 || ^17.0.0 || ^18.0.0 || ^19.0.0-rc
102 silly placeDep ROOT react-dom@18.3.1 OK for: thread-and-thistle-showroom@1.0.0 want: ^18.3.1
103 silly placeDep ROOT tailwindcss@3.4.19 OK for: thread-and-thistle-showroom@1.0.0 want: ^3.4.16
104 silly fetch manifest @babel/core@^7.28.0
105 silly packumentCache full:https://registry.npmjs.org/@babel%2fcore cache-miss
106 silly fetch manifest react-refresh@^0.17.0
107 silly packumentCache full:https://registry.npmjs.org/react-refresh cache-miss
108 silly fetch manifest @types/babel__core@^7.20.5
109 silly packumentCache full:https://registry.npmjs.org/@types%2fbabel__core cache-miss
110 silly fetch manifest @rolldown/pluginutils@1.0.0-beta.27
111 silly packumentCache full:https://registry.npmjs.org/@rolldown%2fpluginutils cache-miss
112 silly fetch manifest @babel/plugin-transform-react-jsx-self@^7.27.1
113 silly packumentCache full:https://registry.npmjs.org/@babel%2fplugin-transform-react-jsx-self cache-miss
114 silly fetch manifest @babel/plugin-transform-react-jsx-source@^7.27.1
115 silly packumentCache full:https://registry.npmjs.org/@babel%2fplugin-transform-react-jsx-source cache-miss
116 silly fetch manifest fdir@^6.4.4
117 silly packumentCache full:https://registry.npmjs.org/fdir cache-miss
118 silly fetch manifest rollup@^4.34.9
119 silly packumentCache full:https://registry.npmjs.org/rollup cache-miss
120 silly fetch manifest esbuild@^0.25.0
121 silly packumentCache full:https://registry.npmjs.org/esbuild cache-miss
122 silly fetch manifest postcss@^8.5.3
123 silly packumentCache full:https://registry.npmjs.org/postcss cache-miss
124 silly fetch manifest picomatch@^4.0.2
125 silly packumentCache full:https://registry.npmjs.org/picomatch cache-miss
126 silly fetch manifest tinyglobby@^0.2.13
127 silly packumentCache full:https://registry.npmjs.org/tinyglobby cache-miss
128 silly fetch manifest fsevents@~2.3.3
129 silly packumentCache full:https://registry.npmjs.org/fsevents cache-miss
130 silly fetch manifest picocolors@^1.1.1
131 silly packumentCache full:https://registry.npmjs.org/picocolors cache-miss
132 silly fetch manifest fraction.js@^5.3.4
133 silly packumentCache full:https://registry.npmjs.org/fraction.js cache-miss
134 http cache https://registry.npmjs.org/postcss 46ms (cache hit)
135 silly packumentCache full:https://registry.npmjs.org/postcss set size:766699 disposed:false
136 silly fetch manifest browserslist@^4.28.9
137 silly packumentCache full:https://registry.npmjs.org/browserslist cache-miss
138 http fetch GET 200 https://registry.npmjs.org/tinyglobby 127ms (cache miss)
139 silly packumentCache full:https://registry.npmjs.org/tinyglobby set size:undefined disposed:false
140 silly fetch manifest caniuse-lite@^1.0.30001810
141 silly packumentCache full:https://registry.npmjs.org/caniuse-lite cache-miss
142 http fetch GET 200 https://registry.npmjs.org/picocolors 128ms (cache miss)
143 silly packumentCache full:https://registry.npmjs.org/picocolors set size:undefined disposed:false
144 silly fetch manifest postcss-value-parser@^4.2.0
145 silly packumentCache full:https://registry.npmjs.org/postcss-value-parser cache-miss
146 http fetch GET 200 https://registry.npmjs.org/picomatch 139ms (cache miss)
147 silly packumentCache full:https://registry.npmjs.org/picomatch set size:undefined disposed:false
148 silly fetch manifest nanoid@^3.3.18
149 silly packumentCache full:https://registry.npmjs.org/nanoid cache-miss
150 http fetch GET 200 https://registry.npmjs.org/nanoid 150ms (cache miss)
151 silly packumentCache full:https://registry.npmjs.org/nanoid set size:undefined disposed:false
152 silly fetch manifest source-map-js@^1.2.1
153 silly packumentCache full:https://registry.npmjs.org/source-map-js cache-miss
154 http fetch GET 200 https://registry.npmjs.org/source-map-js 44ms (cache miss)
155 silly packumentCache full:https://registry.npmjs.org/source-map-js set size:undefined disposed:false
156 silly fetch manifest qs@~6.16.0
157 silly packumentCache full:https://registry.npmjs.org/qs cache-miss
158 http fetch GET 200 https://registry.npmjs.org/react-refresh 349ms (cache miss)
159 silly packumentCache full:https://registry.npmjs.org/react-refresh set size:undefined disposed:false
160 silly fetch manifest depd@2.0.0
161 silly packumentCache full:https://registry.npmjs.org/depd cache-miss
162 http fetch GET 200 https://registry.npmjs.org/caniuse-lite 348ms (cache miss)
163 silly packumentCache full:https://registry.npmjs.org/caniuse-lite set size:undefined disposed:false
164 silly fetch manifest etag@~1.8.1
165 silly packumentCache full:https://registry.npmjs.org/etag cache-miss
166 http fetch GET 200 https://registry.npmjs.org/postcss-value-parser 382ms (cache miss)
167 silly packumentCache full:https://registry.npmjs.org/postcss-value-parser set size:undefined disposed:false
168 silly fetch manifest send@~0.19.0
169 silly packumentCache full:https://registry.npmjs.org/send cache-miss
170 http fetch GET 200 https://registry.npmjs.org/depd 59ms (cache miss)
171 silly packumentCache full:https://registry.npmjs.org/depd set size:undefined disposed:false
172 silly fetch manifest vary@~1.1.2
173 silly packumentCache full:https://registry.npmjs.org/vary cache-miss
174 http fetch GET 200 https://registry.npmjs.org/qs 182ms (cache miss)
175 silly packumentCache full:https://registry.npmjs.org/qs set size:undefined disposed:false
176 silly fetch manifest debug@2.6.9
177 silly packumentCache full:https://registry.npmjs.org/debug cache-miss
178 http fetch GET 200 https://registry.npmjs.org/etag 66ms (cache miss)
179 silly packumentCache full:https://registry.npmjs.org/etag set size:undefined disposed:false
180 silly fetch manifest fresh@~0.5.2
181 silly packumentCache full:https://registry.npmjs.org/fresh cache-miss
182 http fetch GET 200 https://registry.npmjs.org/vary 70ms (cache miss)
183 silly packumentCache full:https://registry.npmjs.org/vary set size:undefined disposed:false
184 silly fetch manifest cookie@~0.7.1
185 silly packumentCache full:https://registry.npmjs.org/cookie cache-miss
186 http fetch GET 200 https://registry.npmjs.org/fraction.js 590ms (cache miss)
187 silly packumentCache full:https://registry.npmjs.org/fraction.js set size:undefined disposed:false
188 silly fetch manifest accepts@~1.3.8
189 silly packumentCache full:https://registry.npmjs.org/accepts cache-miss
190 http fetch GET 200 https://registry.npmjs.org/send 89ms (cache miss)
191 silly packumentCache full:https://registry.npmjs.org/send set size:undefined disposed:false
192 silly fetch manifest methods@~1.1.2
193 silly packumentCache full:https://registry.npmjs.org/methods cache-miss
194 http fetch GET 200 https://registry.npmjs.org/debug 78ms (cache miss)
195 silly packumentCache full:https://registry.npmjs.org/debug set size:undefined disposed:false
196 silly fetch manifest type-is@~1.6.18
197 silly packumentCache full:https://registry.npmjs.org/type-is cache-miss
198 http fetch GET 200 https://registry.npmjs.org/fresh 66ms (cache miss)
199 silly packumentCache full:https://registry.npmjs.org/fresh set size:undefined disposed:false
200 silly fetch manifest parseurl@~1.3.3
201 silly packumentCache full:https://registry.npmjs.org/parseurl cache-miss
202 http fetch GET 200 https://registry.npmjs.org/accepts 44ms (cache miss)
203 silly packumentCache full:https://registry.npmjs.org/accepts set size:undefined disposed:false
204 silly fetch manifest statuses@~2.0.1
205 silly packumentCache full:https://registry.npmjs.org/statuses cache-miss
206 http fetch GET 200 https://registry.npmjs.org/type-is 52ms (cache miss)
207 silly packumentCache full:https://registry.npmjs.org/type-is set size:undefined disposed:false
208 silly fetch manifest encodeurl@~2.0.0
209 silly packumentCache full:https://registry.npmjs.org/encodeurl cache-miss
210 http fetch GET 200 https://registry.npmjs.org/methods 64ms (cache miss)
211 silly packumentCache full:https://registry.npmjs.org/methods set size:undefined disposed:false
212 silly fetch manifest proxy-addr@~2.0.7
213 silly packumentCache full:https://registry.npmjs.org/proxy-addr cache-miss
214 http fetch GET 200 https://registry.npmjs.org/parseurl 47ms (cache miss)
215 silly packumentCache full:https://registry.npmjs.org/parseurl set size:undefined disposed:false
216 silly fetch manifest body-parser@~1.20.5
217 silly packumentCache full:https://registry.npmjs.org/body-parser cache-miss
218 http fetch GET 200 https://registry.npmjs.org/cookie 99ms (cache miss)
219 silly packumentCache full:https://registry.npmjs.org/cookie set size:undefined disposed:false
220 silly fetch manifest escape-html@~1.0.3
221 silly packumentCache full:https://registry.npmjs.org/escape-html cache-miss
222 http fetch GET 200 https://registry.npmjs.org/@babel%2fplugin-transform-react-jsx-source 704ms (cache miss)
223 silly packumentCache full:https://registry.npmjs.org/@babel%2fplugin-transform-react-jsx-source set size:undefined disposed:false
224 silly fetch manifest http-errors@~2.0.0
225 silly packumentCache full:https://registry.npmjs.org/http-errors cache-miss
226 http fetch GET 200 https://registry.npmjs.org/statuses 85ms (cache miss)
227 silly packumentCache full:https://registry.npmjs.org/statuses set size:undefined disposed:false
228 silly fetch manifest on-finished@~2.4.1
229 silly packumentCache full:https://registry.npmjs.org/on-finished cache-miss
230 http fetch GET 200 https://registry.npmjs.org/encodeurl 74ms (cache miss)
231 silly packumentCache full:https://registry.npmjs.org/encodeurl set size:undefined disposed:false
232 silly fetch manifest safe-buffer@5.2.1
233 silly packumentCache full:https://registry.npmjs.org/safe-buffer cache-miss
234 http fetch GET 200 https://registry.npmjs.org/proxy-addr 90ms (cache miss)
235 silly packumentCache full:https://registry.npmjs.org/proxy-addr set size:undefined disposed:false
236 silly fetch manifest utils-merge@1.0.1
237 silly packumentCache full:https://registry.npmjs.org/utils-merge cache-miss
238 http fetch GET 200 https://registry.npmjs.org/@rolldown%2fpluginutils 776ms (cache miss)
239 silly packumentCache full:https://registry.npmjs.org/@rolldown%2fpluginutils set size:undefined disposed:false
240 silly fetch manifest content-type@~1.0.4
241 silly packumentCache full:https://registry.npmjs.org/content-type cache-miss
242 http fetch GET 200 https://registry.npmjs.org/@types%2fbabel__core 786ms (cache miss)
243 silly packumentCache full:https://registry.npmjs.org/@types%2fbabel__core set size:undefined disposed:false
244 silly fetch manifest finalhandler@~1.3.1
245 silly packumentCache full:https://registry.npmjs.org/finalhandler cache-miss
246 http fetch GET 200 https://registry.npmjs.org/body-parser 115ms (cache miss)
247 silly packumentCache full:https://registry.npmjs.org/body-parser set size:undefined disposed:false
248 silly fetch manifest range-parser@~1.2.1
249 silly packumentCache full:https://registry.npmjs.org/range-parser cache-miss
250 http fetch GET 200 https://registry.npmjs.org/fdir 803ms (cache miss)
251 silly packumentCache full:https://registry.npmjs.org/fdir set size:undefined disposed:false
252 silly fetch manifest serve-static@~1.16.2
253 silly packumentCache full:https://registry.npmjs.org/serve-static cache-miss
254 http fetch GET 200 https://registry.npmjs.org/on-finished 82ms (cache miss)
255 silly packumentCache full:https://registry.npmjs.org/on-finished set size:undefined disposed:false
256 silly fetch manifest array-flatten@1.1.1
257 silly packumentCache full:https://registry.npmjs.org/array-flatten cache-miss
258 http fetch GET 200 https://registry.npmjs.org/escape-html 120ms (cache miss)
259 silly packumentCache full:https://registry.npmjs.org/escape-html set size:undefined disposed:false
260 silly fetch manifest path-to-regexp@~0.1.13
261 silly packumentCache full:https://registry.npmjs.org/path-to-regexp cache-miss
262 http fetch GET 200 https://registry.npmjs.org/browserslist 762ms (cache miss)
263 silly packumentCache full:https://registry.npmjs.org/browserslist set size:undefined disposed:false
264 silly fetch manifest setprototypeof@1.2.0
265 silly packumentCache full:https://registry.npmjs.org/setprototypeof cache-miss
266 http fetch GET 200 https://registry.npmjs.org/http-errors 130ms (cache miss)
267 silly packumentCache full:https://registry.npmjs.org/http-errors set size:undefined disposed:false
268 silly fetch manifest cookie-signature@~1.0.6
269 silly packumentCache full:https://registry.npmjs.org/cookie-signature cache-miss
270 http fetch GET 200 https://registry.npmjs.org/esbuild 844ms (cache miss)
271 silly packumentCache full:https://registry.npmjs.org/esbuild set size:undefined disposed:false
272 silly fetch manifest merge-descriptors@1.0.3
273 silly packumentCache full:https://registry.npmjs.org/merge-descriptors cache-miss
274 http fetch GET 200 https://registry.npmjs.org/@babel%2fplugin-transform-react-jsx-self 877ms (cache miss)
275 silly packumentCache full:https://registry.npmjs.org/@babel%2fplugin-transform-react-jsx-self set size:undefined disposed:false
276 silly fetch manifest content-disposition@~0.5.4
277 silly packumentCache full:https://registry.npmjs.org/content-disposition cache-miss
278 http fetch GET 200 https://registry.npmjs.org/finalhandler 101ms (cache miss)
279 silly packumentCache full:https://registry.npmjs.org/finalhandler set size:undefined disposed:false
280 silly fetch manifest loose-envify@^1.1.0
281 silly packumentCache full:https://registry.npmjs.org/loose-envify cache-miss
282 http fetch GET 200 https://registry.npmjs.org/safe-buffer 150ms (cache miss)
283 silly packumentCache full:https://registry.npmjs.org/safe-buffer set size:undefined disposed:false
284 silly fetch manifest scheduler@^0.23.2
285 silly packumentCache full:https://registry.npmjs.org/scheduler cache-miss
286 http fetch GET 200 https://registry.npmjs.org/utils-merge 138ms (cache miss)
287 silly packumentCache full:https://registry.npmjs.org/utils-merge set size:undefined disposed:false
288 silly fetch manifest loose-envify@^1.1.0
289 silly packumentCache full:https://registry.npmjs.org/loose-envify cache-miss
290 http fetch GET 200 https://registry.npmjs.org/@babel%2fcore 909ms (cache miss)
291 silly packumentCache full:https://registry.npmjs.org/@babel%2fcore set size:undefined disposed:false
292 silly fetch manifest arg@^5.0.2
293 silly packumentCache full:https://registry.npmjs.org/arg cache-miss
294 http fetch GET 200 https://registry.npmjs.org/range-parser 121ms (cache miss)
295 silly packumentCache full:https://registry.npmjs.org/range-parser set size:undefined disposed:false
296 silly fetch manifest dlv@^1.1.3
297 silly packumentCache full:https://registry.npmjs.org/dlv cache-miss
298 http fetch GET 200 https://registry.npmjs.org/setprototypeof 97ms (cache miss)
299 silly packumentCache full:https://registry.npmjs.org/setprototypeof set size:undefined disposed:false
300 silly fetch manifest jiti@^1.21.7
301 silly packumentCache full:https://registry.npmjs.org/jiti cache-miss
302 http fetch GET 200 https://registry.npmjs.org/serve-static 119ms (cache miss)
303 silly packumentCache full:https://registry.npmjs.org/serve-static set size:undefined disposed:false
304 silly fetch manifest is-glob@^4.0.3
305 silly packumentCache full:https://registry.npmjs.org/is-glob cache-miss
306 http fetch GET 200 https://registry.npmjs.org/array-flatten 121ms (cache miss)
307 silly packumentCache full:https://registry.npmjs.org/array-flatten set size:undefined disposed:false
308 silly fetch manifest resolve@^1.22.8
309 silly packumentCache full:https://registry.npmjs.org/resolve cache-miss
310 http fetch GET 200 https://registry.npmjs.org/fsevents 933ms (cache miss)
311 silly packumentCache full:https://registry.npmjs.org/fsevents set size:undefined disposed:false
312 silly fetch manifest sucrase@^3.35.0
313 silly packumentCache full:https://registry.npmjs.org/sucrase cache-miss
314 http fetch GET 200 https://registry.npmjs.org/content-type 159ms (cache miss)
315 silly packumentCache full:https://registry.npmjs.org/content-type set size:undefined disposed:false
316 silly fetch manifest chokidar@^3.6.0
317 silly packumentCache full:https://registry.npmjs.org/chokidar cache-miss
318 http fetch GET 200 https://registry.npmjs.org/path-to-regexp 142ms (cache miss)
319 silly packumentCache full:https://registry.npmjs.org/path-to-regexp set size:undefined disposed:false
320 silly fetch manifest fast-glob@^3.3.2
321 silly packumentCache full:https://registry.npmjs.org/fast-glob cache-miss
322 http cache https://registry.npmjs.org/jiti 38ms (cache hit)
323 silly packumentCache full:https://registry.npmjs.org/jiti set size:387989 disposed:false
324 silly fetch manifest lilconfig@^3.1.3
325 silly packumentCache full:https://registry.npmjs.org/lilconfig cache-miss
326 http fetch GET 200 https://registry.npmjs.org/cookie-signature 139ms (cache miss)
327 silly packumentCache full:https://registry.npmjs.org/cookie-signature set size:undefined disposed:false
328 silly fetch manifest didyoumean@^1.2.2
329 silly packumentCache full:https://registry.npmjs.org/didyoumean cache-miss
330 http fetch GET 200 https://registry.npmjs.org/loose-envify 76ms (cache miss)
331 silly packumentCache full:https://registry.npmjs.org/loose-envify set size:undefined disposed:false
332 silly fetch manifest micromatch@^4.0.8
333 silly packumentCache full:https://registry.npmjs.org/micromatch cache-miss
334 http fetch GET 200 https://registry.npmjs.org/content-disposition 108ms (cache miss)
335 silly packumentCache full:https://registry.npmjs.org/content-disposition set size:undefined disposed:false
336 silly fetch manifest postcss-js@^4.0.1
337 silly packumentCache full:https://registry.npmjs.org/postcss-js cache-miss
338 http fetch GET 200 https://registry.npmjs.org/loose-envify 105ms (cache miss)
339 silly packumentCache full:https://registry.npmjs.org/loose-envify set size:undefined disposed:false
340 silly fetch manifest glob-parent@^6.0.2
341 silly packumentCache full:https://registry.npmjs.org/glob-parent cache-miss
342 http fetch GET 200 https://registry.npmjs.org/arg 92ms (cache miss)
343 silly packumentCache full:https://registry.npmjs.org/arg set size:undefined disposed:false
344 silly fetch manifest object-hash@^3.0.0
345 silly packumentCache full:https://registry.npmjs.org/object-hash cache-miss
346 http fetch GET 200 https://registry.npmjs.org/is-glob 87ms (cache miss)
347 silly packumentCache full:https://registry.npmjs.org/is-glob set size:undefined disposed:false
348 silly fetch manifest normalize-path@^3.0.0
349 silly packumentCache full:https://registry.npmjs.org/normalize-path cache-miss
350 http fetch GET 200 https://registry.npmjs.org/postcss-js 49ms (cache miss)
351 silly packumentCache full:https://registry.npmjs.org/postcss-js set size:undefined disposed:false
352 silly fetch manifest postcss-import@^15.1.0
353 silly packumentCache full:https://registry.npmjs.org/postcss-import cache-miss
354 http fetch GET 200 https://registry.npmjs.org/chokidar 107ms (cache miss)
355 silly packumentCache full:https://registry.npmjs.org/chokidar set size:undefined disposed:false
356 silly fetch manifest postcss-nested@^6.2.0
357 silly packumentCache full:https://registry.npmjs.org/postcss-nested cache-miss
358 http fetch GET 200 https://registry.npmjs.org/lilconfig 92ms (cache miss)
359 silly packumentCache full:https://registry.npmjs.org/lilconfig set size:undefined disposed:false
360 silly fetch manifest @alloc/quick-lru@^5.2.0
361 silly packumentCache full:https://registry.npmjs.org/@alloc%2fquick-lru cache-miss
362 http fetch GET 200 https://registry.npmjs.org/didyoumean 92ms (cache miss)
363 silly packumentCache full:https://registry.npmjs.org/didyoumean set size:undefined disposed:false
364 silly fetch manifest postcss-load-config@^4.0.2 || ^5.0 || ^6.0
365 silly packumentCache full:https://registry.npmjs.org/postcss-load-config cache-miss
366 http fetch GET 200 https://registry.npmjs.org/rollup 1076ms (cache miss)
367 silly packumentCache full:https://registry.npmjs.org/rollup set size:undefined disposed:false
368 silly fetch manifest postcss-selector-parser@^6.1.2
369 silly packumentCache full:https://registry.npmjs.org/postcss-selector-parser cache-miss
370 http fetch GET 200 https://registry.npmjs.org/glob-parent 166ms (cache miss)
371 silly packumentCache full:https://registry.npmjs.org/glob-parent set size:undefined disposed:false
372 http fetch GET 200 https://registry.npmjs.org/normalize-path 159ms (cache miss)
373 silly packumentCache full:https://registry.npmjs.org/normalize-path set size:undefined disposed:false
374 http fetch GET 200 https://registry.npmjs.org/postcss-nested 125ms (cache miss)
375 silly packumentCache full:https://registry.npmjs.org/postcss-nested set size:undefined disposed:false
376 http fetch GET 200 https://registry.npmjs.org/@alloc%2fquick-lru 119ms (cache miss)
377 silly packumentCache full:https://registry.npmjs.org/@alloc%2fquick-lru set size:undefined disposed:false
378 http fetch GET 200 https://registry.npmjs.org/postcss-load-config 109ms (cache miss)
379 silly packumentCache full:https://registry.npmjs.org/postcss-load-config set size:undefined disposed:false
380 http fetch GET 200 https://registry.npmjs.org/object-hash 184ms (cache miss)
381 silly packumentCache full:https://registry.npmjs.org/object-hash set size:undefined disposed:false
382 http fetch GET 200 https://registry.npmjs.org/postcss-import 157ms (cache miss)
383 silly packumentCache full:https://registry.npmjs.org/postcss-import set size:undefined disposed:false
384 http fetch GET 200 https://registry.npmjs.org/micromatch 222ms (cache miss)
385 silly packumentCache full:https://registry.npmjs.org/micromatch set size:undefined disposed:false
386 http fetch GET 200 https://registry.npmjs.org/fast-glob 247ms (cache miss)
387 silly packumentCache full:https://registry.npmjs.org/fast-glob set size:undefined disposed:false
388 http fetch GET 200 https://registry.npmjs.org/dlv 302ms (cache miss)
389 silly packumentCache full:https://registry.npmjs.org/dlv set size:undefined disposed:false
390 http fetch GET 200 https://registry.npmjs.org/sucrase 311ms (cache miss)
391 silly packumentCache full:https://registry.npmjs.org/sucrase set size:undefined disposed:false
392 http fetch GET 200 https://registry.npmjs.org/resolve 345ms (cache miss)
393 silly packumentCache full:https://registry.npmjs.org/resolve set size:undefined disposed:false
394 http fetch GET 200 https://registry.npmjs.org/scheduler 404ms (cache miss)
395 silly packumentCache full:https://registry.npmjs.org/scheduler set size:undefined disposed:false
396 http fetch GET 200 https://registry.npmjs.org/postcss-selector-parser 436ms (cache miss)
397 silly packumentCache full:https://registry.npmjs.org/postcss-selector-parser set size:undefined disposed:false
398 http fetch GET 200 https://registry.npmjs.org/merge-descriptors 813ms (cache miss)
399 silly packumentCache full:https://registry.npmjs.org/merge-descriptors set size:undefined disposed:false
400 silly placeDep ROOT @babel/core@7.29.7 OK for: @vitejs/plugin-react@4.7.0 want: ^7.28.0
401 silly placeDep ROOT @babel/plugin-transform-react-jsx-self@7.29.7 OK for: @vitejs/plugin-react@4.7.0 want: ^7.27.1
402 silly placeDep ROOT @babel/plugin-transform-react-jsx-source@7.29.7 OK for: @vitejs/plugin-react@4.7.0 want: ^7.27.1
403 silly placeDep ROOT @rolldown/pluginutils@1.0.0-beta.27 OK for: @vitejs/plugin-react@4.7.0 want: 1.0.0-beta.27
404 silly placeDep ROOT @types/babel__core@7.20.5 OK for: @vitejs/plugin-react@4.7.0 want: ^7.20.5
405 silly placeDep ROOT react-refresh@0.17.0 OK for: @vitejs/plugin-react@4.7.0 want: ^0.17.0
406 silly fetch manifest debug@^4.1.0
407 silly packumentCache full:https://registry.npmjs.org/debug cache-miss
408 silly fetch manifest json5@^2.2.3
409 silly packumentCache full:https://registry.npmjs.org/json5 cache-miss
410 silly fetch manifest semver@^6.3.1
411 silly packumentCache full:https://registry.npmjs.org/semver cache-miss
412 silly fetch manifest gensync@^1.0.0-beta.2
413 silly packumentCache full:https://registry.npmjs.org/gensync cache-miss
414 silly fetch manifest @babel/types@^7.29.7
415 silly packumentCache full:https://registry.npmjs.org/@babel%2ftypes cache-miss
416 silly fetch manifest @babel/parser@^7.29.7
417 silly packumentCache full:https://registry.npmjs.org/@babel%2fparser cache-miss
418 silly fetch manifest @babel/helpers@^7.29.7
419 silly packumentCache full:https://registry.npmjs.org/@babel%2fhelpers cache-miss
420 silly fetch manifest @babel/template@^7.29.7
421 silly packumentCache full:https://registry.npmjs.org/@babel%2ftemplate cache-miss
422 silly fetch manifest @babel/traverse@^7.29.7
423 silly packumentCache full:https://registry.npmjs.org/@babel%2ftraverse cache-miss
424 silly fetch manifest @babel/generator@^7.29.7
425 silly packumentCache full:https://registry.npmjs.org/@babel%2fgenerator cache-miss
426 silly fetch manifest @babel/code-frame@^7.29.7
427 silly packumentCache full:https://registry.npmjs.org/@babel%2fcode-frame cache-miss
428 silly fetch manifest convert-source-map@^2.0.0
429 silly packumentCache full:https://registry.npmjs.org/convert-source-map cache-miss
430 silly fetch manifest @jridgewell/remapping@^2.3.5
431 silly packumentCache full:https://registry.npmjs.org/@jridgewell%2fremapping cache-miss
432 silly fetch manifest @babel/helper-module-transforms@^7.29.7
433 silly packumentCache full:https://registry.npmjs.org/@babel%2fhelper-module-transforms cache-miss
434 silly fetch manifest @babel/helper-compilation-targets@^7.29.7
435 silly packumentCache full:https://registry.npmjs.org/@babel%2fhelper-compilation-targets cache-miss
436 http cache https://registry.npmjs.org/debug 66ms (cache hit)
437 silly packumentCache full:https://registry.npmjs.org/debug set size:195840 disposed:false
438 silly fetch manifest @babel/helper-plugin-utils@^7.29.7
439 silly packumentCache full:https://registry.npmjs.org/@babel%2fhelper-plugin-utils cache-miss
440 http fetch GET 200 https://registry.npmjs.org/gensync 77ms (cache miss)
441 silly packumentCache full:https://registry.npmjs.org/gensync set size:undefined disposed:false
442 silly fetch manifest @babel/helper-plugin-utils@^7.29.7
443 silly packumentCache full:https://registry.npmjs.org/@babel%2fhelper-plugin-utils cache-miss
444 http fetch GET 200 https://registry.npmjs.org/convert-source-map 78ms (cache miss)
445 silly packumentCache full:https://registry.npmjs.org/convert-source-map set size:undefined disposed:false
446 silly fetch manifest @babel/types@^7.20.7
447 silly packumentCache full:https://registry.npmjs.org/@babel%2ftypes cache-miss
448 http fetch GET 200 https://registry.npmjs.org/@babel%2fhelper-module-transforms 92ms (cache miss)
449 silly packumentCache full:https://registry.npmjs.org/@babel%2fhelper-module-transforms set size:undefined disposed:false
450 silly fetch manifest @babel/parser@^7.20.7
451 silly packumentCache full:https://registry.npmjs.org/@babel%2fparser cache-miss
452 http fetch GET 200 https://registry.npmjs.org/json5 101ms (cache miss)
453 silly packumentCache full:https://registry.npmjs.org/json5 set size:undefined disposed:false
454 silly fetch manifest @types/babel__template@*
455 silly packumentCache full:https://registry.npmjs.org/@types%2fbabel__template cache-miss
456 http fetch GET 200 https://registry.npmjs.org/@jridgewell%2fremapping 116ms (cache miss)
457 silly packumentCache full:https://registry.npmjs.org/@jridgewell%2fremapping set size:undefined disposed:false
458 silly fetch manifest @types/babel__traverse@*
459 silly packumentCache full:https://registry.npmjs.org/@types%2fbabel__traverse cache-miss
460 http fetch GET 200 https://registry.npmjs.org/semver 136ms (cache miss)
461 silly packumentCache full:https://registry.npmjs.org/semver set size:undefined disposed:false
462 silly fetch manifest @types/babel__generator@*
463 silly packumentCache full:https://registry.npmjs.org/@types%2fbabel__generator cache-miss
464 http fetch GET 200 https://registry.npmjs.org/@babel%2ftemplate 145ms (cache miss)
465 silly packumentCache full:https://registry.npmjs.org/@babel%2ftemplate set size:undefined disposed:false
466 http fetch GET 200 https://registry.npmjs.org/@babel%2fhelper-compilation-targets 163ms (cache miss)
467 silly packumentCache full:https://registry.npmjs.org/@babel%2fhelper-compilation-targets set size:undefined disposed:false
468 http fetch GET 200 https://registry.npmjs.org/@babel%2fhelper-plugin-utils 115ms (cache miss)
469 silly packumentCache full:https://registry.npmjs.org/@babel%2fhelper-plugin-utils set size:undefined disposed:false
470 http fetch GET 200 https://registry.npmjs.org/@babel%2fhelper-plugin-utils 107ms (cache miss)
471 silly packumentCache full:https://registry.npmjs.org/@babel%2fhelper-plugin-utils set size:undefined disposed:false
472 http fetch GET 200 https://registry.npmjs.org/@babel%2fhelpers 202ms (cache miss)
473 silly packumentCache full:https://registry.npmjs.org/@babel%2fhelpers set size:undefined disposed:false
474 http fetch GET 200 https://registry.npmjs.org/@types%2fbabel__template 112ms (cache miss)
475 silly packumentCache full:https://registry.npmjs.org/@types%2fbabel__template set size:undefined disposed:false
476 http fetch GET 200 https://registry.npmjs.org/@babel%2ftypes 135ms (cache miss)
477 silly packumentCache full:https://registry.npmjs.org/@babel%2ftypes set size:undefined disposed:false
478 http fetch GET 200 https://registry.npmjs.org/@babel%2ftypes 226ms (cache miss)
479 silly packumentCache full:https://registry.npmjs.org/@babel%2ftypes set size:undefined disposed:false
480 http fetch GET 200 https://registry.npmjs.org/@types%2fbabel__traverse 111ms (cache miss)
481 silly packumentCache full:https://registry.npmjs.org/@types%2fbabel__traverse set size:undefined disposed:false
482 http fetch GET 200 https://registry.npmjs.org/@babel%2ftraverse 231ms (cache miss)
483 silly packumentCache full:https://registry.npmjs.org/@babel%2ftraverse set size:undefined disposed:false
484 http fetch GET 200 https://registry.npmjs.org/@types%2fbabel__generator 103ms (cache miss)
485 silly packumentCache full:https://registry.npmjs.org/@types%2fbabel__generator set size:undefined disposed:false
486 http fetch GET 200 https://registry.npmjs.org/@babel%2fparser 245ms (cache miss)
487 silly packumentCache full:https://registry.npmjs.org/@babel%2fparser set size:undefined disposed:false
488 http fetch GET 200 https://registry.npmjs.org/@babel%2fparser 154ms (cache miss)
489 silly packumentCache full:https://registry.npmjs.org/@babel%2fparser set size:undefined disposed:false
490 http fetch GET 200 https://registry.npmjs.org/@babel%2fcode-frame 308ms (cache miss)
491 silly packumentCache full:https://registry.npmjs.org/@babel%2fcode-frame set size:undefined disposed:false
492 http fetch GET 200 https://registry.npmjs.org/@babel%2fgenerator 421ms (cache miss)
493 silly packumentCache full:https://registry.npmjs.org/@babel%2fgenerator set size:undefined disposed:false
494 silly fetch manifest @babel/core@^7.0.0
495 silly packumentCache full:https://registry.npmjs.org/@babel%2fcore cache-miss
496 http cache https://registry.npmjs.org/@babel%2fcore 42ms (cache hit)
497 silly packumentCache full:https://registry.npmjs.org/@babel%2fcore set size:797193 disposed:false
498 silly placeDep ROOT @babel/code-frame@7.29.7 OK for: @babel/core@7.29.7 want: ^7.29.7
499 silly placeDep ROOT @babel/generator@7.29.8 OK for: @babel/core@7.29.7 want: ^7.29.7
500 silly placeDep ROOT @babel/helper-compilation-targets@7.29.7 OK for: @babel/core@7.29.7 want: ^7.29.7
501 silly placeDep ROOT @babel/helper-module-transforms@7.29.7 OK for: @babel/core@7.29.7 want: ^7.29.7
502 silly placeDep ROOT @babel/helpers@7.29.7 OK for: @babel/core@7.29.7 want: ^7.29.7
503 silly placeDep ROOT @babel/parser@7.29.9 OK for: @babel/core@7.29.7 want: ^7.29.7
504 silly placeDep ROOT @babel/template@7.29.7 OK for: @babel/core@7.29.7 want: ^7.29.7
505 silly placeDep ROOT @babel/traverse@7.29.8 OK for: @babel/core@7.29.7 want: ^7.29.7
506 silly placeDep ROOT @babel/types@7.29.8 OK for: @babel/core@7.29.7 want: ^7.29.7
507 silly placeDep ROOT @jridgewell/remapping@2.3.5 OK for: @babel/core@7.29.7 want: ^2.3.5
508 silly placeDep ROOT convert-source-map@2.0.0 OK for: @babel/core@7.29.7 want: ^2.0.0
509 silly placeDep ROOT debug@4.4.3 OK for: @babel/core@7.29.7 want: ^4.1.0
510 silly placeDep ROOT gensync@1.0.0-beta.2 OK for: @babel/core@7.29.7 want: ^1.0.0-beta.2
511 silly placeDep ROOT json5@2.2.3 OK for: @babel/core@7.29.7 want: ^2.2.3
512 silly placeDep ROOT semver@6.3.1 OK for: @babel/core@7.29.7 want: ^6.3.1
513 silly fetch manifest js-tokens@^4.0.0
514 silly packumentCache full:https://registry.npmjs.org/js-tokens cache-miss
515 silly fetch manifest @babel/helper-validator-identifier@^7.29.7
516 silly packumentCache full:https://registry.npmjs.org/@babel%2fhelper-validator-identifier cache-miss
517 silly fetch manifest jsesc@^3.0.2
518 silly packumentCache full:https://registry.npmjs.org/jsesc cache-miss
519 silly fetch manifest @babel/types@^7.29.8
520 silly packumentCache full:https://registry.npmjs.org/@babel%2ftypes cache-miss
521 silly fetch manifest @babel/parser@^7.29.8
522 silly packumentCache full:https://registry.npmjs.org/@babel%2fparser cache-miss
523 silly fetch manifest @jridgewell/gen-mapping@^0.3.12
524 silly packumentCache full:https://registry.npmjs.org/@jridgewell%2fgen-mapping cache-miss
525 silly fetch manifest @jridgewell/trace-mapping@^0.3.28
526 silly packumentCache full:https://registry.npmjs.org/@jridgewell%2ftrace-mapping cache-miss
527 silly fetch manifest lru-cache@^5.1.1
528 silly packumentCache full:https://registry.npmjs.org/lru-cache cache-miss
529 silly fetch manifest browserslist@^4.24.0
530 silly packumentCache full:https://registry.npmjs.org/browserslist cache-miss
531 silly fetch manifest @babel/compat-data@^7.29.7
532 silly packumentCache full:https://registry.npmjs.org/@babel%2fcompat-data cache-miss
533 silly fetch manifest @babel/helper-validator-option@^7.29.7
534 silly packumentCache full:https://registry.npmjs.org/@babel%2fhelper-validator-option cache-miss
535 silly fetch manifest @babel/helper-module-imports@^7.29.7
536 silly packumentCache full:https://registry.npmjs.org/@babel%2fhelper-module-imports cache-miss
537 silly fetch manifest @babel/helper-validator-identifier@^7.29.7
538 silly packumentCache full:https://registry.npmjs.org/@babel%2fhelper-validator-identifier cache-miss
539 silly fetch manifest @babel/types@^7.29.8
540 silly packumentCache full:https://registry.npmjs.org/@babel%2ftypes cache-miss
541 silly fetch manifest debug@^4.3.1
542 silly packumentCache full:https://registry.npmjs.org/debug cache-hit
543 silly fetch manifest @babel/types@^7.29.8
544 silly packumentCache full:https://registry.npmjs.org/@babel%2ftypes cache-miss
545 http cache https://registry.npmjs.org/browserslist 65ms (cache hit)
546 silly packumentCache full:https://registry.npmjs.org/browserslist set size:523370 disposed:false
547 silly fetch manifest @babel/helper-globals@^7.29.7
548 silly packumentCache full:https://registry.npmjs.org/@babel%2fhelper-globals cache-miss
549 http cache https://registry.npmjs.org/@babel%2ftypes 77ms (cache hit)
550 silly packumentCache full:https://registry.npmjs.org/@babel%2ftypes set size:507562 disposed:false
551 silly fetch manifest @babel/helper-string-parser@^7.29.7
552 silly packumentCache full:https://registry.npmjs.org/@babel%2fhelper-string-parser cache-miss
553 http cache https://registry.npmjs.org/@babel%2fparser 82ms (cache hit)
554 silly packumentCache full:https://registry.npmjs.org/@babel%2fparser set size:745724 disposed:false
555 silly fetch manifest @babel/helper-validator-identifier@^7.29.7
556 silly packumentCache full:https://registry.npmjs.org/@babel%2fhelper-validator-identifier cache-miss
557 http cache https://registry.npmjs.org/@babel%2ftypes 80ms (cache hit)
558 silly packumentCache full:https://registry.npmjs.org/@babel%2ftypes set size:507562 disposed:false
559 silly packumentCache full:https://registry.npmjs.org/@babel%2ftypes dispose
560 silly fetch manifest @jridgewell/gen-mapping@^0.3.5
561 silly packumentCache full:https://registry.npmjs.org/@jridgewell%2fgen-mapping cache-miss
562 http cache https://registry.npmjs.org/@babel%2ftypes 93ms (cache hit)
563 silly packumentCache full:https://registry.npmjs.org/@babel%2ftypes set size:507562 disposed:true
564 silly packumentCache full:https://registry.npmjs.org/@babel%2ftypes dispose
565 silly fetch manifest @jridgewell/trace-mapping@^0.3.24
566 silly packumentCache full:https://registry.npmjs.org/@jridgewell%2ftrace-mapping cache-miss
567 http fetch GET 200 https://registry.npmjs.org/jsesc 144ms (cache miss)
568 silly packumentCache full:https://registry.npmjs.org/jsesc set size:undefined disposed:false
569 silly fetch manifest ms@^2.1.3
570 silly packumentCache full:https://registry.npmjs.org/ms cache-miss
571 http fetch GET 200 https://registry.npmjs.org/js-tokens 150ms (cache miss)
572 silly packumentCache full:https://registry.npmjs.org/js-tokens set size:undefined disposed:false
573 http fetch GET 200 https://registry.npmjs.org/@babel%2fhelper-validator-option 151ms (cache miss)
574 silly packumentCache full:https://registry.npmjs.org/@babel%2fhelper-validator-option set size:undefined disposed:false
575 http fetch GET 200 https://registry.npmjs.org/@babel%2fhelper-validator-identifier 157ms (cache miss)
576 silly packumentCache full:https://registry.npmjs.org/@babel%2fhelper-validator-identifier set size:undefined disposed:false
577 http fetch GET 200 https://registry.npmjs.org/@babel%2fhelper-validator-identifier 147ms (cache miss)
578 silly packumentCache full:https://registry.npmjs.org/@babel%2fhelper-validator-identifier set size:undefined disposed:false
579 http fetch GET 200 https://registry.npmjs.org/@jridgewell%2ftrace-mapping 164ms (cache miss)
580 silly packumentCache full:https://registry.npmjs.org/@jridgewell%2ftrace-mapping set size:undefined disposed:false
581 http fetch GET 200 https://registry.npmjs.org/@babel%2fhelper-module-imports 163ms (cache miss)
582 silly packumentCache full:https://registry.npmjs.org/@babel%2fhelper-module-imports set size:undefined disposed:false
583 http fetch GET 200 https://registry.npmjs.org/@babel%2fhelper-globals 97ms (cache miss)
584 silly packumentCache full:https://registry.npmjs.org/@babel%2fhelper-globals set size:undefined disposed:false
585 http fetch GET 200 https://registry.npmjs.org/@babel%2fcompat-data 168ms (cache miss)
586 silly packumentCache full:https://registry.npmjs.org/@babel%2fcompat-data set size:undefined disposed:false
587 http fetch GET 200 https://registry.npmjs.org/@babel%2fhelper-validator-identifier 93ms (cache miss)
588 silly packumentCache full:https://registry.npmjs.org/@babel%2fhelper-validator-identifier set size:undefined disposed:false
589 http fetch GET 200 https://registry.npmjs.org/ms 40ms (cache miss)
590 silly packumentCache full:https://registry.npmjs.org/ms set size:undefined disposed:false
591 http fetch GET 200 https://registry.npmjs.org/@babel%2fhelper-string-parser 126ms (cache miss)
592 silly packumentCache full:https://registry.npmjs.org/@babel%2fhelper-string-parser set size:undefined disposed:false
593 http fetch GET 200 https://registry.npmjs.org/@jridgewell%2fgen-mapping 377ms (cache miss)
594 silly packumentCache full:https://registry.npmjs.org/@jridgewell%2fgen-mapping set size:undefined disposed:false
595 http fetch GET 200 https://registry.npmjs.org/@jridgewell%2fgen-mapping 281ms (cache miss)
596 silly packumentCache full:https://registry.npmjs.org/@jridgewell%2fgen-mapping set size:undefined disposed:false
597 http fetch GET 200 https://registry.npmjs.org/lru-cache 405ms (cache miss)
598 silly packumentCache full:https://registry.npmjs.org/lru-cache set size:undefined disposed:false
599 http fetch GET 200 https://registry.npmjs.org/@jridgewell%2ftrace-mapping 491ms (cache miss)
600 silly packumentCache full:https://registry.npmjs.org/@jridgewell%2ftrace-mapping set size:undefined disposed:false
601 silly placeDep ROOT @babel/helper-validator-identifier@7.29.7 OK for: @babel/code-frame@7.29.7 want: ^7.29.7
602 silly placeDep ROOT js-tokens@4.0.0 OK for: @babel/code-frame@7.29.7 want: ^4.0.0
603 silly placeDep ROOT picocolors@1.1.1 OK for: @babel/code-frame@7.29.7 want: ^1.1.1
604 silly placeDep ROOT @jridgewell/gen-mapping@0.3.13 OK for: @babel/generator@7.29.8 want: ^0.3.12
605 silly placeDep ROOT @jridgewell/trace-mapping@0.3.31 OK for: @babel/generator@7.29.8 want: ^0.3.28
606 silly placeDep ROOT jsesc@3.1.0 OK for: @babel/generator@7.29.8 want: ^3.0.2
607 silly fetch manifest @jridgewell/sourcemap-codec@^1.5.0
608 silly packumentCache full:https://registry.npmjs.org/@jridgewell%2fsourcemap-codec cache-miss
609 silly fetch manifest @jridgewell/resolve-uri@^3.1.0
610 silly packumentCache full:https://registry.npmjs.org/@jridgewell%2fresolve-uri cache-miss
611 silly fetch manifest @jridgewell/sourcemap-codec@^1.4.14
612 silly packumentCache full:https://registry.npmjs.org/@jridgewell%2fsourcemap-codec cache-miss
613 http fetch GET 200 https://registry.npmjs.org/@jridgewell%2fresolve-uri 85ms (cache miss)
614 silly packumentCache full:https://registry.npmjs.org/@jridgewell%2fresolve-uri set size:undefined disposed:false
615 http fetch GET 200 https://registry.npmjs.org/@jridgewell%2fsourcemap-codec 86ms (cache miss)
616 silly packumentCache full:https://registry.npmjs.org/@jridgewell%2fsourcemap-codec set size:undefined disposed:false
617 http fetch GET 200 https://registry.npmjs.org/@jridgewell%2fsourcemap-codec 95ms (cache miss)
618 silly packumentCache full:https://registry.npmjs.org/@jridgewell%2fsourcemap-codec set size:undefined disposed:false
619 silly placeDep ROOT @babel/compat-data@7.29.7 OK for: @babel/helper-compilation-targets@7.29.7 want: ^7.29.7
620 silly placeDep ROOT @babel/helper-validator-option@7.29.7 OK for: @babel/helper-compilation-targets@7.29.7 want: ^7.29.7
621 silly placeDep ROOT browserslist@4.29.0 OK for: @babel/helper-compilation-targets@7.29.7 want: ^4.24.0
622 silly placeDep ROOT lru-cache@5.1.1 OK for: @babel/helper-compilation-targets@7.29.7 want: ^5.1.1
623 silly fetch manifest node-releases@^2.0.55
624 silly packumentCache full:https://registry.npmjs.org/node-releases cache-miss
625 silly fetch manifest electron-to-chromium@^1.5.427
626 silly packumentCache full:https://registry.npmjs.org/electron-to-chromium cache-miss
627 silly fetch manifest update-browserslist-db@^1.3.3
628 silly packumentCache full:https://registry.npmjs.org/update-browserslist-db cache-miss
629 silly fetch manifest baseline-browser-mapping@^2.11.23
630 silly packumentCache full:https://registry.npmjs.org/baseline-browser-mapping cache-miss
631 silly fetch manifest yallist@^3.0.2
632 silly packumentCache full:https://registry.npmjs.org/yallist cache-miss
633 http fetch GET 200 https://registry.npmjs.org/yallist 81ms (cache miss)
634 silly packumentCache full:https://registry.npmjs.org/yallist set size:undefined disposed:false
635 http fetch GET 200 https://registry.npmjs.org/update-browserslist-db 88ms (cache miss)
636 silly packumentCache full:https://registry.npmjs.org/update-browserslist-db set size:undefined disposed:false
637 http fetch GET 200 https://registry.npmjs.org/node-releases 120ms (cache miss)
638 silly packumentCache full:https://registry.npmjs.org/node-releases set size:undefined disposed:false
639 http fetch GET 200 https://registry.npmjs.org/baseline-browser-mapping 133ms (cache miss)
640 silly packumentCache full:https://registry.npmjs.org/baseline-browser-mapping set size:undefined disposed:false
641 http fetch GET 200 https://registry.npmjs.org/electron-to-chromium 345ms (cache miss)
642 silly packumentCache full:https://registry.npmjs.org/electron-to-chromium set size:undefined disposed:false
643 silly placeDep ROOT @babel/helper-module-imports@7.29.7 OK for: @babel/helper-module-transforms@7.29.7 want: ^7.29.7
644 silly placeDep ROOT @babel/helper-plugin-utils@7.29.7 OK for: @babel/plugin-transform-react-jsx-self@7.29.7 want: ^7.29.7
645 silly placeDep ROOT @babel/helper-globals@7.29.7 OK for: @babel/traverse@7.29.8 want: ^7.29.7
646 silly placeDep ROOT @babel/helper-string-parser@7.29.7 OK for: @babel/types@7.29.8 want: ^7.29.7
647 silly placeDep ROOT @jridgewell/sourcemap-codec@1.6.0 OK for: @jridgewell/gen-mapping@0.3.13 want: ^1.5.0
648 silly placeDep ROOT @jridgewell/resolve-uri@3.1.2 OK for: @jridgewell/trace-mapping@0.3.31 want: ^3.1.0
649 silly placeDep ROOT @types/babel__generator@7.27.0 OK for: @types/babel__core@7.20.5 want: *
650 silly placeDep ROOT @types/babel__template@7.4.4 OK for: @types/babel__core@7.20.5 want: *
651 silly placeDep ROOT @types/babel__traverse@7.28.0 OK for: @types/babel__core@7.20.5 want: *
652 silly placeDep ROOT caniuse-lite@1.0.30001810 OK for: autoprefixer@10.6.1 want: ^1.0.30001810
653 silly placeDep ROOT fraction.js@5.3.4 OK for: autoprefixer@10.6.1 want: ^5.3.4
654 silly placeDep ROOT postcss-value-parser@4.2.0 OK for: autoprefixer@10.6.1 want: ^4.2.0
655 silly fetch manifest browserslist@>= 4.21.0
656 silly packumentCache full:https://registry.npmjs.org/browserslist cache-hit
657 silly placeDep ROOT baseline-browser-mapping@2.11.25 OK for: browserslist@4.29.0 want: ^2.11.23
658 silly placeDep ROOT electron-to-chromium@1.5.438 OK for: browserslist@4.29.0 want: ^1.5.427
659 silly placeDep ROOT node-releases@2.0.57 OK for: browserslist@4.29.0 want: ^2.0.55
660 silly placeDep ROOT update-browserslist-db@1.3.3 OK for: browserslist@4.29.0 want: ^1.3.3
661 silly fetch manifest escalade@^3.2.0
662 silly packumentCache full:https://registry.npmjs.org/escalade cache-miss
663 http fetch GET 200 https://registry.npmjs.org/escalade 318ms (cache miss)
664 silly packumentCache full:https://registry.npmjs.org/escalade set size:undefined disposed:false
665 silly placeDep ROOT ms@2.1.3 OK for: debug@4.4.3 want: ^2.1.3
666 silly placeDep ROOT accepts@1.3.8 OK for: express@4.22.3 want: ~1.3.8
667 silly placeDep ROOT array-flatten@1.1.1 OK for: express@4.22.3 want: 1.1.1
668 silly placeDep ROOT body-parser@1.20.8 OK for: express@4.22.3 want: ~1.20.5
669 silly placeDep ROOT content-disposition@0.5.4 OK for: express@4.22.3 want: ~0.5.4
670 silly placeDep ROOT content-type@1.0.5 OK for: express@4.22.3 want: ~1.0.4
671 silly placeDep ROOT cookie@0.7.2 OK for: express@4.22.3 want: ~0.7.1
672 silly placeDep ROOT cookie-signature@1.0.7 OK for: express@4.22.3 want: ~1.0.6
673 silly placeDep node_modules/express debug@2.6.9 OK for: express@4.22.3 want: 2.6.9
674 silly placeDep ROOT depd@2.0.0 OK for: express@4.22.3 want: 2.0.0
675 silly placeDep ROOT encodeurl@2.0.0 OK for: express@4.22.3 want: ~2.0.0
676 silly placeDep ROOT escape-html@1.0.3 OK for: express@4.22.3 want: ~1.0.3
677 silly placeDep ROOT etag@1.8.1 OK for: express@4.22.3 want: ~1.8.1
678 silly placeDep ROOT finalhandler@1.3.2 OK for: express@4.22.3 want: ~1.3.1
679 silly placeDep ROOT fresh@0.5.2 OK for: express@4.22.3 want: ~0.5.2
680 silly placeDep ROOT http-errors@2.0.1 OK for: express@4.22.3 want: ~2.0.0
681 silly placeDep ROOT merge-descriptors@1.0.3 OK for: express@4.22.3 want: 1.0.3
682 silly placeDep ROOT methods@1.1.2 OK for: express@4.22.3 want: ~1.1.2
683 silly placeDep ROOT on-finished@2.4.1 OK for: express@4.22.3 want: ~2.4.1
684 silly placeDep ROOT parseurl@1.3.3 OK for: express@4.22.3 want: ~1.3.3
685 silly placeDep ROOT path-to-regexp@0.1.13 OK for: express@4.22.3 want: ~0.1.13
686 silly placeDep ROOT proxy-addr@2.0.8 OK for: express@4.22.3 want: ~2.0.7
687 silly placeDep ROOT qs@6.16.0 OK for: express@4.22.3 want: ~6.16.0
688 silly placeDep ROOT range-parser@1.2.1 OK for: express@4.22.3 want: ~1.2.1
689 silly placeDep ROOT safe-buffer@5.2.1 OK for: express@4.22.3 want: 5.2.1
690 silly placeDep ROOT send@0.19.2 OK for: express@4.22.3 want: ~0.19.0
691 silly placeDep ROOT serve-static@1.16.3 OK for: express@4.22.3 want: ~1.16.2
692 silly placeDep ROOT setprototypeof@1.2.0 OK for: express@4.22.3 want: 1.2.0
693 silly placeDep ROOT statuses@2.0.2 OK for: express@4.22.3 want: ~2.0.1
694 silly placeDep ROOT type-is@1.6.18 OK for: express@4.22.3 want: ~1.6.18
695 silly placeDep ROOT utils-merge@1.0.1 OK for: express@4.22.3 want: 1.0.1
696 silly placeDep ROOT vary@1.1.2 OK for: express@4.22.3 want: ~1.1.2
697 silly fetch manifest mime-types@~2.1.34
698 silly packumentCache full:https://registry.npmjs.org/mime-types cache-miss
699 silly fetch manifest negotiator@0.6.3
700 silly packumentCache full:https://registry.npmjs.org/negotiator cache-miss
701 silly fetch manifest bytes@~3.1.2
702 silly packumentCache full:https://registry.npmjs.org/bytes cache-miss
703 silly fetch manifest unpipe@~1.0.0
704 silly packumentCache full:https://registry.npmjs.org/unpipe cache-miss
705 silly fetch manifest destroy@~1.2.0
706 silly packumentCache full:https://registry.npmjs.org/destroy cache-miss
707 silly fetch manifest raw-body@~2.5.3
708 silly packumentCache full:https://registry.npmjs.org/raw-body cache-miss
709 silly fetch manifest iconv-lite@~0.4.24
710 silly packumentCache full:https://registry.npmjs.org/iconv-lite cache-miss
711 silly fetch manifest http-errors@~2.0.1
712 silly packumentCache full:https://registry.npmjs.org/http-errors cache-miss
713 silly fetch manifest content-type@~1.0.5
714 silly packumentCache full:https://registry.npmjs.org/content-type cache-miss
715 silly fetch manifest ms@2.0.0
716 silly packumentCache full:https://registry.npmjs.org/ms cache-miss
717 silly fetch manifest unpipe@~1.0.0
718 silly packumentCache full:https://registry.npmjs.org/unpipe cache-miss
719 silly fetch manifest statuses@~2.0.2
720 silly packumentCache full:https://registry.npmjs.org/statuses cache-miss
721 silly fetch manifest inherits@~2.0.4
722 silly packumentCache full:https://registry.npmjs.org/inherits cache-miss
723 silly fetch manifest setprototypeof@~1.2.0
724 silly packumentCache full:https://registry.npmjs.org/setprototypeof cache-miss
725 silly fetch manifest statuses@~2.0.2
726 silly packumentCache full:https://registry.npmjs.org/statuses cache-miss
727 http cache https://registry.npmjs.org/ms 57ms (cache hit)
728 silly packumentCache full:https://registry.npmjs.org/ms set size:92208 disposed:false
729 silly fetch manifest toidentifier@~1.0.1
730 silly packumentCache full:https://registry.npmjs.org/toidentifier cache-miss
731 http cache https://registry.npmjs.org/content-type 62ms (cache hit)
732 silly packumentCache full:https://registry.npmjs.org/content-type set size:29578 disposed:false
733 silly fetch manifest ee-first@1.1.1
734 silly packumentCache full:https://registry.npmjs.org/ee-first cache-miss
735 http cache https://registry.npmjs.org/http-errors 65ms (cache hit)
736 silly packumentCache full:https://registry.npmjs.org/http-errors set size:71987 disposed:false
737 silly fetch manifest forwarded@0.2.0
738 silly packumentCache full:https://registry.npmjs.org/forwarded cache-miss
739 http cache https://registry.npmjs.org/setprototypeof 63ms (cache hit)
740 silly packumentCache full:https://registry.npmjs.org/setprototypeof set size:14532 disposed:false
741 silly fetch manifest ipaddr.js@1.9.1
742 silly packumentCache full:https://registry.npmjs.org/ipaddr.js cache-miss
743 http cache https://registry.npmjs.org/statuses 69ms (cache hit)
744 silly packumentCache full:https://registry.npmjs.org/statuses set size:37117 disposed:false
745 silly fetch manifest side-channel@^1.1.1
746 silly packumentCache full:https://registry.npmjs.org/side-channel cache-miss
747 http cache https://registry.npmjs.org/statuses 77ms (cache hit)
748 silly packumentCache full:https://registry.npmjs.org/statuses set size:37117 disposed:false
749 silly packumentCache full:https://registry.npmjs.org/statuses dispose
750 silly fetch manifest es-define-property@^1.0.1
751 silly packumentCache full:https://registry.npmjs.org/es-define-property cache-miss
752 http fetch GET 200 https://registry.npmjs.org/unpipe 92ms (cache miss)
753 silly packumentCache full:https://registry.npmjs.org/unpipe set size:undefined disposed:false
754 silly fetch manifest mime@1.6.0
755 silly packumentCache full:https://registry.npmjs.org/mime cache-miss
756 http fetch GET 200 https://registry.npmjs.org/bytes 95ms (cache miss)
757 silly packumentCache full:https://registry.npmjs.org/bytes set size:undefined disposed:false
758 silly fetch manifest destroy@1.2.0
759 silly packumentCache full:https://registry.npmjs.org/destroy cache-miss
760 http fetch GET 200 https://registry.npmjs.org/destroy 96ms (cache miss)
761 silly packumentCache full:https://registry.npmjs.org/destroy set size:undefined disposed:false
762 silly fetch manifest mime-types@~2.1.24
763 silly packumentCache full:https://registry.npmjs.org/mime-types cache-miss
764 http fetch GET 200 https://registry.npmjs.org/unpipe 102ms (cache miss)
765 silly packumentCache full:https://registry.npmjs.org/unpipe set size:undefined disposed:false
766 silly fetch manifest media-typer@0.3.0
767 silly packumentCache full:https://registry.npmjs.org/media-typer cache-miss
768 http fetch GET 200 https://registry.npmjs.org/inherits 104ms (cache miss)
769 silly packumentCache full:https://registry.npmjs.org/inherits set size:undefined disposed:false
770 http fetch GET 200 https://registry.npmjs.org/mime-types 118ms (cache miss)
771 silly packumentCache full:https://registry.npmjs.org/mime-types set size:undefined disposed:false
772 http fetch GET 200 https://registry.npmjs.org/iconv-lite 118ms (cache miss)
773 silly packumentCache full:https://registry.npmjs.org/iconv-lite set size:undefined disposed:false
774 http cache https://registry.npmjs.org/destroy 32ms (cache hit)
775 silly packumentCache full:https://registry.npmjs.org/destroy set size:15738 disposed:false
776 http fetch GET 200 https://registry.npmjs.org/es-define-property 45ms (cache miss)
777 silly packumentCache full:https://registry.npmjs.org/es-define-property set size:undefined disposed:false
778 http fetch GET 200 https://registry.npmjs.org/negotiator 138ms (cache miss)
779 silly packumentCache full:https://registry.npmjs.org/negotiator set size:undefined disposed:false
780 http fetch GET 200 https://registry.npmjs.org/toidentifier 90ms (cache miss)
781 silly packumentCache full:https://registry.npmjs.org/toidentifier set size:undefined disposed:false
782 http fetch GET 200 https://registry.npmjs.org/mime-types 57ms (cache miss)
783 silly packumentCache full:https://registry.npmjs.org/mime-types set size:undefined disposed:false
784 http fetch GET 200 https://registry.npmjs.org/forwarded 91ms (cache miss)
785 silly packumentCache full:https://registry.npmjs.org/forwarded set size:undefined disposed:false
786 http fetch GET 200 https://registry.npmjs.org/mime 66ms (cache miss)
787 silly packumentCache full:https://registry.npmjs.org/mime set size:undefined disposed:false
788 http fetch GET 200 https://registry.npmjs.org/raw-body 162ms (cache miss)
789 silly packumentCache full:https://registry.npmjs.org/raw-body set size:undefined disposed:false
790 http fetch GET 200 https://registry.npmjs.org/ee-first 101ms (cache miss)
791 silly packumentCache full:https://registry.npmjs.org/ee-first set size:undefined disposed:false
792 http fetch GET 200 https://registry.npmjs.org/side-channel 95ms (cache miss)
793 silly packumentCache full:https://registry.npmjs.org/side-channel set size:undefined disposed:false
794 http fetch GET 200 https://registry.npmjs.org/ipaddr.js 102ms (cache miss)
795 silly packumentCache full:https://registry.npmjs.org/ipaddr.js set size:undefined disposed:false
796 http fetch GET 200 https://registry.npmjs.org/media-typer 308ms (cache miss)
797 silly packumentCache full:https://registry.npmjs.org/media-typer set size:undefined disposed:false
798 silly placeDep ROOT mime-types@2.1.35 OK for: accepts@1.3.8 want: ~2.1.34
799 silly placeDep ROOT negotiator@0.6.3 OK for: accepts@1.3.8 want: 0.6.3
800 silly fetch manifest mime-db@1.52.0
801 silly packumentCache full:https://registry.npmjs.org/mime-db cache-miss
802 http fetch GET 200 https://registry.npmjs.org/mime-db 77ms (cache miss)
803 silly packumentCache full:https://registry.npmjs.org/mime-db set size:undefined disposed:false
804 silly placeDep ROOT bytes@3.1.2 OK for: body-parser@1.20.8 want: ~3.1.2
805 silly placeDep node_modules/body-parser debug@2.6.9 OK for: body-parser@1.20.8 want: 2.6.9
806 silly placeDep ROOT destroy@1.2.0 OK for: body-parser@1.20.8 want: ~1.2.0
807 silly placeDep ROOT iconv-lite@0.4.24 OK for: body-parser@1.20.8 want: ~0.4.24
808 silly placeDep ROOT raw-body@2.5.3 OK for: body-parser@1.20.8 want: ~2.5.3
809 silly placeDep ROOT unpipe@1.0.0 OK for: body-parser@1.20.8 want: ~1.0.0
810 silly fetch manifest safer-buffer@>= 2.1.2 < 3
811 silly packumentCache full:https://registry.npmjs.org/safer-buffer cache-miss
812 http fetch GET 200 https://registry.npmjs.org/safer-buffer 72ms (cache miss)
813 silly packumentCache full:https://registry.npmjs.org/safer-buffer set size:undefined disposed:false
814 silly placeDep node_modules/finalhandler debug@2.6.9 OK for: finalhandler@1.3.2 want: 2.6.9
815 silly placeDep ROOT inherits@2.0.4 OK for: http-errors@2.0.1 want: ~2.0.4
816 silly placeDep ROOT toidentifier@1.0.1 OK for: http-errors@2.0.1 want: ~1.0.1
817 silly placeDep ROOT safer-buffer@2.1.2 OK for: iconv-lite@0.4.24 want: >= 2.1.2 < 3
818 silly placeDep ROOT yallist@3.1.1 OK for: lru-cache@5.1.1 want: ^3.0.2
819 silly placeDep ROOT mime-db@1.52.0 OK for: mime-types@2.1.35 want: 1.52.0
820 silly placeDep ROOT ee-first@1.1.1 OK for: on-finished@2.4.1 want: 1.1.1
821 silly placeDep ROOT nanoid@3.3.19 OK for: postcss@8.5.28 want: ^3.3.18
822 silly placeDep ROOT source-map-js@1.2.1 OK for: postcss@8.5.28 want: ^1.2.1
823 silly placeDep ROOT forwarded@0.2.0 OK for: proxy-addr@2.0.8 want: 0.2.0
824 silly placeDep ROOT ipaddr.js@1.9.1 OK for: proxy-addr@2.0.8 want: 1.9.1
825 silly placeDep ROOT es-define-property@1.0.1 OK for: qs@6.16.0 want: ^1.0.1
826 silly placeDep ROOT side-channel@1.1.1 OK for: qs@6.16.0 want: ^1.1.1
827 silly fetch manifest es-errors@^1.3.0
828 silly packumentCache full:https://registry.npmjs.org/es-errors cache-miss
829 silly fetch manifest object-inspect@^1.13.4
830 silly packumentCache full:https://registry.npmjs.org/object-inspect cache-miss
831 silly fetch manifest side-channel-list@^1.0.1
832 silly packumentCache full:https://registry.npmjs.org/side-channel-list cache-miss
833 silly fetch manifest side-channel-map@^1.0.1
834 silly packumentCache full:https://registry.npmjs.org/side-channel-map cache-miss
835 silly fetch manifest side-channel-weakmap@^1.0.2
836 silly packumentCache full:https://registry.npmjs.org/side-channel-weakmap cache-miss
837 http fetch GET 200 https://registry.npmjs.org/side-channel-map 35ms (cache miss)
838 silly packumentCache full:https://registry.npmjs.org/side-channel-map set size:undefined disposed:false
839 http fetch GET 200 https://registry.npmjs.org/es-errors 75ms (cache miss)
840 silly packumentCache full:https://registry.npmjs.org/es-errors set size:undefined disposed:false
841 http fetch GET 200 https://registry.npmjs.org/side-channel-weakmap 77ms (cache miss)
842 silly packumentCache full:https://registry.npmjs.org/side-channel-weakmap set size:undefined disposed:false
843 http fetch GET 200 https://registry.npmjs.org/object-inspect 86ms (cache miss)
844 silly packumentCache full:https://registry.npmjs.org/object-inspect set size:undefined disposed:false
845 http fetch GET 200 https://registry.npmjs.org/side-channel-list 95ms (cache miss)
846 silly packumentCache full:https://registry.npmjs.org/side-channel-list set size:undefined disposed:false
847 silly placeDep ROOT loose-envify@1.4.0 OK for: react@18.3.1 want: ^1.1.0
848 silly placeDep ROOT scheduler@0.23.2 OK for: react-dom@18.3.1 want: ^0.23.2
849 silly placeDep node_modules/send debug@2.6.9 OK for: send@0.19.2 want: 2.6.9
850 silly placeDep ROOT mime@1.6.0 OK for: send@0.19.2 want: 1.6.0
851 silly placeDep ROOT es-errors@1.3.0 OK for: side-channel@1.1.1 want: ^1.3.0
852 silly placeDep ROOT object-inspect@1.13.4 OK for: side-channel@1.1.1 want: ^1.13.4
853 silly placeDep ROOT side-channel-list@1.0.1 OK for: side-channel@1.1.1 want: ^1.0.1
854 silly placeDep ROOT side-channel-map@1.0.1 OK for: side-channel@1.1.1 want: ^1.0.1
855 silly placeDep ROOT side-channel-weakmap@1.0.2 OK for: side-channel@1.1.1 want: ^1.0.2
856 silly fetch manifest call-bound@^1.0.2
857 silly packumentCache full:https://registry.npmjs.org/call-bound cache-miss
858 silly fetch manifest get-intrinsic@^1.2.5
859 silly packumentCache full:https://registry.npmjs.org/get-intrinsic cache-miss
860 silly fetch manifest call-bound@^1.0.2
861 silly packumentCache full:https://registry.npmjs.org/call-bound cache-miss
862 silly fetch manifest get-intrinsic@^1.2.5
863 silly packumentCache full:https://registry.npmjs.org/get-intrinsic cache-miss
864 http fetch GET 200 https://registry.npmjs.org/call-bound 35ms (cache miss)
865 silly packumentCache full:https://registry.npmjs.org/call-bound set size:undefined disposed:false
866 http fetch GET 200 https://registry.npmjs.org/call-bound 40ms (cache miss)
867 silly packumentCache full:https://registry.npmjs.org/call-bound set size:undefined disposed:false
868 http fetch GET 200 https://registry.npmjs.org/get-intrinsic 80ms (cache miss)
869 silly packumentCache full:https://registry.npmjs.org/get-intrinsic set size:undefined disposed:false
870 http fetch GET 200 https://registry.npmjs.org/get-intrinsic 113ms (cache miss)
871 silly packumentCache full:https://registry.npmjs.org/get-intrinsic set size:undefined disposed:false
872 silly placeDep ROOT call-bound@1.0.4 OK for: side-channel-map@1.0.1 want: ^1.0.2
873 silly placeDep ROOT get-intrinsic@1.3.0 OK for: side-channel-map@1.0.1 want: ^1.2.5
874 silly fetch manifest call-bind-apply-helpers@^1.0.2
875 silly packumentCache full:https://registry.npmjs.org/call-bind-apply-helpers cache-miss
876 silly fetch manifest get-intrinsic@^1.3.0
877 silly packumentCache full:https://registry.npmjs.org/get-intrinsic cache-miss
878 silly fetch manifest gopd@^1.2.0
879 silly packumentCache full:https://registry.npmjs.org/gopd cache-miss
880 silly fetch manifest hasown@^2.0.2
881 silly packumentCache full:https://registry.npmjs.org/hasown cache-miss
882 silly fetch manifest get-proto@^1.0.1
883 silly packumentCache full:https://registry.npmjs.org/get-proto cache-miss
884 silly fetch manifest has-symbols@^1.1.0
885 silly packumentCache full:https://registry.npmjs.org/has-symbols cache-miss
886 silly fetch manifest function-bind@^1.1.2
887 silly packumentCache full:https://registry.npmjs.org/function-bind cache-miss
888 silly fetch manifest es-object-atoms@^1.1.1
889 silly packumentCache full:https://registry.npmjs.org/es-object-atoms cache-miss
890 silly fetch manifest math-intrinsics@^1.1.0
891 silly packumentCache full:https://registry.npmjs.org/math-intrinsics cache-miss
892 silly fetch manifest call-bind-apply-helpers@^1.0.2
893 silly packumentCache full:https://registry.npmjs.org/call-bind-apply-helpers cache-miss
894 http cache https://registry.npmjs.org/get-intrinsic 48ms (cache hit)
895 silly packumentCache full:https://registry.npmjs.org/get-intrinsic set size:60985 disposed:false
896 http fetch GET 200 https://registry.npmjs.org/get-proto 54ms (cache miss)
897 silly packumentCache full:https://registry.npmjs.org/get-proto set size:undefined disposed:false
898 http fetch GET 200 https://registry.npmjs.org/es-object-atoms 54ms (cache miss)
899 silly packumentCache full:https://registry.npmjs.org/es-object-atoms set size:undefined disposed:false
900 http fetch GET 200 https://registry.npmjs.org/math-intrinsics 79ms (cache miss)
901 silly packumentCache full:https://registry.npmjs.org/math-intrinsics set size:undefined disposed:false
902 http fetch GET 200 https://registry.npmjs.org/function-bind 83ms (cache miss)
903 silly packumentCache full:https://registry.npmjs.org/function-bind set size:undefined disposed:false
904 http fetch GET 200 https://registry.npmjs.org/call-bind-apply-helpers 84ms (cache miss)
905 silly packumentCache full:https://registry.npmjs.org/call-bind-apply-helpers set size:undefined disposed:false
906 http fetch GET 200 https://registry.npmjs.org/hasown 86ms (cache miss)
907 silly packumentCache full:https://registry.npmjs.org/hasown set size:undefined disposed:false
908 http fetch GET 200 https://registry.npmjs.org/call-bind-apply-helpers 89ms (cache miss)
909 silly packumentCache full:https://registry.npmjs.org/call-bind-apply-helpers set size:undefined disposed:false
910 http fetch GET 200 https://registry.npmjs.org/has-symbols 88ms (cache miss)
911 silly packumentCache full:https://registry.npmjs.org/has-symbols set size:undefined disposed:false
912 http fetch GET 200 https://registry.npmjs.org/gopd 91ms (cache miss)
913 silly packumentCache full:https://registry.npmjs.org/gopd set size:undefined disposed:false
914 silly placeDep ROOT call-bind-apply-helpers@1.0.2 OK for: call-bound@1.0.4 want: ^1.0.2
915 silly placeDep ROOT function-bind@1.1.2 OK for: call-bind-apply-helpers@1.0.2 want: ^1.1.2
916 silly placeDep ROOT es-object-atoms@1.1.2 OK for: get-intrinsic@1.3.0 want: ^1.1.1
917 silly placeDep ROOT get-proto@1.0.1 OK for: get-intrinsic@1.3.0 want: ^1.0.1
918 silly placeDep ROOT gopd@1.2.0 OK for: get-intrinsic@1.3.0 want: ^1.2.0
919 silly placeDep ROOT has-symbols@1.1.0 OK for: get-intrinsic@1.3.0 want: ^1.1.0
920 silly placeDep ROOT hasown@2.0.4 OK for: get-intrinsic@1.3.0 want: ^2.0.2
921 silly placeDep ROOT math-intrinsics@1.1.0 OK for: get-intrinsic@1.3.0 want: ^1.1.0
922 silly fetch manifest dunder-proto@^1.0.1
923 silly packumentCache full:https://registry.npmjs.org/dunder-proto cache-miss
924 http fetch GET 200 https://registry.npmjs.org/dunder-proto 73ms (cache miss)
925 silly packumentCache full:https://registry.npmjs.org/dunder-proto set size:undefined disposed:false
926 silly placeDep ROOT dunder-proto@1.0.1 OK for: get-proto@1.0.1 want: ^1.0.1
927 silly fetch manifest postcss@^8.4.47
928 silly packumentCache full:https://registry.npmjs.org/postcss cache-hit
929 silly placeDep ROOT @alloc/quick-lru@5.3.0 OK for: tailwindcss@3.4.19 want: ^5.2.0
930 silly placeDep ROOT arg@5.0.2 OK for: tailwindcss@3.4.19 want: ^5.0.2
931 silly placeDep ROOT chokidar@3.6.0 OK for: tailwindcss@3.4.19 want: ^3.6.0
932 silly placeDep ROOT didyoumean@1.2.2 OK for: tailwindcss@3.4.19 want: ^1.2.2
933 silly placeDep ROOT dlv@1.1.3 OK for: tailwindcss@3.4.19 want: ^1.1.3
934 silly placeDep ROOT fast-glob@3.3.3 OK for: tailwindcss@3.4.19 want: ^3.3.2
935 silly placeDep ROOT glob-parent@6.0.2 OK for: tailwindcss@3.4.19 want: ^6.0.2
936 silly placeDep ROOT is-glob@4.0.3 OK for: tailwindcss@3.4.19 want: ^4.0.3
937 silly placeDep ROOT jiti@1.21.7 OK for: tailwindcss@3.4.19 want: ^1.21.7
938 silly placeDep ROOT lilconfig@3.1.3 OK for: tailwindcss@3.4.19 want: ^3.1.3
939 silly placeDep ROOT micromatch@4.0.8 OK for: tailwindcss@3.4.19 want: ^4.0.8
940 silly placeDep ROOT normalize-path@3.0.0 OK for: tailwindcss@3.4.19 want: ^3.0.0
941 silly placeDep ROOT object-hash@3.0.0 OK for: tailwindcss@3.4.19 want: ^3.0.0
942 silly placeDep ROOT postcss-import@15.1.0 OK for: tailwindcss@3.4.19 want: ^15.1.0
943 silly placeDep ROOT postcss-js@4.1.0 OK for: tailwindcss@3.4.19 want: ^4.0.1
944 silly placeDep ROOT postcss-load-config@6.0.1 OK for: tailwindcss@3.4.19 want: ^4.0.2 || ^5.0 || ^6.0
945 silly placeDep ROOT postcss-nested@6.2.0 OK for: tailwindcss@3.4.19 want: ^6.2.0
946 silly placeDep ROOT postcss-selector-parser@6.1.4 OK for: tailwindcss@3.4.19 want: ^6.1.2
947 silly placeDep ROOT resolve@1.22.12 OK for: tailwindcss@3.4.19 want: ^1.22.8
948 silly placeDep ROOT sucrase@3.35.1 OK for: tailwindcss@3.4.19 want: ^3.35.0
949 silly fetch manifest braces@~3.0.2
950 silly packumentCache full:https://registry.npmjs.org/braces cache-miss
951 silly fetch manifest is-glob@~4.0.1
952 silly packumentCache full:https://registry.npmjs.org/is-glob cache-miss
953 silly fetch manifest anymatch@~3.1.2
954 silly packumentCache full:https://registry.npmjs.org/anymatch cache-miss
955 silly fetch manifest readdirp@~3.6.0
956 silly packumentCache full:https://registry.npmjs.org/readdirp cache-miss
957 silly fetch manifest glob-parent@~5.1.2
958 silly packumentCache full:https://registry.npmjs.org/glob-parent cache-miss
959 silly fetch manifest is-binary-path@~2.1.0
960 silly packumentCache full:https://registry.npmjs.org/is-binary-path cache-miss
961 silly fetch manifest normalize-path@~3.0.0
962 silly packumentCache full:https://registry.npmjs.org/normalize-path cache-miss
963 silly fetch manifest fsevents@~2.3.2
964 silly packumentCache full:https://registry.npmjs.org/fsevents cache-miss
965 silly fetch manifest @nodelib/fs.stat@^2.0.2
966 silly packumentCache full:https://registry.npmjs.org/@nodelib%2ffs.stat cache-miss
967 silly fetch manifest @nodelib/fs.walk@^1.2.3
968 silly packumentCache full:https://registry.npmjs.org/@nodelib%2ffs.walk cache-miss
969 silly fetch manifest glob-parent@^5.1.2
970 silly packumentCache full:https://registry.npmjs.org/glob-parent cache-miss
971 silly fetch manifest merge2@^1.3.0
972 silly packumentCache full:https://registry.npmjs.org/merge2 cache-miss
973 silly fetch manifest is-extglob@^2.1.1
974 silly packumentCache full:https://registry.npmjs.org/is-extglob cache-miss
975 silly fetch manifest braces@^3.0.3
976 silly packumentCache full:https://registry.npmjs.org/braces cache-miss
977 silly fetch manifest picomatch@^2.3.1
978 silly packumentCache full:https://registry.npmjs.org/picomatch cache-miss
979 http cache https://registry.npmjs.org/normalize-path 25ms (cache hit)
980 silly packumentCache full:https://registry.npmjs.org/normalize-path set size:28713 disposed:false
981 silly fetch manifest resolve@^1.1.7
982 silly packumentCache full:https://registry.npmjs.org/resolve cache-miss
983 http cache https://registry.npmjs.org/is-glob 29ms (cache hit)
984 silly packumentCache full:https://registry.npmjs.org/is-glob set size:40530 disposed:false
985 silly fetch manifest read-cache@^1.0.0
986 silly packumentCache full:https://registry.npmjs.org/read-cache cache-miss
987 http cache https://registry.npmjs.org/glob-parent 28ms (cache hit)
988 silly packumentCache full:https://registry.npmjs.org/glob-parent set size:42445 disposed:false
989 silly fetch manifest camelcase-css@^2.0.1
990 silly packumentCache full:https://registry.npmjs.org/camelcase-css cache-miss
991 http cache https://registry.npmjs.org/picomatch 31ms (cache hit)
992 silly packumentCache full:https://registry.npmjs.org/picomatch set size:134451 disposed:false
993 silly fetch manifest postcss-selector-parser@^6.1.1
994 silly packumentCache full:https://registry.npmjs.org/postcss-selector-parser cache-miss
995 http cache https://registry.npmjs.org/fsevents 42ms (cache hit)
996 silly packumentCache full:https://registry.npmjs.org/fsevents set size:182472 disposed:false
997 silly fetch manifest cssesc@^3.0.0
998 silly packumentCache full:https://registry.npmjs.org/cssesc cache-miss
999 http cache https://registry.npmjs.org/glob-parent 50ms (cache hit)
1000 silly packumentCache full:https://registry.npmjs.org/glob-parent set size:42445 disposed:false
1001 silly packumentCache full:https://registry.npmjs.org/glob-parent dispose
1002 silly fetch manifest util-deprecate@^1.0.2
1003 silly packumentCache full:https://registry.npmjs.org/util-deprecate cache-miss
1004 http fetch GET 200 https://registry.npmjs.org/anymatch 62ms (cache miss)
1005 silly packumentCache full:https://registry.npmjs.org/anymatch set size:undefined disposed:false
1006 silly fetch manifest path-parse@^1.0.7
1007 silly packumentCache full:https://registry.npmjs.org/path-parse cache-miss
1008 http cache https://registry.npmjs.org/resolve 37ms (cache hit)
1009 silly packumentCache full:https://registry.npmjs.org/resolve set size:244568 disposed:false
1010 silly fetch manifest is-core-module@^2.16.1
1011 silly packumentCache full:https://registry.npmjs.org/is-core-module cache-miss
1012 http cache https://registry.npmjs.org/postcss-selector-parser 32ms (cache hit)
1013 silly packumentCache full:https://registry.npmjs.org/postcss-selector-parser set size:199901 disposed:false
1014 silly fetch manifest supports-preserve-symlinks-flag@^1.0.0
1015 silly packumentCache full:https://registry.npmjs.org/supports-preserve-symlinks-flag cache-miss
1016 http fetch GET 200 https://registry.npmjs.org/merge2 75ms (cache miss)
1017 silly packumentCache full:https://registry.npmjs.org/merge2 set size:undefined disposed:false
1018 silly fetch manifest commander@^4.0.0
1019 silly packumentCache full:https://registry.npmjs.org/commander cache-miss
1020 http fetch GET 200 https://registry.npmjs.org/readdirp 87ms (cache miss)
1021 silly packumentCache full:https://registry.npmjs.org/readdirp set size:undefined disposed:false
1022 silly fetch manifest lines-and-columns@^1.1.6
1023 silly packumentCache full:https://registry.npmjs.org/lines-and-columns cache-miss
1024 http fetch GET 200 https://registry.npmjs.org/is-extglob 105ms (cache miss)
1025 silly packumentCache full:https://registry.npmjs.org/is-extglob set size:undefined disposed:false
1026 silly fetch manifest mz@^2.7.0
1027 silly packumentCache full:https://registry.npmjs.org/mz cache-miss
1028 http fetch GET 200 https://registry.npmjs.org/braces 105ms (cache miss)
1029 silly packumentCache full:https://registry.npmjs.org/braces set size:undefined disposed:false
1030 silly fetch manifest pirates@^4.0.1
1031 silly packumentCache full:https://registry.npmjs.org/pirates cache-miss
1032 http fetch GET 200 https://registry.npmjs.org/camelcase-css 86ms (cache miss)
1033 silly packumentCache full:https://registry.npmjs.org/camelcase-css set size:undefined disposed:false
1034 silly fetch manifest tinyglobby@^0.2.11
1035 silly packumentCache full:https://registry.npmjs.org/tinyglobby cache-miss
1036 http fetch GET 200 https://registry.npmjs.org/is-binary-path 123ms (cache miss)
1037 silly packumentCache full:https://registry.npmjs.org/is-binary-path set size:undefined disposed:false
1038 silly fetch manifest ts-interface-checker@^0.1.9
1039 silly packumentCache full:https://registry.npmjs.org/ts-interface-checker cache-miss
1040 http fetch GET 200 https://registry.npmjs.org/braces 129ms (cache miss)
1041 silly packumentCache full:https://registry.npmjs.org/braces set size:undefined disposed:false
1042 http fetch GET 200 https://registry.npmjs.org/read-cache 101ms (cache miss)
1043 silly packumentCache full:https://registry.npmjs.org/read-cache set size:undefined disposed:false
1044 http fetch GET 200 https://registry.npmjs.org/supports-preserve-symlinks-flag 59ms (cache miss)
1045 silly packumentCache full:https://registry.npmjs.org/supports-preserve-symlinks-flag set size:undefined disposed:false
1046 http fetch GET 200 https://registry.npmjs.org/util-deprecate 88ms (cache miss)
1047 silly packumentCache full:https://registry.npmjs.org/util-deprecate set size:undefined disposed:false
1048 http cache https://registry.npmjs.org/tinyglobby 24ms (cache hit)
1049 silly packumentCache full:https://registry.npmjs.org/tinyglobby set size:54291 disposed:false
1050 http fetch GET 200 https://registry.npmjs.org/@nodelib%2ffs.walk 144ms (cache miss)
1051 silly packumentCache full:https://registry.npmjs.org/@nodelib%2ffs.walk set size:undefined disposed:false
1052 http fetch GET 200 https://registry.npmjs.org/cssesc 102ms (cache miss)
1053 silly packumentCache full:https://registry.npmjs.org/cssesc set size:undefined disposed:false
1054 http fetch GET 200 https://registry.npmjs.org/is-core-module 88ms (cache miss)
1055 silly packumentCache full:https://registry.npmjs.org/is-core-module set size:undefined disposed:false
1056 http fetch GET 200 https://registry.npmjs.org/path-parse 94ms (cache miss)
1057 silly packumentCache full:https://registry.npmjs.org/path-parse set size:undefined disposed:false
1058 http fetch GET 200 https://registry.npmjs.org/mz 82ms (cache miss)
1059 silly packumentCache full:https://registry.npmjs.org/mz set size:undefined disposed:false
1060 http fetch GET 200 https://registry.npmjs.org/pirates 86ms (cache miss)
1061 silly packumentCache full:https://registry.npmjs.org/pirates set size:undefined disposed:false
1062 http fetch GET 200 https://registry.npmjs.org/ts-interface-checker 81ms (cache miss)
1063 silly packumentCache full:https://registry.npmjs.org/ts-interface-checker set size:undefined disposed:false
1064 http fetch GET 200 https://registry.npmjs.org/commander 316ms (cache miss)
1065 silly packumentCache full:https://registry.npmjs.org/commander set size:undefined disposed:false
1066 http fetch GET 200 https://registry.npmjs.org/lines-and-columns 322ms (cache miss)
1067 silly packumentCache full:https://registry.npmjs.org/lines-and-columns set size:undefined disposed:false
1068 http fetch GET 200 https://registry.npmjs.org/@nodelib%2ffs.stat 569ms (cache miss)
1069 silly packumentCache full:https://registry.npmjs.org/@nodelib%2ffs.stat set size:undefined disposed:false
1070 silly placeDep ROOT anymatch@3.1.3 OK for: chokidar@3.6.0 want: ~3.1.2
1071 silly placeDep ROOT braces@3.0.3 OK for: chokidar@3.6.0 want: ~3.0.2
1072 silly placeDep ROOT fsevents@2.3.3 OK for: chokidar@3.6.0 want: ~2.3.2
1073 silly placeDep node_modules/chokidar glob-parent@5.1.2 OK for: chokidar@3.6.0 want: ~5.1.2
1074 silly placeDep ROOT is-binary-path@2.1.0 OK for: chokidar@3.6.0 want: ~2.1.0
1075 silly placeDep ROOT readdirp@3.6.0 OK for: chokidar@3.6.0 want: ~3.6.0
1076 silly fetch manifest picomatch@^2.0.4
1077 silly packumentCache full:https://registry.npmjs.org/picomatch cache-hit
1078 silly fetch manifest fill-range@^7.1.1
1079 silly packumentCache full:https://registry.npmjs.org/fill-range cache-miss
1080 silly fetch manifest binary-extensions@^2.0.0
1081 silly packumentCache full:https://registry.npmjs.org/binary-extensions cache-miss
1082 silly fetch manifest picomatch@^2.2.1
1083 silly packumentCache full:https://registry.npmjs.org/picomatch cache-hit
1084 http fetch GET 200 https://registry.npmjs.org/fill-range 78ms (cache miss)
1085 silly packumentCache full:https://registry.npmjs.org/fill-range set size:undefined disposed:false
1086 http fetch GET 200 https://registry.npmjs.org/binary-extensions 115ms (cache miss)
1087 silly packumentCache full:https://registry.npmjs.org/binary-extensions set size:undefined disposed:false
1088 silly placeDep ROOT picomatch@2.3.2 OK for: anymatch@3.1.3 want: ^2.0.4
1089 silly placeDep ROOT fill-range@7.1.1 OK for: braces@3.0.3 want: ^7.1.1
1090 silly fetch manifest to-regex-range@^5.0.1
1091 silly packumentCache full:https://registry.npmjs.org/to-regex-range cache-miss
1092 http fetch GET 200 https://registry.npmjs.org/to-regex-range 83ms (cache miss)
1093 silly packumentCache full:https://registry.npmjs.org/to-regex-range set size:undefined disposed:false
1094 silly placeDep ROOT @nodelib/fs.stat@2.0.5 OK for: fast-glob@3.3.3 want: ^2.0.2
1095 silly placeDep ROOT @nodelib/fs.walk@1.2.8 OK for: fast-glob@3.3.3 want: ^1.2.3
1096 silly placeDep node_modules/fast-glob glob-parent@5.1.2 OK for: fast-glob@3.3.3 want: ^5.1.2
1097 silly placeDep ROOT merge2@1.4.1 OK for: fast-glob@3.3.3 want: ^1.3.0
1098 silly fetch manifest fastq@^1.6.0
1099 silly packumentCache full:https://registry.npmjs.org/fastq cache-miss
1100 silly fetch manifest @nodelib/fs.scandir@2.1.5
1101 silly packumentCache full:https://registry.npmjs.org/@nodelib%2ffs.scandir cache-miss
1102 http fetch GET 200 https://registry.npmjs.org/fastq 41ms (cache miss)
1103 silly packumentCache full:https://registry.npmjs.org/fastq set size:undefined disposed:false
1104 http fetch GET 200 https://registry.npmjs.org/@nodelib%2ffs.scandir 79ms (cache miss)
1105 silly packumentCache full:https://registry.npmjs.org/@nodelib%2ffs.scandir set size:undefined disposed:false
1106 silly placeDep ROOT @nodelib/fs.scandir@2.1.5 OK for: @nodelib/fs.walk@1.2.8 want: 2.1.5
1107 silly placeDep ROOT fastq@1.20.3 OK for: @nodelib/fs.walk@1.2.8 want: ^1.6.0
1108 silly fetch manifest run-parallel@^1.1.9
1109 silly packumentCache full:https://registry.npmjs.org/run-parallel cache-miss
1110 silly fetch manifest reusify@^1.0.4
1111 silly packumentCache full:https://registry.npmjs.org/reusify cache-miss
1112 http fetch GET 200 https://registry.npmjs.org/run-parallel 78ms (cache miss)
1113 silly packumentCache full:https://registry.npmjs.org/run-parallel set size:undefined disposed:false
1114 http fetch GET 200 https://registry.npmjs.org/reusify 95ms (cache miss)
1115 silly packumentCache full:https://registry.npmjs.org/reusify set size:undefined disposed:false
1116 silly placeDep ROOT run-parallel@1.2.0 OK for: @nodelib/fs.scandir@2.1.5 want: ^1.1.9
1117 silly fetch manifest queue-microtask@^1.2.2
1118 silly packumentCache full:https://registry.npmjs.org/queue-microtask cache-miss
1119 http fetch GET 200 https://registry.npmjs.org/queue-microtask 77ms (cache miss)
1120 silly packumentCache full:https://registry.npmjs.org/queue-microtask set size:undefined disposed:false
1121 silly placeDep ROOT reusify@1.1.0 OK for: fastq@1.20.3 want: ^1.0.4
1122 silly placeDep ROOT to-regex-range@5.0.1 OK for: fill-range@7.1.1 want: ^5.0.1
1123 silly fetch manifest is-number@^7.0.0
1124 silly packumentCache full:https://registry.npmjs.org/is-number cache-miss
1125 http fetch GET 200 https://registry.npmjs.org/is-number 82ms (cache miss)
1126 silly packumentCache full:https://registry.npmjs.org/is-number set size:undefined disposed:false
1127 silly placeDep ROOT binary-extensions@2.3.0 OK for: is-binary-path@2.1.0 want: ^2.0.0
1128 silly placeDep ROOT is-extglob@2.1.1 OK for: is-glob@4.0.3 want: ^2.1.1
1129 silly placeDep ROOT read-cache@1.0.2 OK for: postcss-import@15.1.0 want: ^1.0.0
1130 silly placeDep ROOT camelcase-css@2.0.1 OK for: postcss-js@4.1.0 want: ^2.0.1
1131 silly placeDep ROOT cssesc@3.0.0 OK for: postcss-selector-parser@6.1.4 want: ^3.0.0
1132 silly placeDep ROOT util-deprecate@1.0.2 OK for: postcss-selector-parser@6.1.4 want: ^1.0.2
1133 silly placeDep ROOT is-core-module@2.17.0 OK for: resolve@1.22.12 want: ^2.16.1
1134 silly placeDep ROOT path-parse@1.0.7 OK for: resolve@1.22.12 want: ^1.0.7
1135 silly placeDep ROOT supports-preserve-symlinks-flag@1.0.0 OK for: resolve@1.22.12 want: ^1.0.0
1136 silly placeDep ROOT queue-microtask@1.2.3 OK for: run-parallel@1.2.0 want: ^1.2.2
1137 silly placeDep ROOT commander@4.1.1 OK for: sucrase@3.35.1 want: ^4.0.0
1138 silly placeDep ROOT lines-and-columns@1.2.4 OK for: sucrase@3.35.1 want: ^1.1.6
1139 silly placeDep ROOT mz@2.7.0 OK for: sucrase@3.35.1 want: ^2.7.0
1140 silly placeDep ROOT pirates@4.0.7 OK for: sucrase@3.35.1 want: ^4.0.1
1141 silly placeDep ROOT tinyglobby@0.2.17 OK for: sucrase@3.35.1 want: ^0.2.11
1142 silly placeDep ROOT ts-interface-checker@0.1.13 OK for: sucrase@3.35.1 want: ^0.1.9
1143 silly fetch manifest any-promise@^1.0.0
1144 silly packumentCache full:https://registry.npmjs.org/any-promise cache-miss
1145 silly fetch manifest object-assign@^4.0.1
1146 silly packumentCache full:https://registry.npmjs.org/object-assign cache-miss
1147 silly fetch manifest thenify-all@^1.0.0
1148 silly packumentCache full:https://registry.npmjs.org/thenify-all cache-miss
1149 silly fetch manifest fdir@^6.5.0
1150 silly packumentCache full:https://registry.npmjs.org/fdir cache-miss
1151 silly fetch manifest picomatch@^4.0.4
1152 silly packumentCache full:https://registry.npmjs.org/picomatch cache-hit
1153 http cache https://registry.npmjs.org/fdir 14ms (cache hit)
1154 silly packumentCache full:https://registry.npmjs.org/fdir set size:136182 disposed:false
1155 http fetch GET 200 https://registry.npmjs.org/object-assign 81ms (cache miss)
1156 silly packumentCache full:https://registry.npmjs.org/object-assign set size:undefined disposed:false
1157 http fetch GET 200 https://registry.npmjs.org/any-promise 83ms (cache miss)
1158 silly packumentCache full:https://registry.npmjs.org/any-promise set size:undefined disposed:false
1159 http fetch GET 200 https://registry.npmjs.org/thenify-all 83ms (cache miss)
1160 silly packumentCache full:https://registry.npmjs.org/thenify-all set size:undefined disposed:false
1161 silly placeDep ROOT any-promise@1.3.0 OK for: mz@2.7.0 want: ^1.0.0
1162 silly placeDep ROOT object-assign@4.1.1 OK for: mz@2.7.0 want: ^4.0.1
1163 silly placeDep ROOT thenify-all@1.6.0 OK for: mz@2.7.0 want: ^1.0.0
1164 silly fetch manifest thenify@>= 3.1.0 < 4
1165 silly packumentCache full:https://registry.npmjs.org/thenify cache-miss
1166 http fetch GET 200 https://registry.npmjs.org/thenify 317ms (cache miss)
1167 silly packumentCache full:https://registry.npmjs.org/thenify set size:undefined disposed:false
1168 silly placeDep ROOT thenify@3.3.1 OK for: thenify-all@1.6.0 want: >= 3.1.0 < 4
1169 silly placeDep node_modules/tinyglobby fdir@6.5.0 OK for: tinyglobby@0.2.17 want: ^6.5.0
1170 silly placeDep node_modules/tinyglobby picomatch@4.0.7 OK for: fdir@6.5.0 want: ^3 || ^4
1171 silly placeDep ROOT is-number@7.0.0 OK for: to-regex-range@5.0.1 want: ^7.0.0
1172 silly placeDep ROOT media-typer@0.3.0 OK for: type-is@1.6.18 want: 0.3.0
1173 silly placeDep ROOT escalade@3.2.0 OK for: update-browserslist-db@1.3.3 want: ^3.2.0
1174 silly placeDep ROOT esbuild@0.25.12 OK for: vite@6.4.3 want: ^0.25.0
1175 silly placeDep node_modules/vite fdir@6.5.0 OK for: vite@6.4.3 want: ^6.4.4
1176 silly placeDep node_modules/vite picomatch@4.0.7 OK for: fdir@6.5.0 want: ^3 || ^4
1177 silly placeDep ROOT rollup@4.63.4 OK for: vite@6.4.3 want: ^4.34.9
1178 silly fetch manifest @esbuild/aix-ppc64@0.25.12
1179 silly packumentCache full:https://registry.npmjs.org/@esbuild%2faix-ppc64 cache-miss
1180 silly fetch manifest @esbuild/linux-arm@0.25.12
1181 silly packumentCache full:https://registry.npmjs.org/@esbuild%2flinux-arm cache-miss
1182 silly fetch manifest @esbuild/linux-x64@0.25.12
1183 silly packumentCache full:https://registry.npmjs.org/@esbuild%2flinux-x64 cache-miss
1184 silly fetch manifest @esbuild/sunos-x64@0.25.12
1185 silly packumentCache full:https://registry.npmjs.org/@esbuild%2fsunos-x64 cache-miss
1186 silly fetch manifest @esbuild/win32-x64@0.25.12
1187 silly packumentCache full:https://registry.npmjs.org/@esbuild%2fwin32-x64 cache-miss
1188 silly fetch manifest @esbuild/darwin-x64@0.25.12
1189 silly packumentCache full:https://registry.npmjs.org/@esbuild%2fdarwin-x64 cache-miss
1190 silly fetch manifest @esbuild/linux-ia32@0.25.12
1191 silly packumentCache full:https://registry.npmjs.org/@esbuild%2flinux-ia32 cache-miss
1192 silly fetch manifest @esbuild/netbsd-x64@0.25.12
1193 silly packumentCache full:https://registry.npmjs.org/@esbuild%2fnetbsd-x64 cache-miss
1194 silly fetch manifest @esbuild/win32-ia32@0.25.12
1195 silly packumentCache full:https://registry.npmjs.org/@esbuild%2fwin32-ia32 cache-miss
1196 silly fetch manifest @esbuild/android-arm@0.25.12
1197 silly packumentCache full:https://registry.npmjs.org/@esbuild%2fandroid-arm cache-miss
1198 silly fetch manifest @esbuild/android-x64@0.25.12
1199 silly packumentCache full:https://registry.npmjs.org/@esbuild%2fandroid-x64 cache-miss
1200 silly fetch manifest @esbuild/freebsd-x64@0.25.12
1201 silly packumentCache full:https://registry.npmjs.org/@esbuild%2ffreebsd-x64 cache-miss
1202 silly fetch manifest @esbuild/linux-arm64@0.25.12
1203 silly packumentCache full:https://registry.npmjs.org/@esbuild%2flinux-arm64 cache-miss
1204 silly fetch manifest @esbuild/linux-ppc64@0.25.12
1205 silly packumentCache full:https://registry.npmjs.org/@esbuild%2flinux-ppc64 cache-miss
1206 silly fetch manifest @esbuild/linux-s390x@0.25.12
1207 silly packumentCache full:https://registry.npmjs.org/@esbuild%2flinux-s390x cache-miss
1208 http fetch GET 200 https://registry.npmjs.org/@esbuild%2flinux-arm 63ms (cache miss)
1209 silly packumentCache full:https://registry.npmjs.org/@esbuild%2flinux-arm set size:undefined disposed:false
1210 silly fetch manifest @esbuild/openbsd-x64@0.25.12
1211 silly packumentCache full:https://registry.npmjs.org/@esbuild%2fopenbsd-x64 cache-miss
1212 http fetch GET 200 https://registry.npmjs.org/@esbuild%2flinux-x64 106ms (cache miss)
1213 silly packumentCache full:https://registry.npmjs.org/@esbuild%2flinux-x64 set size:undefined disposed:false
1214 silly fetch manifest @esbuild/win32-arm64@0.25.12
1215 silly packumentCache full:https://registry.npmjs.org/@esbuild%2fwin32-arm64 cache-miss
1216 http fetch GET 200 https://registry.npmjs.org/@esbuild%2flinux-ia32 111ms (cache miss)
1217 silly packumentCache full:https://registry.npmjs.org/@esbuild%2flinux-ia32 set size:undefined disposed:false
1218 silly fetch manifest @esbuild/darwin-arm64@0.25.12
1219 silly packumentCache full:https://registry.npmjs.org/@esbuild%2fdarwin-arm64 cache-miss
1220 http fetch GET 200 https://registry.npmjs.org/@esbuild%2ffreebsd-x64 119ms (cache miss)
1221 silly packumentCache full:https://registry.npmjs.org/@esbuild%2ffreebsd-x64 set size:undefined disposed:false
1222 silly fetch manifest @esbuild/netbsd-arm64@0.25.12
1223 silly packumentCache full:https://registry.npmjs.org/@esbuild%2fnetbsd-arm64 cache-miss
1224 http fetch GET 200 https://registry.npmjs.org/@esbuild%2flinux-arm64 122ms (cache miss)
1225 silly packumentCache full:https://registry.npmjs.org/@esbuild%2flinux-arm64 set size:undefined disposed:false
1226 silly fetch manifest @esbuild/android-arm64@0.25.12
1227 silly packumentCache full:https://registry.npmjs.org/@esbuild%2fandroid-arm64 cache-miss
1228 http fetch GET 200 https://registry.npmjs.org/@esbuild%2fandroid-x64 130ms (cache miss)
1229 silly packumentCache full:https://registry.npmjs.org/@esbuild%2fandroid-x64 set size:undefined disposed:false
1230 silly fetch manifest @esbuild/freebsd-arm64@0.25.12
1231 silly packumentCache full:https://registry.npmjs.org/@esbuild%2ffreebsd-arm64 cache-miss
1232 http fetch GET 200 https://registry.npmjs.org/@esbuild%2fandroid-arm 134ms (cache miss)
1233 silly packumentCache full:https://registry.npmjs.org/@esbuild%2fandroid-arm set size:undefined disposed:false
1234 silly fetch manifest @esbuild/linux-loong64@0.25.12
1235 silly packumentCache full:https://registry.npmjs.org/@esbuild%2flinux-loong64 cache-miss
1236 http fetch GET 200 https://registry.npmjs.org/@esbuild%2flinux-ppc64 135ms (cache miss)
1237 silly packumentCache full:https://registry.npmjs.org/@esbuild%2flinux-ppc64 set size:undefined disposed:false
1238 silly fetch manifest @esbuild/linux-riscv64@0.25.12
1239 silly packumentCache full:https://registry.npmjs.org/@esbuild%2flinux-riscv64 cache-miss
1240 http fetch GET 200 https://registry.npmjs.org/@esbuild%2fwin32-x64 144ms (cache miss)
1241 silly packumentCache full:https://registry.npmjs.org/@esbuild%2fwin32-x64 set size:undefined disposed:false
1242 silly fetch manifest @esbuild/openbsd-arm64@0.25.12
1243 silly packumentCache full:https://registry.npmjs.org/@esbuild%2fopenbsd-arm64 cache-miss
1244 http fetch GET 200 https://registry.npmjs.org/@esbuild%2fsunos-x64 147ms (cache miss)
1245 silly packumentCache full:https://registry.npmjs.org/@esbuild%2fsunos-x64 set size:undefined disposed:false
1246 silly fetch manifest @esbuild/linux-mips64el@0.25.12
1247 silly packumentCache full:https://registry.npmjs.org/@esbuild%2flinux-mips64el cache-miss
1248 http fetch GET 200 https://registry.npmjs.org/@esbuild%2fwin32-arm64 86ms (cache miss)
1249 silly packumentCache full:https://registry.npmjs.org/@esbuild%2fwin32-arm64 set size:undefined disposed:false
1250 silly fetch manifest @esbuild/openharmony-arm64@0.25.12
1251 silly packumentCache full:https://registry.npmjs.org/@esbuild%2fopenharmony-arm64 cache-miss
1252 http fetch GET 200 https://registry.npmjs.org/@esbuild%2fnetbsd-arm64 82ms (cache miss)
1253 silly packumentCache full:https://registry.npmjs.org/@esbuild%2fnetbsd-arm64 set size:undefined disposed:false
1254 silly fetch manifest @types/estree@1.0.9
1255 silly packumentCache full:https://registry.npmjs.org/@types%2festree cache-miss
1256 http fetch GET 200 https://registry.npmjs.org/@esbuild%2fwin32-ia32 208ms (cache miss)
1257 silly packumentCache full:https://registry.npmjs.org/@esbuild%2fwin32-ia32 set size:undefined disposed:false
1258 silly fetch manifest @rollup/rollup-darwin-x64@4.63.4
1259 silly packumentCache full:https://registry.npmjs.org/@rollup%2frollup-darwin-x64 cache-miss
1260 http fetch GET 200 https://registry.npmjs.org/@esbuild%2fdarwin-arm64 100ms (cache miss)
1261 silly packumentCache full:https://registry.npmjs.org/@esbuild%2fdarwin-arm64 set size:undefined disposed:false
1262 silly fetch manifest @rollup/rollup-freebsd-x64@4.63.4
1263 silly packumentCache full:https://registry.npmjs.org/@rollup%2frollup-freebsd-x64 cache-miss
1264 http fetch GET 200 https://registry.npmjs.org/@esbuild%2fandroid-arm64 99ms (cache miss)
1265 silly packumentCache full:https://registry.npmjs.org/@esbuild%2fandroid-arm64 set size:undefined disposed:false
1266 silly fetch manifest @rollup/rollup-openbsd-x64@4.63.4
1267 silly packumentCache full:https://registry.npmjs.org/@rollup%2frollup-openbsd-x64 cache-miss
1268 http fetch GET 200 https://registry.npmjs.org/@esbuild%2ffreebsd-arm64 103ms (cache miss)
1269 silly packumentCache full:https://registry.npmjs.org/@esbuild%2ffreebsd-arm64 set size:undefined disposed:false
1270 silly fetch manifest @napi-rs/lzma-linux-x64-gnu@1.5.1
1271 silly packumentCache full:https://registry.npmjs.org/@napi-rs%2flzma-linux-x64-gnu cache-miss
1272 http fetch GET 200 https://registry.npmjs.org/@esbuild%2flinux-loong64 108ms (cache miss)
1273 silly packumentCache full:https://registry.npmjs.org/@esbuild%2flinux-loong64 set size:undefined disposed:false
1274 silly fetch manifest @rollup/rollup-darwin-arm64@4.63.4
1275 silly packumentCache full:https://registry.npmjs.org/@rollup%2frollup-darwin-arm64 cache-miss
1276 http fetch GET 200 https://registry.npmjs.org/@esbuild%2flinux-riscv64 113ms (cache miss)
1277 silly packumentCache full:https://registry.npmjs.org/@esbuild%2flinux-riscv64 set size:undefined disposed:false
1278 silly fetch manifest @rollup/rollup-android-arm64@4.63.4
1279 silly packumentCache full:https://registry.npmjs.org/@rollup%2frollup-android-arm64 cache-miss
1280 http fetch GET 200 https://registry.npmjs.org/@esbuild%2fopenbsd-arm64 111ms (cache miss)
1281 silly packumentCache full:https://registry.npmjs.org/@esbuild%2fopenbsd-arm64 set size:undefined disposed:false
1282 silly fetch manifest @rollup/rollup-freebsd-arm64@4.63.4
1283 silly packumentCache full:https://registry.npmjs.org/@rollup%2frollup-freebsd-arm64 cache-miss
1284 http fetch GET 200 https://registry.npmjs.org/@esbuild%2flinux-mips64el 123ms (cache miss)
1285 silly packumentCache full:https://registry.npmjs.org/@esbuild%2flinux-mips64el set size:undefined disposed:false
1286 silly fetch manifest @rollup/rollup-linux-x64-gnu@4.63.4
1287 silly packumentCache full:https://registry.npmjs.org/@rollup%2frollup-linux-x64-gnu cache-miss
1288 http fetch GET 200 https://registry.npmjs.org/@esbuild%2fopenharmony-arm64 80ms (cache miss)
1289 silly packumentCache full:https://registry.npmjs.org/@esbuild%2fopenharmony-arm64 set size:undefined disposed:false
1290 silly fetch manifest @rollup/rollup-win32-x64-gnu@4.63.4
1291 silly packumentCache full:https://registry.npmjs.org/@rollup%2frollup-win32-x64-gnu cache-miss
1292 http fetch GET 200 https://registry.npmjs.org/@rollup%2frollup-freebsd-x64 165ms (cache miss)
1293 silly packumentCache full:https://registry.npmjs.org/@rollup%2frollup-freebsd-x64 set size:undefined disposed:false
1294 silly fetch manifest @rollup/rollup-linux-x64-musl@4.63.4
1295 silly packumentCache full:https://registry.npmjs.org/@rollup%2frollup-linux-x64-musl cache-miss
1296 http fetch GET 200 https://registry.npmjs.org/@types%2festree 181ms (cache miss)
1297 silly packumentCache full:https://registry.npmjs.org/@types%2festree set size:undefined disposed:false
1298 silly fetch manifest @rollup/rollup-win32-x64-msvc@4.63.4
1299 silly packumentCache full:https://registry.npmjs.org/@rollup%2frollup-win32-x64-msvc cache-miss
1300 http fetch GET 200 https://registry.npmjs.org/@rollup%2frollup-openbsd-x64 173ms (cache miss)
1301 silly packumentCache full:https://registry.npmjs.org/@rollup%2frollup-openbsd-x64 set size:undefined disposed:false
1302 silly fetch manifest @rollup/rollup-linux-arm64-gnu@4.63.4
1303 silly packumentCache full:https://registry.npmjs.org/@rollup%2frollup-linux-arm64-gnu cache-miss
1304 http fetch GET 200 https://registry.npmjs.org/@napi-rs%2flzma-linux-x64-gnu 164ms (cache miss)
1305 silly packumentCache full:https://registry.npmjs.org/@napi-rs%2flzma-linux-x64-gnu set size:undefined disposed:false
1306 silly fetch manifest @rollup/rollup-linux-ppc64-gnu@4.63.4
1307 silly packumentCache full:https://registry.npmjs.org/@rollup%2frollup-linux-ppc64-gnu cache-miss
1308 http fetch GET 200 https://registry.npmjs.org/@rollup%2frollup-win32-x64-gnu 132ms (cache miss)
1309 silly packumentCache full:https://registry.npmjs.org/@rollup%2frollup-win32-x64-gnu set size:undefined disposed:false
1310 silly fetch manifest @rollup/rollup-linux-s390x-gnu@4.63.4
1311 silly packumentCache full:https://registry.npmjs.org/@rollup%2frollup-linux-s390x-gnu cache-miss
1312 http fetch GET 200 https://registry.npmjs.org/@esbuild%2fnetbsd-x64 411ms (cache miss)
1313 silly packumentCache full:https://registry.npmjs.org/@esbuild%2fnetbsd-x64 set size:undefined disposed:false
1314 silly fetch manifest @rollup/rollup-win32-ia32-msvc@4.63.4
1315 silly packumentCache full:https://registry.npmjs.org/@rollup%2frollup-win32-ia32-msvc cache-miss
1316 http fetch GET 200 https://registry.npmjs.org/@esbuild%2fopenbsd-x64 351ms (cache miss)
1317 silly packumentCache full:https://registry.npmjs.org/@esbuild%2fopenbsd-x64 set size:undefined disposed:false
1318 silly fetch manifest @rollup/rollup-android-arm-eabi@4.63.4
1319 silly packumentCache full:https://registry.npmjs.org/@rollup%2frollup-android-arm-eabi cache-miss
1320 http fetch GET 200 https://registry.npmjs.org/@rollup%2frollup-linux-x64-gnu 146ms (cache miss)
1321 silly packumentCache full:https://registry.npmjs.org/@rollup%2frollup-linux-x64-gnu set size:undefined disposed:false
1322 silly fetch manifest @rollup/rollup-linux-arm64-musl@4.63.4
1323 silly packumentCache full:https://registry.npmjs.org/@rollup%2frollup-linux-arm64-musl cache-miss
1324 http fetch GET 200 https://registry.npmjs.org/@rollup%2frollup-darwin-arm64 178ms (cache miss)
1325 silly packumentCache full:https://registry.npmjs.org/@rollup%2frollup-darwin-arm64 set size:undefined disposed:false
1326 silly fetch manifest @rollup/rollup-linux-ppc64-musl@4.63.4
1327 silly packumentCache full:https://registry.npmjs.org/@rollup%2frollup-linux-ppc64-musl cache-miss
1328 http fetch GET 200 https://registry.npmjs.org/@rollup%2frollup-android-arm64 175ms (cache miss)
1329 silly packumentCache full:https://registry.npmjs.org/@rollup%2frollup-android-arm64 set size:undefined disposed:false
1330 silly fetch manifest @rollup/rollup-win32-arm64-msvc@4.63.4
1331 silly packumentCache full:https://registry.npmjs.org/@rollup%2frollup-win32-arm64-msvc cache-miss
1332 http fetch GET 200 https://registry.npmjs.org/@rollup%2frollup-darwin-x64 225ms (cache miss)
1333 silly packumentCache full:https://registry.npmjs.org/@rollup%2frollup-darwin-x64 set size:undefined disposed:false
1334 silly fetch manifest @rollup/rollup-linux-loong64-gnu@4.63.4
1335 silly packumentCache full:https://registry.npmjs.org/@rollup%2frollup-linux-loong64-gnu cache-miss
1336 http fetch GET 200 https://registry.npmjs.org/@rollup%2frollup-linux-x64-musl 94ms (cache miss)
1337 silly packumentCache full:https://registry.npmjs.org/@rollup%2frollup-linux-x64-musl set size:undefined disposed:false
1338 silly fetch manifest @rollup/rollup-linux-riscv64-gnu@4.63.4
1339 silly packumentCache full:https://registry.npmjs.org/@rollup%2frollup-linux-riscv64-gnu cache-miss
1340 http fetch GET 200 https://registry.npmjs.org/@rollup%2frollup-win32-x64-msvc 101ms (cache miss)
1341 silly packumentCache full:https://registry.npmjs.org/@rollup%2frollup-win32-x64-msvc set size:undefined disposed:false
1342 silly fetch manifest @rollup/rollup-openharmony-arm64@4.63.4
1343 silly packumentCache full:https://registry.npmjs.org/@rollup%2frollup-openharmony-arm64 cache-miss
1344 http fetch GET 200 https://registry.npmjs.org/@rollup%2frollup-linux-arm64-gnu 102ms (cache miss)
1345 silly packumentCache full:https://registry.npmjs.org/@rollup%2frollup-linux-arm64-gnu set size:undefined disposed:false
1346 silly fetch manifest @rollup/rollup-linux-loong64-musl@4.63.4
1347 silly packumentCache full:https://registry.npmjs.org/@rollup%2frollup-linux-loong64-musl cache-miss
1348 http fetch GET 200 https://registry.npmjs.org/@rollup%2frollup-linux-ppc64-gnu 105ms (cache miss)
1349 silly packumentCache full:https://registry.npmjs.org/@rollup%2frollup-linux-ppc64-gnu set size:undefined disposed:false
1350 silly fetch manifest @rollup/rollup-linux-riscv64-musl@4.63.4
1351 silly packumentCache full:https://registry.npmjs.org/@rollup%2frollup-linux-riscv64-musl cache-miss
1352 http fetch GET 200 https://registry.npmjs.org/@rollup%2frollup-win32-ia32-msvc 102ms (cache miss)
1353 silly packumentCache full:https://registry.npmjs.org/@rollup%2frollup-win32-ia32-msvc set size:undefined disposed:false
1354 silly fetch manifest @rollup/rollup-linux-arm-gnueabihf@4.63.4
1355 silly packumentCache full:https://registry.npmjs.org/@rollup%2frollup-linux-arm-gnueabihf cache-miss
1356 http fetch GET 200 https://registry.npmjs.org/@rollup%2frollup-linux-s390x-gnu 112ms (cache miss)
1357 silly packumentCache full:https://registry.npmjs.org/@rollup%2frollup-linux-s390x-gnu set size:undefined disposed:false
1358 silly fetch manifest @rollup/rollup-linux-arm-musleabihf@4.63.4
1359 silly packumentCache full:https://registry.npmjs.org/@rollup%2frollup-linux-arm-musleabihf cache-miss
1360 http fetch GET 200 https://registry.npmjs.org/@rollup%2frollup-android-arm-eabi 120ms (cache miss)
1361 silly packumentCache full:https://registry.npmjs.org/@rollup%2frollup-android-arm-eabi set size:undefined disposed:false
1362 http fetch GET 200 https://registry.npmjs.org/@rollup%2frollup-win32-arm64-msvc 116ms (cache miss)
1363 silly packumentCache full:https://registry.npmjs.org/@rollup%2frollup-win32-arm64-msvc set size:undefined disposed:false
1364 http fetch GET 200 https://registry.npmjs.org/@rollup%2frollup-linux-arm64-musl 127ms (cache miss)
1365 silly packumentCache full:https://registry.npmjs.org/@rollup%2frollup-linux-arm64-musl set size:undefined disposed:false
1366 http fetch GET 200 https://registry.npmjs.org/@rollup%2frollup-linux-loong64-gnu 119ms (cache miss)
1367 silly packumentCache full:https://registry.npmjs.org/@rollup%2frollup-linux-loong64-gnu set size:undefined disposed:false
1368 http fetch GET 200 https://registry.npmjs.org/@rollup%2frollup-linux-riscv64-gnu 90ms (cache miss)
1369 silly packumentCache full:https://registry.npmjs.org/@rollup%2frollup-linux-riscv64-gnu set size:undefined disposed:false
1370 http fetch GET 200 https://registry.npmjs.org/@esbuild%2flinux-s390x 594ms (cache miss)
1371 silly packumentCache full:https://registry.npmjs.org/@esbuild%2flinux-s390x set size:undefined disposed:false
1372 http fetch GET 200 https://registry.npmjs.org/@rollup%2frollup-openharmony-arm64 107ms (cache miss)
1373 silly packumentCache full:https://registry.npmjs.org/@rollup%2frollup-openharmony-arm64 set size:undefined disposed:false
1374 http fetch GET 200 https://registry.npmjs.org/@rollup%2frollup-linux-riscv64-musl 94ms (cache miss)
1375 silly packumentCache full:https://registry.npmjs.org/@rollup%2frollup-linux-riscv64-musl set size:undefined disposed:false
1376 http fetch GET 200 https://registry.npmjs.org/@rollup%2frollup-linux-loong64-musl 99ms (cache miss)
1377 silly packumentCache full:https://registry.npmjs.org/@rollup%2frollup-linux-loong64-musl set size:undefined disposed:false
1378 http fetch GET 200 https://registry.npmjs.org/@rollup%2frollup-linux-arm-musleabihf 92ms (cache miss)
1379 silly packumentCache full:https://registry.npmjs.org/@rollup%2frollup-linux-arm-musleabihf set size:undefined disposed:false
1380 http fetch GET 200 https://registry.npmjs.org/@rollup%2frollup-freebsd-arm64 369ms (cache miss)
1381 silly packumentCache full:https://registry.npmjs.org/@rollup%2frollup-freebsd-arm64 set size:undefined disposed:false
1382 http fetch GET 200 https://registry.npmjs.org/@esbuild%2faix-ppc64 808ms (cache miss)
1383 silly packumentCache full:https://registry.npmjs.org/@esbuild%2faix-ppc64 set size:undefined disposed:false
1384 http fetch GET 200 https://registry.npmjs.org/@esbuild%2fdarwin-x64 818ms (cache miss)
1385 silly packumentCache full:https://registry.npmjs.org/@esbuild%2fdarwin-x64 set size:undefined disposed:false
1386 http fetch GET 200 https://registry.npmjs.org/@rollup%2frollup-linux-arm-gnueabihf 370ms (cache miss)
1387 silly packumentCache full:https://registry.npmjs.org/@rollup%2frollup-linux-arm-gnueabihf set size:undefined disposed:false
1388 http fetch GET 200 https://registry.npmjs.org/@rollup%2frollup-linux-ppc64-musl 558ms (cache miss)
1389 silly packumentCache full:https://registry.npmjs.org/@rollup%2frollup-linux-ppc64-musl set size:undefined disposed:false
1390 silly placeDep ROOT @esbuild/aix-ppc64@0.25.12 OK for: esbuild@0.25.12 want: 0.25.12
1391 silly placeDep ROOT @esbuild/android-arm@0.25.12 OK for: esbuild@0.25.12 want: 0.25.12
1392 silly placeDep ROOT @esbuild/android-arm64@0.25.12 OK for: esbuild@0.25.12 want: 0.25.12
1393 silly placeDep ROOT @esbuild/android-x64@0.25.12 OK for: esbuild@0.25.12 want: 0.25.12
1394 silly placeDep ROOT @esbuild/darwin-arm64@0.25.12 OK for: esbuild@0.25.12 want: 0.25.12
1395 silly placeDep ROOT @esbuild/darwin-x64@0.25.12 OK for: esbuild@0.25.12 want: 0.25.12
1396 silly placeDep ROOT @esbuild/freebsd-arm64@0.25.12 OK for: esbuild@0.25.12 want: 0.25.12
1397 silly placeDep ROOT @esbuild/freebsd-x64@0.25.12 OK for: esbuild@0.25.12 want: 0.25.12
1398 silly placeDep ROOT @esbuild/linux-arm@0.25.12 OK for: esbuild@0.25.12 want: 0.25.12
1399 silly placeDep ROOT @esbuild/linux-arm64@0.25.12 OK for: esbuild@0.25.12 want: 0.25.12
1400 silly placeDep ROOT @esbuild/linux-ia32@0.25.12 OK for: esbuild@0.25.12 want: 0.25.12
1401 silly placeDep ROOT @esbuild/linux-loong64@0.25.12 OK for: esbuild@0.25.12 want: 0.25.12
1402 silly placeDep ROOT @esbuild/linux-mips64el@0.25.12 OK for: esbuild@0.25.12 want: 0.25.12
1403 silly placeDep ROOT @esbuild/linux-ppc64@0.25.12 OK for: esbuild@0.25.12 want: 0.25.12
1404 silly placeDep ROOT @esbuild/linux-riscv64@0.25.12 OK for: esbuild@0.25.12 want: 0.25.12
1405 silly placeDep ROOT @esbuild/linux-s390x@0.25.12 OK for: esbuild@0.25.12 want: 0.25.12
1406 silly placeDep ROOT @esbuild/linux-x64@0.25.12 OK for: esbuild@0.25.12 want: 0.25.12
1407 silly placeDep ROOT @esbuild/netbsd-arm64@0.25.12 OK for: esbuild@0.25.12 want: 0.25.12
1408 silly placeDep ROOT @esbuild/netbsd-x64@0.25.12 OK for: esbuild@0.25.12 want: 0.25.12
1409 silly placeDep ROOT @esbuild/openbsd-arm64@0.25.12 OK for: esbuild@0.25.12 want: 0.25.12
1410 silly placeDep ROOT @esbuild/openbsd-x64@0.25.12 OK for: esbuild@0.25.12 want: 0.25.12
1411 silly placeDep ROOT @esbuild/openharmony-arm64@0.25.12 OK for: esbuild@0.25.12 want: 0.25.12
1412 silly placeDep ROOT @esbuild/sunos-x64@0.25.12 OK for: esbuild@0.25.12 want: 0.25.12
1413 silly placeDep ROOT @esbuild/win32-arm64@0.25.12 OK for: esbuild@0.25.12 want: 0.25.12
1414 silly placeDep ROOT @esbuild/win32-ia32@0.25.12 OK for: esbuild@0.25.12 want: 0.25.12
1415 silly placeDep ROOT @esbuild/win32-x64@0.25.12 OK for: esbuild@0.25.12 want: 0.25.12
1416 silly placeDep ROOT @napi-rs/lzma-linux-x64-gnu@1.5.1 OK for: rollup@4.63.4 want: 1.5.1
1417 silly placeDep ROOT @rollup/rollup-android-arm-eabi@4.63.4 OK for: rollup@4.63.4 want: 4.63.4
1418 silly placeDep ROOT @rollup/rollup-android-arm64@4.63.4 OK for: rollup@4.63.4 want: 4.63.4
1419 silly placeDep ROOT @rollup/rollup-darwin-arm64@4.63.4 OK for: rollup@4.63.4 want: 4.63.4
1420 silly placeDep ROOT @rollup/rollup-darwin-x64@4.63.4 OK for: rollup@4.63.4 want: 4.63.4
1421 silly placeDep ROOT @rollup/rollup-freebsd-arm64@4.63.4 OK for: rollup@4.63.4 want: 4.63.4
1422 silly placeDep ROOT @rollup/rollup-freebsd-x64@4.63.4 OK for: rollup@4.63.4 want: 4.63.4
1423 silly placeDep ROOT @rollup/rollup-linux-arm-gnueabihf@4.63.4 OK for: rollup@4.63.4 want: 4.63.4
1424 silly placeDep ROOT @rollup/rollup-linux-arm-musleabihf@4.63.4 OK for: rollup@4.63.4 want: 4.63.4
1425 silly placeDep ROOT @rollup/rollup-linux-arm64-gnu@4.63.4 OK for: rollup@4.63.4 want: 4.63.4
1426 silly placeDep ROOT @rollup/rollup-linux-arm64-musl@4.63.4 OK for: rollup@4.63.4 want: 4.63.4
1427 silly placeDep ROOT @rollup/rollup-linux-loong64-gnu@4.63.4 OK for: rollup@4.63.4 want: 4.63.4
1428 silly placeDep ROOT @rollup/rollup-linux-loong64-musl@4.63.4 OK for: rollup@4.63.4 want: 4.63.4
1429 silly placeDep ROOT @rollup/rollup-linux-ppc64-gnu@4.63.4 OK for: rollup@4.63.4 want: 4.63.4
1430 silly placeDep ROOT @rollup/rollup-linux-ppc64-musl@4.63.4 OK for: rollup@4.63.4 want: 4.63.4
1431 silly placeDep ROOT @rollup/rollup-linux-riscv64-gnu@4.63.4 OK for: rollup@4.63.4 want: 4.63.4
1432 silly placeDep ROOT @rollup/rollup-linux-riscv64-musl@4.63.4 OK for: rollup@4.63.4 want: 4.63.4
1433 silly placeDep ROOT @rollup/rollup-linux-s390x-gnu@4.63.4 OK for: rollup@4.63.4 want: 4.63.4
1434 silly placeDep ROOT @rollup/rollup-linux-x64-gnu@4.63.4 OK for: rollup@4.63.4 want: 4.63.4
1435 silly placeDep ROOT @rollup/rollup-linux-x64-musl@4.63.4 OK for: rollup@4.63.4 want: 4.63.4
1436 silly placeDep ROOT @rollup/rollup-openbsd-x64@4.63.4 OK for: rollup@4.63.4 want: 4.63.4
1437 silly placeDep ROOT @rollup/rollup-openharmony-arm64@4.63.4 OK for: rollup@4.63.4 want: 4.63.4
1438 silly placeDep ROOT @rollup/rollup-win32-arm64-msvc@4.63.4 OK for: rollup@4.63.4 want: 4.63.4
1439 silly placeDep ROOT @rollup/rollup-win32-ia32-msvc@4.63.4 OK for: rollup@4.63.4 want: 4.63.4
1440 silly placeDep ROOT @rollup/rollup-win32-x64-gnu@4.63.4 OK for: rollup@4.63.4 want: 4.63.4
1441 silly placeDep ROOT @rollup/rollup-win32-x64-msvc@4.63.4 OK for: rollup@4.63.4 want: 4.63.4
1442 silly placeDep ROOT @types/estree@1.0.9 OK for: rollup@4.63.4 want: 1.0.9
1443 silly placeDep node_modules/body-parser ms@2.0.0 OK for: debug@2.6.9 want: 2.0.0
1444 silly placeDep node_modules/express ms@2.0.0 OK for: debug@2.6.9 want: 2.0.0
1445 silly placeDep node_modules/finalhandler ms@2.0.0 OK for: debug@2.6.9 want: 2.0.0
1446 silly placeDep node_modules/send/node_modules/debug ms@2.0.0 OK for: debug@2.6.9 want: 2.0.0
1447 silly reify moves {}
1448 silly audit bulk request {
1448 silly audit   '@vitejs/plugin-react': [ '4.7.0' ],
1448 silly audit   vite: [ '6.4.3' ],
1448 silly audit   autoprefixer: [ '10.6.1' ],
1448 silly audit   postcss: [ '8.5.28' ],
1448 silly audit   express: [ '4.22.3' ],
1448 silly audit   'lucide-react': [ '0.468.0' ],
1448 silly audit   react: [ '18.3.1' ],
1448 silly audit   'react-dom': [ '18.3.1' ],
1448 silly audit   tailwindcss: [ '3.4.19' ],
1448 silly audit   '@babel/core': [ '7.29.7' ],
1448 silly audit   '@babel/plugin-transform-react-jsx-self': [ '7.29.7' ],
1448 silly audit   '@babel/plugin-transform-react-jsx-source': [ '7.29.7' ],
1448 silly audit   '@rolldown/pluginutils': [ '1.0.0-beta.27' ],
1448 silly audit   '@types/babel__core': [ '7.20.5' ],
1448 silly audit   'react-refresh': [ '0.17.0' ],
1448 silly audit   '@babel/code-frame': [ '7.29.7' ],
1448 silly audit   '@babel/generator': [ '7.29.8' ],
1448 silly audit   '@babel/helper-compilation-targets': [ '7.29.7' ],
1448 silly audit   '@babel/helper-module-transforms': [ '7.29.7' ],
1448 silly audit   '@babel/helpers': [ '7.29.7' ],
1448 silly audit   '@babel/parser': [ '7.29.9' ],
1448 silly audit   '@babel/template': [ '7.29.7' ],
1448 silly audit   '@babel/traverse': [ '7.29.8' ],
1448 silly audit   '@babel/types': [ '7.29.8' ],
1448 silly audit   '@jridgewell/remapping': [ '2.3.5' ],
1448 silly audit   'convert-source-map': [ '2.0.0' ],
1448 silly audit   debug: [ '4.4.3', '2.6.9' ],
1448 silly audit   gensync: [ '1.0.0-beta.2' ],
1448 silly audit   json5: [ '2.2.3' ],
1448 silly audit   semver: [ '6.3.1' ],
1448 silly audit   '@babel/helper-validator-identifier': [ '7.29.7' ],
1448 silly audit   'js-tokens': [ '4.0.0' ],
1448 silly audit   picocolors: [ '1.1.1' ],
1448 silly audit   '@jridgewell/gen-mapping': [ '0.3.13' ],
1448 silly audit   '@jridgewell/trace-mapping': [ '0.3.31' ],
1448 silly audit   jsesc: [ '3.1.0' ],
1448 silly audit   '@babel/compat-data': [ '7.29.7' ],
1448 silly audit   '@babel/helper-validator-option': [ '7.29.7' ],
1448 silly audit   browserslist: [ '4.29.0' ],
1448 silly audit   'lru-cache': [ '5.1.1' ],
1448 silly audit   '@babel/helper-module-imports': [ '7.29.7' ],
1448 silly audit   '@babel/helper-plugin-utils': [ '7.29.7' ],
1448 silly audit   '@babel/helper-globals': [ '7.29.7' ],
1448 silly audit   '@babel/helper-string-parser': [ '7.29.7' ],
1448 silly audit   '@jridgewell/sourcemap-codec': [ '1.6.0' ],
1448 silly audit   '@jridgewell/resolve-uri': [ '3.1.2' ],
1448 silly audit   '@types/babel__generator': [ '7.27.0' ],
1448 silly audit   '@types/babel__template': [ '7.4.4' ],
1448 silly audit   '@types/babel__traverse': [ '7.28.0' ],
1448 silly audit   'caniuse-lite': [ '1.0.30001810' ],
1448 silly audit   'fraction.js': [ '5.3.4' ],
1448 silly audit   'postcss-value-parser': [ '4.2.0' ],
1448 silly audit   'baseline-browser-mapping': [ '2.11.25' ],
1448 silly audit   'electron-to-chromium': [ '1.5.438' ],
1448 silly audit   'node-releases': [ '2.0.57' ],
1448 silly audit   'update-browserslist-db': [ '1.3.3' ],
1448 silly audit   ms: [ '2.1.3', '2.0.0' ],
1448 silly audit   accepts: [ '1.3.8' ],
1448 silly audit   'array-flatten': [ '1.1.1' ],
1448 silly audit   'body-parser': [ '1.20.8' ],
1448 silly audit   'content-disposition': [ '0.5.4' ],
1448 silly audit   'content-type': [ '1.0.5' ],
1448 silly audit   cookie: [ '0.7.2' ],
1448 silly audit   'cookie-signature': [ '1.0.7' ],
1448 silly audit   depd: [ '2.0.0' ],
1448 silly audit   encodeurl: [ '2.0.0' ],
1448 silly audit   'escape-html': [ '1.0.3' ],
1448 silly audit   etag: [ '1.8.1' ],
1448 silly audit   finalhandler: [ '1.3.2' ],
1448 silly audit   fresh: [ '0.5.2' ],
1448 silly audit   'http-errors': [ '2.0.1' ],
1448 silly audit   'merge-descriptors': [ '1.0.3' ],
1448 silly audit   methods: [ '1.1.2' ],
1448 silly audit   'on-finished': [ '2.4.1' ],
1448 silly audit   parseurl: [ '1.3.3' ],
1448 silly audit   'path-to-regexp': [ '0.1.13' ],
1448 silly audit   'proxy-addr': [ '2.0.8' ],
1448 silly audit   qs: [ '6.16.0' ],
1448 silly audit   'range-parser': [ '1.2.1' ],
1448 silly audit   'safe-buffer': [ '5.2.1' ],
1448 silly audit   send: [ '0.19.2' ],
1448 silly audit   'serve-static': [ '1.16.3' ],
1448 silly audit   setprototypeof: [ '1.2.0' ],
1448 silly audit   statuses: [ '2.0.2' ],
1448 silly audit   'type-is': [ '1.6.18' ],
1448 silly audit   'utils-merge': [ '1.0.1' ],
1448 silly audit   vary: [ '1.1.2' ],
1448 silly audit   'mime-types': [ '2.1.35' ],
1448 silly audit   negotiator: [ '0.6.3' ],
1448 silly audit   bytes: [ '3.1.2' ],
1448 silly audit   destroy: [ '1.2.0' ],
1448 silly audit   'iconv-lite': [ '0.4.24' ],
1448 silly audit   'raw-body': [ '2.5.3' ],
1448 silly audit   unpipe: [ '1.0.0' ],
1448 silly audit   inherits: [ '2.0.4' ],
1448 silly audit   toidentifier: [ '1.0.1' ],
1448 silly audit   'safer-buffer': [ '2.1.2' ],
1448 silly audit   yallist: [ '3.1.1' ],
1448 silly audit   'mime-db': [ '1.52.0' ],
1448 silly audit   'ee-first': [ '1.1.1' ],
1448 silly audit   nanoid: [ '3.3.19' ],
1448 silly audit   'source-map-js': [ '1.2.1' ],
1448 silly audit   forwarded: [ '0.2.0' ],
1448 silly audit   'ipaddr.js': [ '1.9.1' ],
1448 silly audit   'es-define-property': [ '1.0.1' ],
1448 silly audit   'side-channel': [ '1.1.1' ],
1448 silly audit   'loose-envify': [ '1.4.0' ],
1448 silly audit   scheduler: [ '0.23.2' ],
1448 silly audit   mime: [ '1.6.0' ],
1448 silly audit   'es-errors': [ '1.3.0' ],
1448 silly audit   'object-inspect': [ '1.13.4' ],
1448 silly audit   'side-channel-list': [ '1.0.1' ],
1448 silly audit   'side-channel-map': [ '1.0.1' ],
1448 silly audit   'side-channel-weakmap': [ '1.0.2' ],
1448 silly audit   'call-bound': [ '1.0.4' ],
1448 silly audit   'get-intrinsic': [ '1.3.0' ],
1448 silly audit   'call-bind-apply-helpers': [ '1.0.2' ],
1448 silly audit   'function-bind': [ '1.1.2' ],
1448 silly audit   'es-object-atoms': [ '1.1.2' ],
1448 silly audit   'get-proto': [ '1.0.1' ],
1448 silly audit   gopd: [ '1.2.0' ],
1448 silly audit   'has-symbols': [ '1.1.0' ],
1448 silly audit   hasown: [ '2.0.4' ],
1448 silly audit   'math-intrinsics': [ '1.1.0' ],
1448 silly audit   'dunder-proto': [ '1.0.1' ],
1448 silly audit   '@alloc/quick-lru': [ '5.3.0' ],
1448 silly audit   arg: [ '5.0.2' ],
1448 silly audit   chokidar: [ '3.6.0' ],
1448 silly audit   didyoumean: [ '1.2.2' ],
1448 silly audit   dlv: [ '1.1.3' ],
1448 silly audit   'fast-glob': [ '3.3.3' ],
1448 silly audit   'glob-parent': [ '6.0.2', '5.1.2' ],
1448 silly audit   'is-glob': [ '4.0.3' ],
1448 silly audit   jiti: [ '1.21.7' ],
1448 silly audit   lilconfig: [ '3.1.3' ],
1448 silly audit   micromatch: [ '4.0.8' ],
1448 silly audit   'normalize-path': [ '3.0.0' ],
1448 silly audit   'object-hash': [ '3.0.0' ],
1448 silly audit   'postcss-import': [ '15.1.0' ],
1448 silly audit   'postcss-js': [ '4.1.0' ],
1448 silly audit   'postcss-load-config': [ '6.0.1' ],
1448 silly audit   'postcss-nested': [ '6.2.0' ],
1448 silly audit   'postcss-selector-parser': [ '6.1.4' ],
1448 silly audit   resolve: [ '1.22.12' ],
1448 silly audit   sucrase: [ '3.35.1' ],
1448 silly audit   anymatch: [ '3.1.3' ],
1448 silly audit   braces: [ '3.0.3' ],
1448 silly audit   fsevents: [ '2.3.3' ],
1448 silly audit   'is-binary-path': [ '2.1.0' ],
1448 silly audit   readdirp: [ '3.6.0' ],
1448 silly audit   picomatch: [ '2.3.2', '4.0.7' ],
1448 silly audit   'fill-range': [ '7.1.1' ],
1448 silly audit   '@nodelib/fs.stat': [ '2.0.5' ],
1448 silly audit   '@nodelib/fs.walk': [ '1.2.8' ],
1448 silly audit   merge2: [ '1.4.1' ],
1448 silly audit   '@nodelib/fs.scandir': [ '2.1.5' ],
1448 silly audit   fastq: [ '1.20.3' ],
1448 silly audit   'run-parallel': [ '1.2.0' ],
1448 silly audit   reusify: [ '1.1.0' ],
1448 silly audit   'to-regex-range': [ '5.0.1' ],
1448 silly audit   'binary-extensions': [ '2.3.0' ],
1448 silly audit   'is-extglob': [ '2.1.1' ],
1448 silly audit   'read-cache': [ '1.0.2' ],
1448 silly audit   'camelcase-css': [ '2.0.1' ],
1448 silly audit   cssesc: [ '3.0.0' ],
1448 silly audit   'util-deprecate': [ '1.0.2' ],
1448 silly audit   'is-core-module': [ '2.17.0' ],
1448 silly audit   'path-parse': [ '1.0.7' ],
1448 silly audit   'supports-preserve-symlinks-flag': [ '1.0.0' ],
1448 silly audit   'queue-microtask': [ '1.2.3' ],
1448 silly audit   commander: [ '4.1.1' ],
1448 silly audit   'lines-and-columns': [ '1.2.4' ],
1448 silly audit   mz: [ '2.7.0' ],
1448 silly audit   pirates: [ '4.0.7' ],
1448 silly audit   tinyglobby: [ '0.2.17' ],
1448 silly audit   'ts-interface-checker': [ '0.1.13' ],
1448 silly audit   'any-promise': [ '1.3.0' ],
1448 silly audit   'object-assign': [ '4.1.1' ],
1448 silly audit   'thenify-all': [ '1.6.0' ],
1448 silly audit   thenify: [ '3.3.1' ],
1448 silly audit   fdir: [ '6.5.0' ],
1448 silly audit   'is-number': [ '7.0.0' ],
1448 silly audit   'media-typer': [ '0.3.0' ],
1448 silly audit   escalade: [ '3.2.0' ],
1448 silly audit   esbuild: [ '0.25.12' ],
1448 silly audit   rollup: [ '4.63.4' ],
1448 silly audit   '@esbuild/aix-ppc64': [ '0.25.12' ],
1448 silly audit   '@esbuild/android-arm': [ '0.25.12' ],
1448 silly audit   '@esbuild/android-arm64': [ '0.25.12' ],
1448 silly audit   '@esbuild/android-x64': [ '0.25.12' ],
1448 silly audit   '@esbuild/darwin-arm64': [ '0.25.12' ],
1448 silly audit   '@esbuild/darwin-x64': [ '0.25.12' ],
1448 silly audit   '@esbuild/freebsd-arm64': [ '0.25.12' ],
1448 silly audit   '@esbuild/freebsd-x64': [ '0.25.12' ],
1448 silly audit   '@esbuild/linux-arm': [ '0.25.12' ],
1448 silly audit   '@esbuild/linux-arm64': [ '0.25.12' ],
1448 silly audit   '@esbuild/linux-ia32': [ '0.25.12' ],
1448 silly audit   '@esbuild/linux-loong64': [ '0.25.12' ],
1448 silly audit   '@esbuild/linux-mips64el': [ '0.25.12' ],
1448 silly audit   '@esbuild/linux-ppc64': [ '0.25.12' ],
1448 silly audit   '@esbuild/linux-riscv64': [ '0.25.12' ],
1448 silly audit   '@esbuild/linux-s390x': [ '0.25.12' ],
1448 silly audit   '@esbuild/linux-x64': [ '0.25.12' ],
1448 silly audit   '@esbuild/netbsd-arm64': [ '0.25.12' ],
1448 silly audit   '@esbuild/netbsd-x64': [ '0.25.12' ],
1448 silly audit   '@esbuild/openbsd-arm64': [ '0.25.12' ],
1448 silly audit   '@esbuild/openbsd-x64': [ '0.25.12' ],
1448 silly audit   '@esbuild/openharmony-arm64': [ '0.25.12' ],
1448 silly audit   '@esbuild/sunos-x64': [ '0.25.12' ],
1448 silly audit   '@esbuild/win32-arm64': [ '0.25.12' ],
1448 silly audit   '@esbuild/win32-ia32': [ '0.25.12' ],
1448 silly audit   '@esbuild/win32-x64': [ '0.25.12' ],
1448 silly audit   '@napi-rs/lzma-linux-x64-gnu': [ '1.5.1' ],
1448 silly audit   '@rollup/rollup-android-arm-eabi': [ '4.63.4' ],
1448 silly audit   '@rollup/rollup-android-arm64': [ '4.63.4' ],
1448 silly audit   '@rollup/rollup-darwin-arm64': [ '4.63.4' ],
1448 silly audit   '@rollup/rollup-darwin-x64': [ '4.63.4' ],
1448 silly audit   '@rollup/rollup-freebsd-arm64': [ '4.63.4' ],
1448 silly audit   '@rollup/rollup-freebsd-x64': [ '4.63.4' ],
1448 silly audit   '@rollup/rollup-linux-arm-gnueabihf': [ '4.63.4' ],
1448 silly audit   '@rollup/rollup-linux-arm-musleabihf': [ '4.63.4' ],
1448 silly audit   '@rollup/rollup-linux-arm64-gnu': [ '4.63.4' ],
1448 silly audit   '@rollup/rollup-linux-arm64-musl': [ '4.63.4' ],
1448 silly audit   '@rollup/rollup-linux-loong64-gnu': [ '4.63.4' ],
1448 silly audit   '@rollup/rollup-linux-loong64-musl': [ '4.63.4' ],
1448 silly audit   '@rollup/rollup-linux-ppc64-gnu': [ '4.63.4' ],
1448 silly audit   '@rollup/rollup-linux-ppc64-musl': [ '4.63.4' ],
1448 silly audit   '@rollup/rollup-linux-riscv64-gnu': [ '4.63.4' ],
1448 silly audit   '@rollup/rollup-linux-riscv64-musl': [ '4.63.4' ],
1448 silly audit   '@rollup/rollup-linux-s390x-gnu': [ '4.63.4' ],
1448 silly audit   '@rollup/rollup-linux-x64-gnu': [ '4.63.4' ],
1448 silly audit   '@rollup/rollup-linux-x64-musl': [ '4.63.4' ],
1448 silly audit   '@rollup/rollup-openbsd-x64': [ '4.63.4' ],
1448 silly audit   '@rollup/rollup-openharmony-arm64': [ '4.63.4' ],
1448 silly audit   '@rollup/rollup-win32-arm64-msvc': [ '4.63.4' ],
1448 silly audit   '@rollup/rollup-win32-ia32-msvc': [ '4.63.4' ],
1448 silly audit   '@rollup/rollup-win32-x64-gnu': [ '4.63.4' ],
1448 silly audit   '@rollup/rollup-win32-x64-msvc': [ '4.63.4' ],
1448 silly audit   '@types/estree': [ '1.0.9' ]
1448 silly audit }
1449 verbose reify failed optional dependency C:\Users\ADMIN\Documents\Codex\2026-09-23\files-pasted-by-the-user-i\node_modules\@rollup\rollup-win32-ia32-msvc
1450 silly reify mark deleted [
1450 silly reify   'C:\\Users\\ADMIN\\Documents\\Codex\\2026-09-23\\files-pasted-by-the-user-i\\node_modules\\@rollup\\rollup-win32-ia32-msvc'
1450 silly reify ]
1451 verbose reify failed optional dependency C:\Users\ADMIN\Documents\Codex\2026-09-23\files-pasted-by-the-user-i\node_modules\@rollup\rollup-win32-arm64-msvc
1452 silly reify mark deleted [
1452 silly reify   'C:\\Users\\ADMIN\\Documents\\Codex\\2026-09-23\\files-pasted-by-the-user-i\\node_modules\\@rollup\\rollup-win32-arm64-msvc'
1452 silly reify ]
1453 verbose reify failed optional dependency C:\Users\ADMIN\Documents\Codex\2026-09-23\files-pasted-by-the-user-i\node_modules\@rollup\rollup-openharmony-arm64
1454 silly reify mark deleted [
1454 silly reify   'C:\\Users\\ADMIN\\Documents\\Codex\\2026-09-23\\files-pasted-by-the-user-i\\node_modules\\@rollup\\rollup-openharmony-arm64'
1454 silly reify ]
1455 verbose reify failed optional dependency C:\Users\ADMIN\Documents\Codex\2026-09-23\files-pasted-by-the-user-i\node_modules\@rollup\rollup-openbsd-x64
1456 silly reify mark deleted [
1456 silly reify   'C:\\Users\\ADMIN\\Documents\\Codex\\2026-09-23\\files-pasted-by-the-user-i\\node_modules\\@rollup\\rollup-openbsd-x64'
1456 silly reify ]
1457 verbose reify failed optional dependency C:\Users\ADMIN\Documents\Codex\2026-09-23\files-pasted-by-the-user-i\node_modules\@rollup\rollup-linux-x64-musl
1458 silly reify mark deleted [
1458 silly reify   'C:\\Users\\ADMIN\\Documents\\Codex\\2026-09-23\\files-pasted-by-the-user-i\\node_modules\\@rollup\\rollup-linux-x64-musl'
1458 silly reify ]
1459 verbose reify failed optional dependency C:\Users\ADMIN\Documents\Codex\2026-09-23\files-pasted-by-the-user-i\node_modules\@rollup\rollup-linux-x64-gnu
1460 silly reify mark deleted [
1460 silly reify   'C:\\Users\\ADMIN\\Documents\\Codex\\2026-09-23\\files-pasted-by-the-user-i\\node_modules\\@rollup\\rollup-linux-x64-gnu'
1460 silly reify ]
1461 verbose reify failed optional dependency C:\Users\ADMIN\Documents\Codex\2026-09-23\files-pasted-by-the-user-i\node_modules\@rollup\rollup-linux-s390x-gnu
1462 silly reify mark deleted [
1462 silly reify   'C:\\Users\\ADMIN\\Documents\\Codex\\2026-09-23\\files-pasted-by-the-user-i\\node_modules\\@rollup\\rollup-linux-s390x-gnu'
1462 silly reify ]
1463 verbose reify failed optional dependency C:\Users\ADMIN\Documents\Codex\2026-09-23\files-pasted-by-the-user-i\node_modules\@rollup\rollup-linux-riscv64-musl
1464 silly reify mark deleted [
1464 silly reify   'C:\\Users\\ADMIN\\Documents\\Codex\\2026-09-23\\files-pasted-by-the-user-i\\node_modules\\@rollup\\rollup-linux-riscv64-musl'
1464 silly reify ]
1465 verbose reify failed optional dependency C:\Users\ADMIN\Documents\Codex\2026-09-23\files-pasted-by-the-user-i\node_modules\@rollup\rollup-linux-riscv64-gnu
1466 silly reify mark deleted [
1466 silly reify   'C:\\Users\\ADMIN\\Documents\\Codex\\2026-09-23\\files-pasted-by-the-user-i\\node_modules\\@rollup\\rollup-linux-riscv64-gnu'
1466 silly reify ]
1467 verbose reify failed optional dependency C:\Users\ADMIN\Documents\Codex\2026-09-23\files-pasted-by-the-user-i\node_modules\@rollup\rollup-linux-ppc64-musl
1468 silly reify mark deleted [
1468 silly reify   'C:\\Users\\ADMIN\\Documents\\Codex\\2026-09-23\\files-pasted-by-the-user-i\\node_modules\\@rollup\\rollup-linux-ppc64-musl'
1468 silly reify ]
1469 verbose reify failed optional dependency C:\Users\ADMIN\Documents\Codex\2026-09-23\files-pasted-by-the-user-i\node_modules\@rollup\rollup-linux-ppc64-gnu
1470 silly reify mark deleted [
1470 silly reify   'C:\\Users\\ADMIN\\Documents\\Codex\\2026-09-23\\files-pasted-by-the-user-i\\node_modules\\@rollup\\rollup-linux-ppc64-gnu'
1470 silly reify ]
1471 verbose reify failed optional dependency C:\Users\ADMIN\Documents\Codex\2026-09-23\files-pasted-by-the-user-i\node_modules\@rollup\rollup-linux-loong64-musl
1472 silly reify mark deleted [
1472 silly reify   'C:\\Users\\ADMIN\\Documents\\Codex\\2026-09-23\\files-pasted-by-the-user-i\\node_modules\\@rollup\\rollup-linux-loong64-musl'
1472 silly reify ]
1473 verbose reify failed optional dependency C:\Users\ADMIN\Documents\Codex\2026-09-23\files-pasted-by-the-user-i\node_modules\@rollup\rollup-linux-loong64-gnu
1474 silly reify mark deleted [
1474 silly reify   'C:\\Users\\ADMIN\\Documents\\Codex\\2026-09-23\\files-pasted-by-the-user-i\\node_modules\\@rollup\\rollup-linux-loong64-gnu'
1474 silly reify ]
1475 verbose reify failed optional dependency C:\Users\ADMIN\Documents\Codex\2026-09-23\files-pasted-by-the-user-i\node_modules\@rollup\rollup-linux-arm64-musl
1476 silly reify mark deleted [
1476 silly reify   'C:\\Users\\ADMIN\\Documents\\Codex\\2026-09-23\\files-pasted-by-the-user-i\\node_modules\\@rollup\\rollup-linux-arm64-musl'
1476 silly reify ]
1477 verbose reify failed optional dependency C:\Users\ADMIN\Documents\Codex\2026-09-23\files-pasted-by-the-user-i\node_modules\@rollup\rollup-linux-arm64-gnu
1478 silly reify mark deleted [
1478 silly reify   'C:\\Users\\ADMIN\\Documents\\Codex\\2026-09-23\\files-pasted-by-the-user-i\\node_modules\\@rollup\\rollup-linux-arm64-gnu'
1478 silly reify ]
1479 verbose reify failed optional dependency C:\Users\ADMIN\Documents\Codex\2026-09-23\files-pasted-by-the-user-i\node_modules\@rollup\rollup-linux-arm-musleabihf
1480 silly reify mark deleted [
1480 silly reify   'C:\\Users\\ADMIN\\Documents\\Codex\\2026-09-23\\files-pasted-by-the-user-i\\node_modules\\@rollup\\rollup-linux-arm-musleabihf'
1480 silly reify ]
1481 verbose reify failed optional dependency C:\Users\ADMIN\Documents\Codex\2026-09-23\files-pasted-by-the-user-i\node_modules\@rollup\rollup-linux-arm-gnueabihf
1482 silly reify mark deleted [
1482 silly reify   'C:\\Users\\ADMIN\\Documents\\Codex\\2026-09-23\\files-pasted-by-the-user-i\\node_modules\\@rollup\\rollup-linux-arm-gnueabihf'
1482 silly reify ]
1483 verbose reify failed optional dependency C:\Users\ADMIN\Documents\Codex\2026-09-23\files-pasted-by-the-user-i\node_modules\@rollup\rollup-freebsd-x64
1484 silly reify mark deleted [
1484 silly reify   'C:\\Users\\ADMIN\\Documents\\Codex\\2026-09-23\\files-pasted-by-the-user-i\\node_modules\\@rollup\\rollup-freebsd-x64'
1484 silly reify ]
1485 verbose reify failed optional dependency C:\Users\ADMIN\Documents\Codex\2026-09-23\files-pasted-by-the-user-i\node_modules\@rollup\rollup-freebsd-arm64
1486 silly reify mark deleted [
1486 silly reify   'C:\\Users\\ADMIN\\Documents\\Codex\\2026-09-23\\files-pasted-by-the-user-i\\node_modules\\@rollup\\rollup-freebsd-arm64'
1486 silly reify ]
1487 verbose reify failed optional dependency C:\Users\ADMIN\Documents\Codex\2026-09-23\files-pasted-by-the-user-i\node_modules\@rollup\rollup-darwin-x64
1488 silly reify mark deleted [
1488 silly reify   'C:\\Users\\ADMIN\\Documents\\Codex\\2026-09-23\\files-pasted-by-the-user-i\\node_modules\\@rollup\\rollup-darwin-x64'
1488 silly reify ]
1489 verbose reify failed optional dependency C:\Users\ADMIN\Documents\Codex\2026-09-23\files-pasted-by-the-user-i\node_modules\@rollup\rollup-darwin-arm64
1490 silly reify mark deleted [
1490 silly reify   'C:\\Users\\ADMIN\\Documents\\Codex\\2026-09-23\\files-pasted-by-the-user-i\\node_modules\\@rollup\\rollup-darwin-arm64'
1490 silly reify ]
1491 verbose reify failed optional dependency C:\Users\ADMIN\Documents\Codex\2026-09-23\files-pasted-by-the-user-i\node_modules\@rollup\rollup-android-arm64
1492 silly reify mark deleted [
1492 silly reify   'C:\\Users\\ADMIN\\Documents\\Codex\\2026-09-23\\files-pasted-by-the-user-i\\node_modules\\@rollup\\rollup-android-arm64'
1492 silly reify ]
1493 verbose reify failed optional dependency C:\Users\ADMIN\Documents\Codex\2026-09-23\files-pasted-by-the-user-i\node_modules\@rollup\rollup-android-arm-eabi
1494 silly reify mark deleted [
1494 silly reify   'C:\\Users\\ADMIN\\Documents\\Codex\\2026-09-23\\files-pasted-by-the-user-i\\node_modules\\@rollup\\rollup-android-arm-eabi'
1494 silly reify ]
1495 verbose reify failed optional dependency C:\Users\ADMIN\Documents\Codex\2026-09-23\files-pasted-by-the-user-i\node_modules\@napi-rs\lzma-linux-x64-gnu
1496 silly reify mark deleted [
1496 silly reify   'C:\\Users\\ADMIN\\Documents\\Codex\\2026-09-23\\files-pasted-by-the-user-i\\node_modules\\@napi-rs\\lzma-linux-x64-gnu'
1496 silly reify ]
1497 verbose reify failed optional dependency C:\Users\ADMIN\Documents\Codex\2026-09-23\files-pasted-by-the-user-i\node_modules\@esbuild\win32-ia32
1498 silly reify mark deleted [
1498 silly reify   'C:\\Users\\ADMIN\\Documents\\Codex\\2026-09-23\\files-pasted-by-the-user-i\\node_modules\\@esbuild\\win32-ia32'
1498 silly reify ]
1499 verbose reify failed optional dependency C:\Users\ADMIN\Documents\Codex\2026-09-23\files-pasted-by-the-user-i\node_modules\@esbuild\win32-arm64
1500 silly reify mark deleted [
1500 silly reify   'C:\\Users\\ADMIN\\Documents\\Codex\\2026-09-23\\files-pasted-by-the-user-i\\node_modules\\@esbuild\\win32-arm64'
1500 silly reify ]
1501 verbose reify failed optional dependency C:\Users\ADMIN\Documents\Codex\2026-09-23\files-pasted-by-the-user-i\node_modules\@esbuild\sunos-x64
1502 silly reify mark deleted [
1502 silly reify   'C:\\Users\\ADMIN\\Documents\\Codex\\2026-09-23\\files-pasted-by-the-user-i\\node_modules\\@esbuild\\sunos-x64'
1502 silly reify ]
1503 verbose reify failed optional dependency C:\Users\ADMIN\Documents\Codex\2026-09-23\files-pasted-by-the-user-i\node_modules\@esbuild\openharmony-arm64
1504 silly reify mark deleted [
1504 silly reify   'C:\\Users\\ADMIN\\Documents\\Codex\\2026-09-23\\files-pasted-by-the-user-i\\node_modules\\@esbuild\\openharmony-arm64'
1504 silly reify ]
1505 verbose reify failed optional dependency C:\Users\ADMIN\Documents\Codex\2026-09-23\files-pasted-by-the-user-i\node_modules\@esbuild\openbsd-x64
1506 silly reify mark deleted [
1506 silly reify   'C:\\Users\\ADMIN\\Documents\\Codex\\2026-09-23\\files-pasted-by-the-user-i\\node_modules\\@esbuild\\openbsd-x64'
1506 silly reify ]
1507 verbose reify failed optional dependency C:\Users\ADMIN\Documents\Codex\2026-09-23\files-pasted-by-the-user-i\node_modules\@esbuild\openbsd-arm64
1508 silly reify mark deleted [
1508 silly reify   'C:\\Users\\ADMIN\\Documents\\Codex\\2026-09-23\\files-pasted-by-the-user-i\\node_modules\\@esbuild\\openbsd-arm64'
1508 silly reify ]
1509 verbose reify failed optional dependency C:\Users\ADMIN\Documents\Codex\2026-09-23\files-pasted-by-the-user-i\node_modules\@esbuild\netbsd-x64
1510 silly reify mark deleted [
1510 silly reify   'C:\\Users\\ADMIN\\Documents\\Codex\\2026-09-23\\files-pasted-by-the-user-i\\node_modules\\@esbuild\\netbsd-x64'
1510 silly reify ]
1511 verbose reify failed optional dependency C:\Users\ADMIN\Documents\Codex\2026-09-23\files-pasted-by-the-user-i\node_modules\@esbuild\netbsd-arm64
1512 silly reify mark deleted [
1512 silly reify   'C:\\Users\\ADMIN\\Documents\\Codex\\2026-09-23\\files-pasted-by-the-user-i\\node_modules\\@esbuild\\netbsd-arm64'
1512 silly reify ]
1513 verbose reify failed optional dependency C:\Users\ADMIN\Documents\Codex\2026-09-23\files-pasted-by-the-user-i\node_modules\@esbuild\linux-x64
1514 silly reify mark deleted [
1514 silly reify   'C:\\Users\\ADMIN\\Documents\\Codex\\2026-09-23\\files-pasted-by-the-user-i\\node_modules\\@esbuild\\linux-x64'
1514 silly reify ]
1515 verbose reify failed optional dependency C:\Users\ADMIN\Documents\Codex\2026-09-23\files-pasted-by-the-user-i\node_modules\@esbuild\linux-s390x
1516 silly reify mark deleted [
1516 silly reify   'C:\\Users\\ADMIN\\Documents\\Codex\\2026-09-23\\files-pasted-by-the-user-i\\node_modules\\@esbuild\\linux-s390x'
1516 silly reify ]
1517 verbose reify failed optional dependency C:\Users\ADMIN\Documents\Codex\2026-09-23\files-pasted-by-the-user-i\node_modules\@esbuild\linux-riscv64
1518 silly reify mark deleted [
1518 silly reify   'C:\\Users\\ADMIN\\Documents\\Codex\\2026-09-23\\files-pasted-by-the-user-i\\node_modules\\@esbuild\\linux-riscv64'
1518 silly reify ]
1519 verbose reify failed optional dependency C:\Users\ADMIN\Documents\Codex\2026-09-23\files-pasted-by-the-user-i\node_modules\@esbuild\linux-ppc64
1520 silly reify mark deleted [
1520 silly reify   'C:\\Users\\ADMIN\\Documents\\Codex\\2026-09-23\\files-pasted-by-the-user-i\\node_modules\\@esbuild\\linux-ppc64'
1520 silly reify ]
1521 verbose reify failed optional dependency C:\Users\ADMIN\Documents\Codex\2026-09-23\files-pasted-by-the-user-i\node_modules\@esbuild\linux-mips64el
1522 silly reify mark deleted [
1522 silly reify   'C:\\Users\\ADMIN\\Documents\\Codex\\2026-09-23\\files-pasted-by-the-user-i\\node_modules\\@esbuild\\linux-mips64el'
1522 silly reify ]
1523 verbose reify failed optional dependency C:\Users\ADMIN\Documents\Codex\2026-09-23\files-pasted-by-the-user-i\node_modules\@esbuild\linux-loong64
1524 silly reify mark deleted [
1524 silly reify   'C:\\Users\\ADMIN\\Documents\\Codex\\2026-09-23\\files-pasted-by-the-user-i\\node_modules\\@esbuild\\linux-loong64'
1524 silly reify ]
1525 verbose reify failed optional dependency C:\Users\ADMIN\Documents\Codex\2026-09-23\files-pasted-by-the-user-i\node_modules\@esbuild\linux-ia32
1526 silly reify mark deleted [
1526 silly reify   'C:\\Users\\ADMIN\\Documents\\Codex\\2026-09-23\\files-pasted-by-the-user-i\\node_modules\\@esbuild\\linux-ia32'
1526 silly reify ]
1527 verbose reify failed optional dependency C:\Users\ADMIN\Documents\Codex\2026-09-23\files-pasted-by-the-user-i\node_modules\@esbuild\linux-arm64
1528 silly reify mark deleted [
1528 silly reify   'C:\\Users\\ADMIN\\Documents\\Codex\\2026-09-23\\files-pasted-by-the-user-i\\node_modules\\@esbuild\\linux-arm64'
1528 silly reify ]
1529 verbose reify failed optional dependency C:\Users\ADMIN\Documents\Codex\2026-09-23\files-pasted-by-the-user-i\node_modules\@esbuild\linux-arm
1530 silly reify mark deleted [
1530 silly reify   'C:\\Users\\ADMIN\\Documents\\Codex\\2026-09-23\\files-pasted-by-the-user-i\\node_modules\\@esbuild\\linux-arm'
1530 silly reify ]
1531 verbose reify failed optional dependency C:\Users\ADMIN\Documents\Codex\2026-09-23\files-pasted-by-the-user-i\node_modules\@esbuild\freebsd-x64
1532 silly reify mark deleted [
1532 silly reify   'C:\\Users\\ADMIN\\Documents\\Codex\\2026-09-23\\files-pasted-by-the-user-i\\node_modules\\@esbuild\\freebsd-x64'
1532 silly reify ]
1533 verbose reify failed optional dependency C:\Users\ADMIN\Documents\Codex\2026-09-23\files-pasted-by-the-user-i\node_modules\@esbuild\freebsd-arm64
1534 silly reify mark deleted [
1534 silly reify   'C:\\Users\\ADMIN\\Documents\\Codex\\2026-09-23\\files-pasted-by-the-user-i\\node_modules\\@esbuild\\freebsd-arm64'
1534 silly reify ]
1535 verbose reify failed optional dependency C:\Users\ADMIN\Documents\Codex\2026-09-23\files-pasted-by-the-user-i\node_modules\@esbuild\darwin-x64
1536 silly reify mark deleted [
1536 silly reify   'C:\\Users\\ADMIN\\Documents\\Codex\\2026-09-23\\files-pasted-by-the-user-i\\node_modules\\@esbuild\\darwin-x64'
1536 silly reify ]
1537 verbose reify failed optional dependency C:\Users\ADMIN\Documents\Codex\2026-09-23\files-pasted-by-the-user-i\node_modules\@esbuild\darwin-arm64
1538 silly reify mark deleted [
1538 silly reify   'C:\\Users\\ADMIN\\Documents\\Codex\\2026-09-23\\files-pasted-by-the-user-i\\node_modules\\@esbuild\\darwin-arm64'
1538 silly reify ]
1539 verbose reify failed optional dependency C:\Users\ADMIN\Documents\Codex\2026-09-23\files-pasted-by-the-user-i\node_modules\@esbuild\android-x64
1540 silly reify mark deleted [
1540 silly reify   'C:\\Users\\ADMIN\\Documents\\Codex\\2026-09-23\\files-pasted-by-the-user-i\\node_modules\\@esbuild\\android-x64'
1540 silly reify ]
1541 verbose reify failed optional dependency C:\Users\ADMIN\Documents\Codex\2026-09-23\files-pasted-by-the-user-i\node_modules\@esbuild\android-arm64
1542 silly reify mark deleted [
1542 silly reify   'C:\\Users\\ADMIN\\Documents\\Codex\\2026-09-23\\files-pasted-by-the-user-i\\node_modules\\@esbuild\\android-arm64'
1542 silly reify ]
1543 verbose reify failed optional dependency C:\Users\ADMIN\Documents\Codex\2026-09-23\files-pasted-by-the-user-i\node_modules\@esbuild\android-arm
1544 silly reify mark deleted [
1544 silly reify   'C:\\Users\\ADMIN\\Documents\\Codex\\2026-09-23\\files-pasted-by-the-user-i\\node_modules\\@esbuild\\android-arm'
1544 silly reify ]
1545 verbose reify failed optional dependency C:\Users\ADMIN\Documents\Codex\2026-09-23\files-pasted-by-the-user-i\node_modules\@esbuild\aix-ppc64
1546 silly reify mark deleted [
1546 silly reify   'C:\\Users\\ADMIN\\Documents\\Codex\\2026-09-23\\files-pasted-by-the-user-i\\node_modules\\@esbuild\\aix-ppc64'
1546 silly reify ]
1547 verbose reify failed optional dependency C:\Users\ADMIN\Documents\Codex\2026-09-23\files-pasted-by-the-user-i\node_modules\fsevents
1548 silly reify mark deleted [
1548 silly reify   'C:\\Users\\ADMIN\\Documents\\Codex\\2026-09-23\\files-pasted-by-the-user-i\\node_modules\\fsevents'
1548 silly reify ]
1549 http cache @types/estree@https://registry.npmjs.org/@types/estree/-/estree-1.0.9.tgz 0ms (cache hit)
1550 http cache @esbuild/win32-x64@https://registry.npmjs.org/@esbuild/win32-x64/-/win32-x64-0.25.12.tgz 0ms (cache hit)
1551 http cache @rollup/rollup-win32-x64-gnu@https://registry.npmjs.org/@rollup/rollup-win32-x64-gnu/-/rollup-win32-x64-gnu-4.63.4.tgz 0ms (cache hit)
1552 http cache rollup@https://registry.npmjs.org/rollup/-/rollup-4.63.4.tgz 0ms (cache hit)
1553 http cache esbuild@https://registry.npmjs.org/esbuild/-/esbuild-0.25.12.tgz 0ms (cache hit)
1554 http cache @rollup/rollup-win32-x64-msvc@https://registry.npmjs.org/@rollup/rollup-win32-x64-msvc/-/rollup-win32-x64-msvc-4.63.4.tgz 0ms (cache hit)
1555 http cache media-typer@https://registry.npmjs.org/media-typer/-/media-typer-0.3.0.tgz 0ms (cache hit)
1556 http cache escalade@https://registry.npmjs.org/escalade/-/escalade-3.2.0.tgz 0ms (cache hit)
1557 http cache is-number@https://registry.npmjs.org/is-number/-/is-number-7.0.0.tgz 0ms (cache hit)
1558 http cache thenify-all@https://registry.npmjs.org/thenify-all/-/thenify-all-1.6.0.tgz 0ms (cache hit)
1559 http cache thenify@https://registry.npmjs.org/thenify/-/thenify-3.3.1.tgz 0ms (cache hit)
1560 http cache object-assign@https://registry.npmjs.org/object-assign/-/object-assign-4.1.1.tgz 0ms (cache hit)
1561 http cache any-promise@https://registry.npmjs.org/any-promise/-/any-promise-1.3.0.tgz 0ms (cache hit)
1562 http cache ts-interface-checker@https://registry.npmjs.org/ts-interface-checker/-/ts-interface-checker-0.1.13.tgz 0ms (cache hit)
1563 http cache pirates@https://registry.npmjs.org/pirates/-/pirates-4.0.7.tgz 0ms (cache hit)
1564 http cache tinyglobby@https://registry.npmjs.org/tinyglobby/-/tinyglobby-0.2.17.tgz 0ms (cache hit)
1565 http cache mz@https://registry.npmjs.org/mz/-/mz-2.7.0.tgz 0ms (cache hit)
1566 http cache queue-microtask@https://registry.npmjs.org/queue-microtask/-/queue-microtask-1.2.3.tgz 0ms (cache hit)
1567 http cache lines-and-columns@https://registry.npmjs.org/lines-and-columns/-/lines-and-columns-1.2.4.tgz 0ms (cache hit)
1568 http cache supports-preserve-symlinks-flag@https://registry.npmjs.org/supports-preserve-symlinks-flag/-/supports-preserve-symlinks-flag-1.0.0.tgz 0ms (cache hit)
1569 http cache commander@https://registry.npmjs.org/commander/-/commander-4.1.1.tgz 0ms (cache hit)
1570 http cache path-parse@https://registry.npmjs.org/path-parse/-/path-parse-1.0.7.tgz 0ms (cache hit)
1571 http cache util-deprecate@https://registry.npmjs.org/util-deprecate/-/util-deprecate-1.0.2.tgz 0ms (cache hit)
1572 http cache cssesc@https://registry.npmjs.org/cssesc/-/cssesc-3.0.0.tgz 0ms (cache hit)
1573 http cache is-core-module@https://registry.npmjs.org/is-core-module/-/is-core-module-2.17.0.tgz 0ms (cache hit)
1574 http cache read-cache@https://registry.npmjs.org/read-cache/-/read-cache-1.0.2.tgz 0ms (cache hit)
1575 http cache is-extglob@https://registry.npmjs.org/is-extglob/-/is-extglob-2.1.1.tgz 0ms (cache hit)
1576 http cache camelcase-css@https://registry.npmjs.org/camelcase-css/-/camelcase-css-2.0.1.tgz 0ms (cache hit)
1577 http cache binary-extensions@https://registry.npmjs.org/binary-extensions/-/binary-extensions-2.3.0.tgz 0ms (cache hit)
1578 http cache @nodelib/fs.scandir@https://registry.npmjs.org/@nodelib/fs.scandir/-/fs.scandir-2.1.5.tgz 0ms (cache hit)
1579 http cache reusify@https://registry.npmjs.org/reusify/-/reusify-1.1.0.tgz 0ms (cache hit)
1580 http cache to-regex-range@https://registry.npmjs.org/to-regex-range/-/to-regex-range-5.0.1.tgz 0ms (cache hit)
1581 http cache fastq@https://registry.npmjs.org/fastq/-/fastq-1.20.3.tgz 0ms (cache hit)
1582 http cache @nodelib/fs.walk@https://registry.npmjs.org/@nodelib/fs.walk/-/fs.walk-1.2.8.tgz 0ms (cache hit)
1583 http cache merge2@https://registry.npmjs.org/merge2/-/merge2-1.4.1.tgz 0ms (cache hit)
1584 http cache run-parallel@https://registry.npmjs.org/run-parallel/-/run-parallel-1.2.0.tgz 0ms (cache hit)
1585 http cache @nodelib/fs.stat@https://registry.npmjs.org/@nodelib/fs.stat/-/fs.stat-2.0.5.tgz 0ms (cache hit)
1586 http cache fill-range@https://registry.npmjs.org/fill-range/-/fill-range-7.1.1.tgz 0ms (cache hit)
1587 http cache picomatch@https://registry.npmjs.org/picomatch/-/picomatch-2.3.2.tgz 0ms (cache hit)
1588 http cache is-binary-path@https://registry.npmjs.org/is-binary-path/-/is-binary-path-2.1.0.tgz 0ms (cache hit)
1589 http cache readdirp@https://registry.npmjs.org/readdirp/-/readdirp-3.6.0.tgz 0ms (cache hit)
1590 http cache braces@https://registry.npmjs.org/braces/-/braces-3.0.3.tgz 0ms (cache hit)
1591 http cache anymatch@https://registry.npmjs.org/anymatch/-/anymatch-3.1.3.tgz 0ms (cache hit)
1592 http cache postcss-nested@https://registry.npmjs.org/postcss-nested/-/postcss-nested-6.2.0.tgz 0ms (cache hit)
1593 http cache postcss-selector-parser@https://registry.npmjs.org/postcss-selector-parser/-/postcss-selector-parser-6.1.4.tgz 0ms (cache hit)
1594 http cache postcss-load-config@https://registry.npmjs.org/postcss-load-config/-/postcss-load-config-6.0.1.tgz 0ms (cache hit)
1595 http cache sucrase@https://registry.npmjs.org/sucrase/-/sucrase-3.35.1.tgz 0ms (cache hit)
1596 http cache resolve@https://registry.npmjs.org/resolve/-/resolve-1.22.12.tgz 1ms (cache hit)
1597 http cache postcss-js@https://registry.npmjs.org/postcss-js/-/postcss-js-4.1.0.tgz 0ms (cache hit)
1598 http cache postcss-import@https://registry.npmjs.org/postcss-import/-/postcss-import-15.1.0.tgz 0ms (cache hit)
1599 http cache object-hash@https://registry.npmjs.org/object-hash/-/object-hash-3.0.0.tgz 0ms (cache hit)
1600 http cache normalize-path@https://registry.npmjs.org/normalize-path/-/normalize-path-3.0.0.tgz 0ms (cache hit)
1601 http cache lilconfig@https://registry.npmjs.org/lilconfig/-/lilconfig-3.1.3.tgz 0ms (cache hit)
1602 http cache micromatch@https://registry.npmjs.org/micromatch/-/micromatch-4.0.8.tgz 0ms (cache hit)
1603 http cache is-glob@https://registry.npmjs.org/is-glob/-/is-glob-4.0.3.tgz 0ms (cache hit)
1604 http cache glob-parent@https://registry.npmjs.org/glob-parent/-/glob-parent-6.0.2.tgz 0ms (cache hit)
1605 http cache dlv@https://registry.npmjs.org/dlv/-/dlv-1.1.3.tgz 0ms (cache hit)
1606 http cache didyoumean@https://registry.npmjs.org/didyoumean/-/didyoumean-1.2.2.tgz 0ms (cache hit)
1607 http cache jiti@https://registry.npmjs.org/jiti/-/jiti-1.21.7.tgz 0ms (cache hit)
1608 http cache arg@https://registry.npmjs.org/arg/-/arg-5.0.2.tgz 0ms (cache hit)
1609 http cache fast-glob@https://registry.npmjs.org/fast-glob/-/fast-glob-3.3.3.tgz 0ms (cache hit)
1610 http cache @alloc/quick-lru@https://registry.npmjs.org/@alloc/quick-lru/-/quick-lru-5.3.0.tgz 0ms (cache hit)
1611 http cache math-intrinsics@https://registry.npmjs.org/math-intrinsics/-/math-intrinsics-1.1.0.tgz 0ms (cache hit)
1612 http cache dunder-proto@https://registry.npmjs.org/dunder-proto/-/dunder-proto-1.0.1.tgz 0ms (cache hit)
1613 http cache chokidar@https://registry.npmjs.org/chokidar/-/chokidar-3.6.0.tgz 0ms (cache hit)
1614 http cache get-proto@https://registry.npmjs.org/get-proto/-/get-proto-1.0.1.tgz 0ms (cache hit)
1615 http cache hasown@https://registry.npmjs.org/hasown/-/hasown-2.0.4.tgz 0ms (cache hit)
1616 http cache gopd@https://registry.npmjs.org/gopd/-/gopd-1.2.0.tgz 0ms (cache hit)
1617 http cache has-symbols@https://registry.npmjs.org/has-symbols/-/has-symbols-1.1.0.tgz 0ms (cache hit)
1618 http cache es-object-atoms@https://registry.npmjs.org/es-object-atoms/-/es-object-atoms-1.1.2.tgz 0ms (cache hit)
1619 http cache call-bound@https://registry.npmjs.org/call-bound/-/call-bound-1.0.4.tgz 0ms (cache hit)
1620 http cache call-bind-apply-helpers@https://registry.npmjs.org/call-bind-apply-helpers/-/call-bind-apply-helpers-1.0.2.tgz 0ms (cache hit)
1621 http cache get-intrinsic@https://registry.npmjs.org/get-intrinsic/-/get-intrinsic-1.3.0.tgz 0ms (cache hit)
1622 http cache side-channel-weakmap@https://registry.npmjs.org/side-channel-weakmap/-/side-channel-weakmap-1.0.2.tgz 0ms (cache hit)
1623 http cache object-inspect@https://registry.npmjs.org/object-inspect/-/object-inspect-1.13.4.tgz 0ms (cache hit)
1624 http cache es-errors@https://registry.npmjs.org/es-errors/-/es-errors-1.3.0.tgz 0ms (cache hit)
1625 http cache function-bind@https://registry.npmjs.org/function-bind/-/function-bind-1.1.2.tgz 0ms (cache hit)
1626 http cache side-channel-list@https://registry.npmjs.org/side-channel-list/-/side-channel-list-1.0.1.tgz 0ms (cache hit)
1627 http cache side-channel-map@https://registry.npmjs.org/side-channel-map/-/side-channel-map-1.0.1.tgz 0ms (cache hit)
1628 http cache scheduler@https://registry.npmjs.org/scheduler/-/scheduler-0.23.2.tgz 0ms (cache hit)
1629 http cache loose-envify@https://registry.npmjs.org/loose-envify/-/loose-envify-1.4.0.tgz 0ms (cache hit)
1630 http cache mime@https://registry.npmjs.org/mime/-/mime-1.6.0.tgz 0ms (cache hit)
1631 http cache side-channel@https://registry.npmjs.org/side-channel/-/side-channel-1.1.1.tgz 0ms (cache hit)
1632 http cache ipaddr.js@https://registry.npmjs.org/ipaddr.js/-/ipaddr.js-1.9.1.tgz 0ms (cache hit)
1633 http cache es-define-property@https://registry.npmjs.org/es-define-property/-/es-define-property-1.0.1.tgz 0ms (cache hit)
1634 http cache nanoid@https://registry.npmjs.org/nanoid/-/nanoid-3.3.19.tgz 0ms (cache hit)
1635 http cache source-map-js@https://registry.npmjs.org/source-map-js/-/source-map-js-1.2.1.tgz 0ms (cache hit)
1636 http cache forwarded@https://registry.npmjs.org/forwarded/-/forwarded-0.2.0.tgz 0ms (cache hit)
1637 http cache mime-db@https://registry.npmjs.org/mime-db/-/mime-db-1.52.0.tgz 0ms (cache hit)
1638 http cache ee-first@https://registry.npmjs.org/ee-first/-/ee-first-1.1.1.tgz 0ms (cache hit)
1639 http cache yallist@https://registry.npmjs.org/yallist/-/yallist-3.1.1.tgz 0ms (cache hit)
1640 http cache toidentifier@https://registry.npmjs.org/toidentifier/-/toidentifier-1.0.1.tgz 0ms (cache hit)
1641 http cache inherits@https://registry.npmjs.org/inherits/-/inherits-2.0.4.tgz 0ms (cache hit)
1642 http cache safer-buffer@https://registry.npmjs.org/safer-buffer/-/safer-buffer-2.1.2.tgz 0ms (cache hit)
1643 http cache unpipe@https://registry.npmjs.org/unpipe/-/unpipe-1.0.0.tgz 0ms (cache hit)
1644 http cache iconv-lite@https://registry.npmjs.org/iconv-lite/-/iconv-lite-0.4.24.tgz 0ms (cache hit)
1645 http cache bytes@https://registry.npmjs.org/bytes/-/bytes-3.1.2.tgz 0ms (cache hit)
1646 http cache destroy@https://registry.npmjs.org/destroy/-/destroy-1.2.0.tgz 0ms (cache hit)
1647 http cache raw-body@https://registry.npmjs.org/raw-body/-/raw-body-2.5.3.tgz 0ms (cache hit)
1648 http cache negotiator@https://registry.npmjs.org/negotiator/-/negotiator-0.6.3.tgz 0ms (cache hit)
1649 http cache mime-types@https://registry.npmjs.org/mime-types/-/mime-types-2.1.35.tgz 0ms (cache hit)
1650 http cache vary@https://registry.npmjs.org/vary/-/vary-1.1.2.tgz 0ms (cache hit)
1651 http cache utils-merge@https://registry.npmjs.org/utils-merge/-/utils-merge-1.0.1.tgz 0ms (cache hit)
1652 http cache statuses@https://registry.npmjs.org/statuses/-/statuses-2.0.2.tgz 0ms (cache hit)
1653 http cache serve-static@https://registry.npmjs.org/serve-static/-/serve-static-1.16.3.tgz 0ms (cache hit)
1654 http cache type-is@https://registry.npmjs.org/type-is/-/type-is-1.6.18.tgz 0ms (cache hit)
1655 http cache setprototypeof@https://registry.npmjs.org/setprototypeof/-/setprototypeof-1.2.0.tgz 0ms (cache hit)
1656 http cache safe-buffer@https://registry.npmjs.org/safe-buffer/-/safe-buffer-5.2.1.tgz 0ms (cache hit)
1657 http cache send@https://registry.npmjs.org/send/-/send-0.19.2.tgz 0ms (cache hit)
1658 http cache qs@https://registry.npmjs.org/qs/-/qs-6.16.0.tgz 0ms (cache hit)
1659 http cache proxy-addr@https://registry.npmjs.org/proxy-addr/-/proxy-addr-2.0.8.tgz 0ms (cache hit)
1660 http cache path-to-regexp@https://registry.npmjs.org/path-to-regexp/-/path-to-regexp-0.1.13.tgz 0ms (cache hit)
1661 http cache parseurl@https://registry.npmjs.org/parseurl/-/parseurl-1.3.3.tgz 0ms (cache hit)
1662 http cache range-parser@https://registry.npmjs.org/range-parser/-/range-parser-1.2.1.tgz 0ms (cache hit)
1663 http cache methods@https://registry.npmjs.org/methods/-/methods-1.1.2.tgz 0ms (cache hit)
1664 http cache merge-descriptors@https://registry.npmjs.org/merge-descriptors/-/merge-descriptors-1.0.3.tgz 0ms (cache hit)
1665 http cache on-finished@https://registry.npmjs.org/on-finished/-/on-finished-2.4.1.tgz 0ms (cache hit)
1666 http cache fresh@https://registry.npmjs.org/fresh/-/fresh-0.5.2.tgz 0ms (cache hit)
1667 http cache escape-html@https://registry.npmjs.org/escape-html/-/escape-html-1.0.3.tgz 0ms (cache hit)
1668 http cache finalhandler@https://registry.npmjs.org/finalhandler/-/finalhandler-1.3.2.tgz 0ms (cache hit)
1669 http cache etag@https://registry.npmjs.org/etag/-/etag-1.8.1.tgz 0ms (cache hit)
1670 http cache http-errors@https://registry.npmjs.org/http-errors/-/http-errors-2.0.1.tgz 0ms (cache hit)
1671 http cache encodeurl@https://registry.npmjs.org/encodeurl/-/encodeurl-2.0.0.tgz 0ms (cache hit)
1672 http cache cookie-signature@https://registry.npmjs.org/cookie-signature/-/cookie-signature-1.0.7.tgz 0ms (cache hit)
1673 http cache depd@https://registry.npmjs.org/depd/-/depd-2.0.0.tgz 1ms (cache hit)
1674 http cache cookie@https://registry.npmjs.org/cookie/-/cookie-0.7.2.tgz 0ms (cache hit)
1675 http cache content-type@https://registry.npmjs.org/content-type/-/content-type-1.0.5.tgz 0ms (cache hit)
1676 http cache content-disposition@https://registry.npmjs.org/content-disposition/-/content-disposition-0.5.4.tgz 0ms (cache hit)
1677 http cache accepts@https://registry.npmjs.org/accepts/-/accepts-1.3.8.tgz 0ms (cache hit)
1678 http cache body-parser@https://registry.npmjs.org/body-parser/-/body-parser-1.20.8.tgz 0ms (cache hit)
1679 http cache array-flatten@https://registry.npmjs.org/array-flatten/-/array-flatten-1.1.1.tgz 0ms (cache hit)
1680 http cache ms@https://registry.npmjs.org/ms/-/ms-2.1.3.tgz 0ms (cache hit)
1681 http cache update-browserslist-db@https://registry.npmjs.org/update-browserslist-db/-/update-browserslist-db-1.3.3.tgz 0ms (cache hit)
1682 http cache @types/babel__traverse@https://registry.npmjs.org/@types/babel__traverse/-/babel__traverse-7.28.0.tgz 0ms (cache hit)
1683 http cache node-releases@https://registry.npmjs.org/node-releases/-/node-releases-2.0.57.tgz 0ms (cache hit)
1684 http cache electron-to-chromium@https://registry.npmjs.org/electron-to-chromium/-/electron-to-chromium-1.5.438.tgz 0ms (cache hit)
1685 http cache baseline-browser-mapping@https://registry.npmjs.org/baseline-browser-mapping/-/baseline-browser-mapping-2.11.25.tgz 0ms (cache hit)
1686 http cache postcss-value-parser@https://registry.npmjs.org/postcss-value-parser/-/postcss-value-parser-4.2.0.tgz 0ms (cache hit)
1687 http cache fraction.js@https://registry.npmjs.org/fraction.js/-/fraction.js-5.3.4.tgz 0ms (cache hit)
1688 http cache @types/babel__template@https://registry.npmjs.org/@types/babel__template/-/babel__template-7.4.4.tgz 0ms (cache hit)
1689 http cache caniuse-lite@https://registry.npmjs.org/caniuse-lite/-/caniuse-lite-1.0.30001810.tgz 0ms (cache hit)
1690 http cache @types/babel__generator@https://registry.npmjs.org/@types/babel__generator/-/babel__generator-7.27.0.tgz 0ms (cache hit)
1691 http cache @jridgewell/resolve-uri@https://registry.npmjs.org/@jridgewell/resolve-uri/-/resolve-uri-3.1.2.tgz 0ms (cache hit)
1692 http cache @jridgewell/sourcemap-codec@https://registry.npmjs.org/@jridgewell/sourcemap-codec/-/sourcemap-codec-1.6.0.tgz 0ms (cache hit)
1693 http cache @babel/helper-string-parser@https://registry.npmjs.org/@babel/helper-string-parser/-/helper-string-parser-7.29.7.tgz 0ms (cache hit)
1694 http cache @babel/helper-plugin-utils@https://registry.npmjs.org/@babel/helper-plugin-utils/-/helper-plugin-utils-7.29.7.tgz 0ms (cache hit)
1695 http cache @babel/helper-module-imports@https://registry.npmjs.org/@babel/helper-module-imports/-/helper-module-imports-7.29.7.tgz 0ms (cache hit)
1696 http cache @babel/helper-globals@https://registry.npmjs.org/@babel/helper-globals/-/helper-globals-7.29.7.tgz 0ms (cache hit)
1697 http cache lru-cache@https://registry.npmjs.org/lru-cache/-/lru-cache-5.1.1.tgz 0ms (cache hit)
1698 http cache browserslist@https://registry.npmjs.org/browserslist/-/browserslist-4.29.0.tgz 0ms (cache hit)
1699 http cache @babel/helper-validator-option@https://registry.npmjs.org/@babel/helper-validator-option/-/helper-validator-option-7.29.7.tgz 0ms (cache hit)
1700 http cache jsesc@https://registry.npmjs.org/jsesc/-/jsesc-3.1.0.tgz 0ms (cache hit)
1701 http cache @jridgewell/trace-mapping@https://registry.npmjs.org/@jridgewell/trace-mapping/-/trace-mapping-0.3.31.tgz 0ms (cache hit)
1702 http cache picocolors@https://registry.npmjs.org/picocolors/-/picocolors-1.1.1.tgz 0ms (cache hit)
1703 http cache @babel/compat-data@https://registry.npmjs.org/@babel/compat-data/-/compat-data-7.29.7.tgz 0ms (cache hit)
1704 http cache @jridgewell/gen-mapping@https://registry.npmjs.org/@jridgewell/gen-mapping/-/gen-mapping-0.3.13.tgz 0ms (cache hit)
1705 http cache @babel/helper-validator-identifier@https://registry.npmjs.org/@babel/helper-validator-identifier/-/helper-validator-identifier-7.29.7.tgz 0ms (cache hit)
1706 http cache json5@https://registry.npmjs.org/json5/-/json5-2.2.3.tgz 0ms (cache hit)
1707 http cache gensync@https://registry.npmjs.org/gensync/-/gensync-1.0.0-beta.2.tgz 0ms (cache hit)
1708 http cache semver@https://registry.npmjs.org/semver/-/semver-6.3.1.tgz 0ms (cache hit)
1709 http cache debug@https://registry.npmjs.org/debug/-/debug-4.4.3.tgz 0ms (cache hit)
1710 http cache js-tokens@https://registry.npmjs.org/js-tokens/-/js-tokens-4.0.0.tgz 0ms (cache hit)
1711 http cache @babel/traverse@https://registry.npmjs.org/@babel/traverse/-/traverse-7.29.8.tgz 0ms (cache hit)
1712 http cache convert-source-map@https://registry.npmjs.org/convert-source-map/-/convert-source-map-2.0.0.tgz 0ms (cache hit)
1713 http cache @jridgewell/remapping@https://registry.npmjs.org/@jridgewell/remapping/-/remapping-2.3.5.tgz 0ms (cache hit)
1714 http cache @babel/types@https://registry.npmjs.org/@babel/types/-/types-7.29.8.tgz 0ms (cache hit)
1715 http cache @babel/template@https://registry.npmjs.org/@babel/template/-/template-7.29.7.tgz 0ms (cache hit)
1716 http cache @babel/parser@https://registry.npmjs.org/@babel/parser/-/parser-7.29.9.tgz 0ms (cache hit)
1717 http cache @babel/helper-module-transforms@https://registry.npmjs.org/@babel/helper-module-transforms/-/helper-module-transforms-7.29.7.tgz 0ms (cache hit)
1718 http cache @babel/generator@https://registry.npmjs.org/@babel/generator/-/generator-7.29.8.tgz 0ms (cache hit)
1719 http cache @babel/helper-compilation-targets@https://registry.npmjs.org/@babel/helper-compilation-targets/-/helper-compilation-targets-7.29.7.tgz 0ms (cache hit)
1720 http cache @babel/helpers@https://registry.npmjs.org/@babel/helpers/-/helpers-7.29.7.tgz 0ms (cache hit)
1721 http cache @babel/code-frame@https://registry.npmjs.org/@babel/code-frame/-/code-frame-7.29.7.tgz 0ms (cache hit)
1722 http cache @types/babel__core@https://registry.npmjs.org/@types/babel__core/-/babel__core-7.20.5.tgz 0ms (cache hit)
1723 http cache tailwindcss@https://registry.npmjs.org/tailwindcss/-/tailwindcss-3.4.19.tgz 0ms (cache hit)
1724 http cache react-refresh@https://registry.npmjs.org/react-refresh/-/react-refresh-0.17.0.tgz 0ms (cache hit)
1725 http cache @babel/plugin-transform-react-jsx-source@https://registry.npmjs.org/@babel/plugin-transform-react-jsx-source/-/plugin-transform-react-jsx-source-7.29.7.tgz 0ms (cache hit)
1726 http cache @babel/plugin-transform-react-jsx-self@https://registry.npmjs.org/@babel/plugin-transform-react-jsx-self/-/plugin-transform-react-jsx-self-7.29.7.tgz 0ms (cache hit)
1727 http cache react-dom@https://registry.npmjs.org/react-dom/-/react-dom-18.3.1.tgz 0ms (cache hit)
1728 http cache @babel/core@https://registry.npmjs.org/@babel/core/-/core-7.29.7.tgz 0ms (cache hit)
1729 http cache react@https://registry.npmjs.org/react/-/react-18.3.1.tgz 0ms (cache hit)
1730 http cache @rolldown/pluginutils@https://registry.npmjs.org/@rolldown/pluginutils/-/pluginutils-1.0.0-beta.27.tgz 0ms (cache hit)
1731 http cache lucide-react@https://registry.npmjs.org/lucide-react/-/lucide-react-0.468.0.tgz 0ms (cache hit)
1732 http cache postcss@https://registry.npmjs.org/postcss/-/postcss-8.5.28.tgz 0ms (cache hit)
1733 http cache autoprefixer@https://registry.npmjs.org/autoprefixer/-/autoprefixer-10.6.1.tgz 0ms (cache hit)
1734 http cache express@https://registry.npmjs.org/express/-/express-4.22.3.tgz 0ms (cache hit)
1735 http cache @vitejs/plugin-react@https://registry.npmjs.org/@vitejs/plugin-react/-/plugin-react-4.7.0.tgz 0ms (cache hit)
1736 http cache picomatch@https://registry.npmjs.org/picomatch/-/picomatch-4.0.7.tgz 0ms (cache hit)
1737 http cache glob-parent@https://registry.npmjs.org/glob-parent/-/glob-parent-5.1.2.tgz 0ms (cache hit)
1738 http cache ms@https://registry.npmjs.org/ms/-/ms-2.0.0.tgz 0ms (cache hit)
1739 http cache fdir@https://registry.npmjs.org/fdir/-/fdir-6.5.0.tgz 0ms (cache hit)
1740 http cache vite@https://registry.npmjs.org/vite/-/vite-6.4.3.tgz 0ms (cache hit)
1741 http cache ms@https://registry.npmjs.org/ms/-/ms-2.0.0.tgz 0ms (cache hit)
1742 http cache glob-parent@https://registry.npmjs.org/glob-parent/-/glob-parent-5.1.2.tgz 0ms (cache hit)
1743 http cache ms@https://registry.npmjs.org/ms/-/ms-2.0.0.tgz 0ms (cache hit)
1744 http cache debug@https://registry.npmjs.org/debug/-/debug-2.6.9.tgz 0ms (cache hit)
1745 http cache debug@https://registry.npmjs.org/debug/-/debug-2.6.9.tgz 0ms (cache hit)
1746 http cache ms@https://registry.npmjs.org/ms/-/ms-2.0.0.tgz 0ms (cache hit)
1747 http cache debug@https://registry.npmjs.org/debug/-/debug-2.6.9.tgz 0ms (cache hit)
1748 silly tarball no local data for @types/estree@https://registry.npmjs.org/@types/estree/-/estree-1.0.9.tgz. Extracting by manifest.
1749 http cache debug@https://registry.npmjs.org/debug/-/debug-2.6.9.tgz 0ms (cache hit)
1750 http cache picomatch@https://registry.npmjs.org/picomatch/-/picomatch-4.0.7.tgz 0ms (cache hit)
1751 http cache fdir@https://registry.npmjs.org/fdir/-/fdir-6.5.0.tgz 0ms (cache hit)
1752 silly tarball no local data for @esbuild/win32-x64@https://registry.npmjs.org/@esbuild/win32-x64/-/win32-x64-0.25.12.tgz. Extracting by manifest.
1753 silly tarball no local data for @rollup/rollup-win32-x64-gnu@https://registry.npmjs.org/@rollup/rollup-win32-x64-gnu/-/rollup-win32-x64-gnu-4.63.4.tgz. Extracting by manifest.
1754 silly tarball no local data for rollup@https://registry.npmjs.org/rollup/-/rollup-4.63.4.tgz. Extracting by manifest.
1755 silly tarball no local data for esbuild@https://registry.npmjs.org/esbuild/-/esbuild-0.25.12.tgz. Extracting by manifest.
1756 silly tarball no local data for @rollup/rollup-win32-x64-msvc@https://registry.npmjs.org/@rollup/rollup-win32-x64-msvc/-/rollup-win32-x64-msvc-4.63.4.tgz. Extracting by manifest.
1757 silly tarball no local data for media-typer@https://registry.npmjs.org/media-typer/-/media-typer-0.3.0.tgz. Extracting by manifest.
1758 silly tarball no local data for escalade@https://registry.npmjs.org/escalade/-/escalade-3.2.0.tgz. Extracting by manifest.
1759 silly tarball no local data for is-number@https://registry.npmjs.org/is-number/-/is-number-7.0.0.tgz. Extracting by manifest.
1760 silly tarball no local data for thenify-all@https://registry.npmjs.org/thenify-all/-/thenify-all-1.6.0.tgz. Extracting by manifest.
1761 silly tarball no local data for thenify@https://registry.npmjs.org/thenify/-/thenify-3.3.1.tgz. Extracting by manifest.
1762 silly tarball no local data for object-assign@https://registry.npmjs.org/object-assign/-/object-assign-4.1.1.tgz. Extracting by manifest.
1763 silly tarball no local data for any-promise@https://registry.npmjs.org/any-promise/-/any-promise-1.3.0.tgz. Extracting by manifest.
1764 silly tarball no local data for ts-interface-checker@https://registry.npmjs.org/ts-interface-checker/-/ts-interface-checker-0.1.13.tgz. Extracting by manifest.
1765 silly tarball no local data for pirates@https://registry.npmjs.org/pirates/-/pirates-4.0.7.tgz. Extracting by manifest.
1766 silly tarball no local data for tinyglobby@https://registry.npmjs.org/tinyglobby/-/tinyglobby-0.2.17.tgz. Extracting by manifest.
1767 silly tarball no local data for mz@https://registry.npmjs.org/mz/-/mz-2.7.0.tgz. Extracting by manifest.
1768 silly tarball no local data for queue-microtask@https://registry.npmjs.org/queue-microtask/-/queue-microtask-1.2.3.tgz. Extracting by manifest.
1769 silly tarball no local data for lines-and-columns@https://registry.npmjs.org/lines-and-columns/-/lines-and-columns-1.2.4.tgz. Extracting by manifest.
1770 silly tarball no local data for supports-preserve-symlinks-flag@https://registry.npmjs.org/supports-preserve-symlinks-flag/-/supports-preserve-symlinks-flag-1.0.0.tgz. Extracting by manifest.
1771 silly tarball no local data for commander@https://registry.npmjs.org/commander/-/commander-4.1.1.tgz. Extracting by manifest.
1772 silly tarball no local data for path-parse@https://registry.npmjs.org/path-parse/-/path-parse-1.0.7.tgz. Extracting by manifest.
1773 silly tarball no local data for util-deprecate@https://registry.npmjs.org/util-deprecate/-/util-deprecate-1.0.2.tgz. Extracting by manifest.
1774 silly tarball no local data for cssesc@https://registry.npmjs.org/cssesc/-/cssesc-3.0.0.tgz. Extracting by manifest.
1775 silly tarball no local data for read-cache@https://registry.npmjs.org/read-cache/-/read-cache-1.0.2.tgz. Extracting by manifest.
1776 silly tarball no local data for is-core-module@https://registry.npmjs.org/is-core-module/-/is-core-module-2.17.0.tgz. Extracting by manifest.
1777 silly tarball no local data for is-extglob@https://registry.npmjs.org/is-extglob/-/is-extglob-2.1.1.tgz. Extracting by manifest.
1778 silly tarball no local data for camelcase-css@https://registry.npmjs.org/camelcase-css/-/camelcase-css-2.0.1.tgz. Extracting by manifest.
1779 silly tarball no local data for binary-extensions@https://registry.npmjs.org/binary-extensions/-/binary-extensions-2.3.0.tgz. Extracting by manifest.
1780 silly tarball no local data for @nodelib/fs.scandir@https://registry.npmjs.org/@nodelib/fs.scandir/-/fs.scandir-2.1.5.tgz. Extracting by manifest.
1781 silly tarball no local data for reusify@https://registry.npmjs.org/reusify/-/reusify-1.1.0.tgz. Extracting by manifest.
1782 silly tarball no local data for to-regex-range@https://registry.npmjs.org/to-regex-range/-/to-regex-range-5.0.1.tgz. Extracting by manifest.
1783 silly tarball no local data for fastq@https://registry.npmjs.org/fastq/-/fastq-1.20.3.tgz. Extracting by manifest.
1784 silly tarball no local data for @nodelib/fs.walk@https://registry.npmjs.org/@nodelib/fs.walk/-/fs.walk-1.2.8.tgz. Extracting by manifest.
1785 silly tarball no local data for merge2@https://registry.npmjs.org/merge2/-/merge2-1.4.1.tgz. Extracting by manifest.
1786 silly tarball no local data for run-parallel@https://registry.npmjs.org/run-parallel/-/run-parallel-1.2.0.tgz. Extracting by manifest.
1787 silly tarball no local data for @nodelib/fs.stat@https://registry.npmjs.org/@nodelib/fs.stat/-/fs.stat-2.0.5.tgz. Extracting by manifest.
1788 silly tarball no local data for fill-range@https://registry.npmjs.org/fill-range/-/fill-range-7.1.1.tgz. Extracting by manifest.
1789 silly tarball no local data for picomatch@https://registry.npmjs.org/picomatch/-/picomatch-2.3.2.tgz. Extracting by manifest.
1790 silly tarball no local data for is-binary-path@https://registry.npmjs.org/is-binary-path/-/is-binary-path-2.1.0.tgz. Extracting by manifest.
1791 silly tarball no local data for readdirp@https://registry.npmjs.org/readdirp/-/readdirp-3.6.0.tgz. Extracting by manifest.
1792 silly tarball no local data for braces@https://registry.npmjs.org/braces/-/braces-3.0.3.tgz. Extracting by manifest.
1793 silly tarball no local data for anymatch@https://registry.npmjs.org/anymatch/-/anymatch-3.1.3.tgz. Extracting by manifest.
1794 silly tarball no local data for postcss-nested@https://registry.npmjs.org/postcss-nested/-/postcss-nested-6.2.0.tgz. Extracting by manifest.
1795 silly tarball no local data for postcss-selector-parser@https://registry.npmjs.org/postcss-selector-parser/-/postcss-selector-parser-6.1.4.tgz. Extracting by manifest.
1796 silly tarball no local data for postcss-load-config@https://registry.npmjs.org/postcss-load-config/-/postcss-load-config-6.0.1.tgz. Extracting by manifest.
1797 silly tarball no local data for sucrase@https://registry.npmjs.org/sucrase/-/sucrase-3.35.1.tgz. Extracting by manifest.
1798 silly tarball no local data for resolve@https://registry.npmjs.org/resolve/-/resolve-1.22.12.tgz. Extracting by manifest.
1799 silly tarball no local data for postcss-js@https://registry.npmjs.org/postcss-js/-/postcss-js-4.1.0.tgz. Extracting by manifest.
1800 silly tarball no local data for postcss-import@https://registry.npmjs.org/postcss-import/-/postcss-import-15.1.0.tgz. Extracting by manifest.
1801 silly tarball no local data for object-hash@https://registry.npmjs.org/object-hash/-/object-hash-3.0.0.tgz. Extracting by manifest.
1802 silly tarball no local data for normalize-path@https://registry.npmjs.org/normalize-path/-/normalize-path-3.0.0.tgz. Extracting by manifest.
1803 silly tarball no local data for lilconfig@https://registry.npmjs.org/lilconfig/-/lilconfig-3.1.3.tgz. Extracting by manifest.
1804 silly tarball no local data for micromatch@https://registry.npmjs.org/micromatch/-/micromatch-4.0.8.tgz. Extracting by manifest.
1805 silly tarball no local data for is-glob@https://registry.npmjs.org/is-glob/-/is-glob-4.0.3.tgz. Extracting by manifest.
1806 silly tarball no local data for glob-parent@https://registry.npmjs.org/glob-parent/-/glob-parent-6.0.2.tgz. Extracting by manifest.
1807 silly tarball no local data for dlv@https://registry.npmjs.org/dlv/-/dlv-1.1.3.tgz. Extracting by manifest.
1808 silly tarball no local data for didyoumean@https://registry.npmjs.org/didyoumean/-/didyoumean-1.2.2.tgz. Extracting by manifest.
1809 silly tarball no local data for jiti@https://registry.npmjs.org/jiti/-/jiti-1.21.7.tgz. Extracting by manifest.
1810 silly tarball no local data for arg@https://registry.npmjs.org/arg/-/arg-5.0.2.tgz. Extracting by manifest.
1811 silly tarball no local data for fast-glob@https://registry.npmjs.org/fast-glob/-/fast-glob-3.3.3.tgz. Extracting by manifest.
1812 silly tarball no local data for @alloc/quick-lru@https://registry.npmjs.org/@alloc/quick-lru/-/quick-lru-5.3.0.tgz. Extracting by manifest.
1813 silly tarball no local data for math-intrinsics@https://registry.npmjs.org/math-intrinsics/-/math-intrinsics-1.1.0.tgz. Extracting by manifest.
1814 silly tarball no local data for dunder-proto@https://registry.npmjs.org/dunder-proto/-/dunder-proto-1.0.1.tgz. Extracting by manifest.
1815 silly tarball no local data for chokidar@https://registry.npmjs.org/chokidar/-/chokidar-3.6.0.tgz. Extracting by manifest.
1816 silly tarball no local data for get-proto@https://registry.npmjs.org/get-proto/-/get-proto-1.0.1.tgz. Extracting by manifest.
1817 silly tarball no local data for hasown@https://registry.npmjs.org/hasown/-/hasown-2.0.4.tgz. Extracting by manifest.
1818 silly tarball no local data for gopd@https://registry.npmjs.org/gopd/-/gopd-1.2.0.tgz. Extracting by manifest.
1819 silly tarball no local data for has-symbols@https://registry.npmjs.org/has-symbols/-/has-symbols-1.1.0.tgz. Extracting by manifest.
1820 silly tarball no local data for es-object-atoms@https://registry.npmjs.org/es-object-atoms/-/es-object-atoms-1.1.2.tgz. Extracting by manifest.
1821 silly tarball no local data for call-bound@https://registry.npmjs.org/call-bound/-/call-bound-1.0.4.tgz. Extracting by manifest.
1822 silly tarball no local data for call-bind-apply-helpers@https://registry.npmjs.org/call-bind-apply-helpers/-/call-bind-apply-helpers-1.0.2.tgz. Extracting by manifest.
1823 silly tarball no local data for get-intrinsic@https://registry.npmjs.org/get-intrinsic/-/get-intrinsic-1.3.0.tgz. Extracting by manifest.
1824 silly tarball no local data for side-channel-weakmap@https://registry.npmjs.org/side-channel-weakmap/-/side-channel-weakmap-1.0.2.tgz. Extracting by manifest.
1825 silly tarball no local data for object-inspect@https://registry.npmjs.org/object-inspect/-/object-inspect-1.13.4.tgz. Extracting by manifest.
1826 silly tarball no local data for es-errors@https://registry.npmjs.org/es-errors/-/es-errors-1.3.0.tgz. Extracting by manifest.
1827 silly tarball no local data for function-bind@https://registry.npmjs.org/function-bind/-/function-bind-1.1.2.tgz. Extracting by manifest.
1828 silly tarball no local data for side-channel-list@https://registry.npmjs.org/side-channel-list/-/side-channel-list-1.0.1.tgz. Extracting by manifest.
1829 silly tarball no local data for side-channel-map@https://registry.npmjs.org/side-channel-map/-/side-channel-map-1.0.1.tgz. Extracting by manifest.
1830 silly tarball no local data for scheduler@https://registry.npmjs.org/scheduler/-/scheduler-0.23.2.tgz. Extracting by manifest.
1831 silly tarball no local data for loose-envify@https://registry.npmjs.org/loose-envify/-/loose-envify-1.4.0.tgz. Extracting by manifest.
1832 silly tarball no local data for mime@https://registry.npmjs.org/mime/-/mime-1.6.0.tgz. Extracting by manifest.
1833 silly tarball no local data for side-channel@https://registry.npmjs.org/side-channel/-/side-channel-1.1.1.tgz. Extracting by manifest.
1834 silly tarball no local data for ipaddr.js@https://registry.npmjs.org/ipaddr.js/-/ipaddr.js-1.9.1.tgz. Extracting by manifest.
1835 silly tarball no local data for es-define-property@https://registry.npmjs.org/es-define-property/-/es-define-property-1.0.1.tgz. Extracting by manifest.
1836 silly tarball no local data for nanoid@https://registry.npmjs.org/nanoid/-/nanoid-3.3.19.tgz. Extracting by manifest.
1837 silly tarball no local data for source-map-js@https://registry.npmjs.org/source-map-js/-/source-map-js-1.2.1.tgz. Extracting by manifest.
1838 silly tarball no local data for forwarded@https://registry.npmjs.org/forwarded/-/forwarded-0.2.0.tgz. Extracting by manifest.
1839 silly tarball no local data for mime-db@https://registry.npmjs.org/mime-db/-/mime-db-1.52.0.tgz. Extracting by manifest.
1840 silly tarball no local data for ee-first@https://registry.npmjs.org/ee-first/-/ee-first-1.1.1.tgz. Extracting by manifest.
1841 silly tarball no local data for yallist@https://registry.npmjs.org/yallist/-/yallist-3.1.1.tgz. Extracting by manifest.
1842 silly tarball no local data for toidentifier@https://registry.npmjs.org/toidentifier/-/toidentifier-1.0.1.tgz. Extracting by manifest.
1843 silly tarball no local data for inherits@https://registry.npmjs.org/inherits/-/inherits-2.0.4.tgz. Extracting by manifest.
1844 silly tarball no local data for safer-buffer@https://registry.npmjs.org/safer-buffer/-/safer-buffer-2.1.2.tgz. Extracting by manifest.
1845 silly tarball no local data for unpipe@https://registry.npmjs.org/unpipe/-/unpipe-1.0.0.tgz. Extracting by manifest.
1846 silly tarball no local data for iconv-lite@https://registry.npmjs.org/iconv-lite/-/iconv-lite-0.4.24.tgz. Extracting by manifest.
1847 silly tarball no local data for bytes@https://registry.npmjs.org/bytes/-/bytes-3.1.2.tgz. Extracting by manifest.
1848 silly tarball no local data for destroy@https://registry.npmjs.org/destroy/-/destroy-1.2.0.tgz. Extracting by manifest.
1849 silly tarball no local data for raw-body@https://registry.npmjs.org/raw-body/-/raw-body-2.5.3.tgz. Extracting by manifest.
1850 silly tarball no local data for negotiator@https://registry.npmjs.org/negotiator/-/negotiator-0.6.3.tgz. Extracting by manifest.
1851 silly tarball no local data for mime-types@https://registry.npmjs.org/mime-types/-/mime-types-2.1.35.tgz. Extracting by manifest.
1852 silly tarball no local data for vary@https://registry.npmjs.org/vary/-/vary-1.1.2.tgz. Extracting by manifest.
1853 silly tarball no local data for utils-merge@https://registry.npmjs.org/utils-merge/-/utils-merge-1.0.1.tgz. Extracting by manifest.
1854 silly tarball no local data for statuses@https://registry.npmjs.org/statuses/-/statuses-2.0.2.tgz. Extracting by manifest.
1855 silly tarball no local data for serve-static@https://registry.npmjs.org/serve-static/-/serve-static-1.16.3.tgz. Extracting by manifest.
1856 silly tarball no local data for type-is@https://registry.npmjs.org/type-is/-/type-is-1.6.18.tgz. Extracting by manifest.
1857 silly tarball no local data for setprototypeof@https://registry.npmjs.org/setprototypeof/-/setprototypeof-1.2.0.tgz. Extracting by manifest.
1858 silly tarball no local data for safe-buffer@https://registry.npmjs.org/safe-buffer/-/safe-buffer-5.2.1.tgz. Extracting by manifest.
1859 silly tarball no local data for send@https://registry.npmjs.org/send/-/send-0.19.2.tgz. Extracting by manifest.
1860 silly tarball no local data for qs@https://registry.npmjs.org/qs/-/qs-6.16.0.tgz. Extracting by manifest.
1861 silly tarball no local data for proxy-addr@https://registry.npmjs.org/proxy-addr/-/proxy-addr-2.0.8.tgz. Extracting by manifest.
1862 silly tarball no local data for path-to-regexp@https://registry.npmjs.org/path-to-regexp/-/path-to-regexp-0.1.13.tgz. Extracting by manifest.
1863 silly tarball no local data for parseurl@https://registry.npmjs.org/parseurl/-/parseurl-1.3.3.tgz. Extracting by manifest.
1864 silly tarball no local data for range-parser@https://registry.npmjs.org/range-parser/-/range-parser-1.2.1.tgz. Extracting by manifest.
1865 silly tarball no local data for methods@https://registry.npmjs.org/methods/-/methods-1.1.2.tgz. Extracting by manifest.
1866 silly tarball no local data for merge-descriptors@https://registry.npmjs.org/merge-descriptors/-/merge-descriptors-1.0.3.tgz. Extracting by manifest.
1867 silly tarball no local data for on-finished@https://registry.npmjs.org/on-finished/-/on-finished-2.4.1.tgz. Extracting by manifest.
1868 silly tarball no local data for fresh@https://registry.npmjs.org/fresh/-/fresh-0.5.2.tgz. Extracting by manifest.
1869 silly tarball no local data for escape-html@https://registry.npmjs.org/escape-html/-/escape-html-1.0.3.tgz. Extracting by manifest.
1870 silly tarball no local data for finalhandler@https://registry.npmjs.org/finalhandler/-/finalhandler-1.3.2.tgz. Extracting by manifest.
1871 silly tarball no local data for etag@https://registry.npmjs.org/etag/-/etag-1.8.1.tgz. Extracting by manifest.
1872 silly tarball no local data for http-errors@https://registry.npmjs.org/http-errors/-/http-errors-2.0.1.tgz. Extracting by manifest.
1873 silly tarball no local data for encodeurl@https://registry.npmjs.org/encodeurl/-/encodeurl-2.0.0.tgz. Extracting by manifest.
1874 silly tarball no local data for cookie-signature@https://registry.npmjs.org/cookie-signature/-/cookie-signature-1.0.7.tgz. Extracting by manifest.
1875 silly tarball no local data for depd@https://registry.npmjs.org/depd/-/depd-2.0.0.tgz. Extracting by manifest.
1876 silly tarball no local data for cookie@https://registry.npmjs.org/cookie/-/cookie-0.7.2.tgz. Extracting by manifest.
1877 silly tarball no local data for content-type@https://registry.npmjs.org/content-type/-/content-type-1.0.5.tgz. Extracting by manifest.
1878 silly tarball no local data for content-disposition@https://registry.npmjs.org/content-disposition/-/content-disposition-0.5.4.tgz. Extracting by manifest.
1879 silly tarball no local data for accepts@https://registry.npmjs.org/accepts/-/accepts-1.3.8.tgz. Extracting by manifest.
1880 silly tarball no local data for body-parser@https://registry.npmjs.org/body-parser/-/body-parser-1.20.8.tgz. Extracting by manifest.
1881 silly tarball no local data for array-flatten@https://registry.npmjs.org/array-flatten/-/array-flatten-1.1.1.tgz. Extracting by manifest.
1882 silly tarball no local data for ms@https://registry.npmjs.org/ms/-/ms-2.1.3.tgz. Extracting by manifest.
1883 silly tarball no local data for update-browserslist-db@https://registry.npmjs.org/update-browserslist-db/-/update-browserslist-db-1.3.3.tgz. Extracting by manifest.
1884 silly tarball no local data for @types/babel__traverse@https://registry.npmjs.org/@types/babel__traverse/-/babel__traverse-7.28.0.tgz. Extracting by manifest.
1885 silly tarball no local data for node-releases@https://registry.npmjs.org/node-releases/-/node-releases-2.0.57.tgz. Extracting by manifest.
1886 silly tarball no local data for electron-to-chromium@https://registry.npmjs.org/electron-to-chromium/-/electron-to-chromium-1.5.438.tgz. Extracting by manifest.
1887 silly tarball no local data for baseline-browser-mapping@https://registry.npmjs.org/baseline-browser-mapping/-/baseline-browser-mapping-2.11.25.tgz. Extracting by manifest.
1888 silly tarball no local data for postcss-value-parser@https://registry.npmjs.org/postcss-value-parser/-/postcss-value-parser-4.2.0.tgz. Extracting by manifest.
1889 silly tarball no local data for fraction.js@https://registry.npmjs.org/fraction.js/-/fraction.js-5.3.4.tgz. Extracting by manifest.
1890 silly tarball no local data for @types/babel__template@https://registry.npmjs.org/@types/babel__template/-/babel__template-7.4.4.tgz. Extracting by manifest.
1891 silly tarball no local data for caniuse-lite@https://registry.npmjs.org/caniuse-lite/-/caniuse-lite-1.0.30001810.tgz. Extracting by manifest.
1892 silly tarball no local data for @types/babel__generator@https://registry.npmjs.org/@types/babel__generator/-/babel__generator-7.27.0.tgz. Extracting by manifest.
1893 silly tarball no local data for @jridgewell/resolve-uri@https://registry.npmjs.org/@jridgewell/resolve-uri/-/resolve-uri-3.1.2.tgz. Extracting by manifest.
1894 silly tarball no local data for @jridgewell/sourcemap-codec@https://registry.npmjs.org/@jridgewell/sourcemap-codec/-/sourcemap-codec-1.6.0.tgz. Extracting by manifest.
1895 silly tarball no local data for @babel/helper-string-parser@https://registry.npmjs.org/@babel/helper-string-parser/-/helper-string-parser-7.29.7.tgz. Extracting by manifest.
1896 silly tarball no local data for @babel/helper-plugin-utils@https://registry.npmjs.org/@babel/helper-plugin-utils/-/helper-plugin-utils-7.29.7.tgz. Extracting by manifest.
1897 silly tarball no local data for @babel/helper-module-imports@https://registry.npmjs.org/@babel/helper-module-imports/-/helper-module-imports-7.29.7.tgz. Extracting by manifest.
1898 silly tarball no local data for @babel/helper-globals@https://registry.npmjs.org/@babel/helper-globals/-/helper-globals-7.29.7.tgz. Extracting by manifest.
1899 silly tarball no local data for lru-cache@https://registry.npmjs.org/lru-cache/-/lru-cache-5.1.1.tgz. Extracting by manifest.
1900 silly tarball no local data for browserslist@https://registry.npmjs.org/browserslist/-/browserslist-4.29.0.tgz. Extracting by manifest.
1901 silly tarball no local data for @babel/helper-validator-option@https://registry.npmjs.org/@babel/helper-validator-option/-/helper-validator-option-7.29.7.tgz. Extracting by manifest.
1902 silly tarball no local data for jsesc@https://registry.npmjs.org/jsesc/-/jsesc-3.1.0.tgz. Extracting by manifest.
1903 silly tarball no local data for @jridgewell/trace-mapping@https://registry.npmjs.org/@jridgewell/trace-mapping/-/trace-mapping-0.3.31.tgz. Extracting by manifest.
1904 silly tarball no local data for picocolors@https://registry.npmjs.org/picocolors/-/picocolors-1.1.1.tgz. Extracting by manifest.
1905 silly tarball no local data for @babel/compat-data@https://registry.npmjs.org/@babel/compat-data/-/compat-data-7.29.7.tgz. Extracting by manifest.
1906 silly tarball no local data for @jridgewell/gen-mapping@https://registry.npmjs.org/@jridgewell/gen-mapping/-/gen-mapping-0.3.13.tgz. Extracting by manifest.
1907 silly tarball no local data for @babel/helper-validator-identifier@https://registry.npmjs.org/@babel/helper-validator-identifier/-/helper-validator-identifier-7.29.7.tgz. Extracting by manifest.
1908 silly tarball no local data for json5@https://registry.npmjs.org/json5/-/json5-2.2.3.tgz. Extracting by manifest.
1909 silly tarball no local data for gensync@https://registry.npmjs.org/gensync/-/gensync-1.0.0-beta.2.tgz. Extracting by manifest.
1910 silly tarball no local data for semver@https://registry.npmjs.org/semver/-/semver-6.3.1.tgz. Extracting by manifest.
1911 silly tarball no local data for debug@https://registry.npmjs.org/debug/-/debug-4.4.3.tgz. Extracting by manifest.
1912 silly tarball no local data for js-tokens@https://registry.npmjs.org/js-tokens/-/js-tokens-4.0.0.tgz. Extracting by manifest.
1913 silly tarball no local data for @babel/traverse@https://registry.npmjs.org/@babel/traverse/-/traverse-7.29.8.tgz. Extracting by manifest.
1914 silly tarball no local data for convert-source-map@https://registry.npmjs.org/convert-source-map/-/convert-source-map-2.0.0.tgz. Extracting by manifest.
1915 silly tarball no local data for @jridgewell/remapping@https://registry.npmjs.org/@jridgewell/remapping/-/remapping-2.3.5.tgz. Extracting by manifest.
1916 silly tarball no local data for @babel/types@https://registry.npmjs.org/@babel/types/-/types-7.29.8.tgz. Extracting by manifest.
1917 silly tarball no local data for @babel/template@https://registry.npmjs.org/@babel/template/-/template-7.29.7.tgz. Extracting by manifest.
1918 silly tarball no local data for @babel/parser@https://registry.npmjs.org/@babel/parser/-/parser-7.29.9.tgz. Extracting by manifest.
1919 silly tarball no local data for @babel/helper-module-transforms@https://registry.npmjs.org/@babel/helper-module-transforms/-/helper-module-transforms-7.29.7.tgz. Extracting by manifest.
1920 silly tarball no local data for @babel/generator@https://registry.npmjs.org/@babel/generator/-/generator-7.29.8.tgz. Extracting by manifest.
1921 silly tarball no local data for @babel/helper-compilation-targets@https://registry.npmjs.org/@babel/helper-compilation-targets/-/helper-compilation-targets-7.29.7.tgz. Extracting by manifest.
1922 silly tarball no local data for @babel/helpers@https://registry.npmjs.org/@babel/helpers/-/helpers-7.29.7.tgz. Extracting by manifest.
1923 silly tarball no local data for @babel/code-frame@https://registry.npmjs.org/@babel/code-frame/-/code-frame-7.29.7.tgz. Extracting by manifest.
1924 silly tarball no local data for @types/babel__core@https://registry.npmjs.org/@types/babel__core/-/babel__core-7.20.5.tgz. Extracting by manifest.
1925 silly tarball no local data for tailwindcss@https://registry.npmjs.org/tailwindcss/-/tailwindcss-3.4.19.tgz. Extracting by manifest.
1926 silly tarball no local data for react-refresh@https://registry.npmjs.org/react-refresh/-/react-refresh-0.17.0.tgz. Extracting by manifest.
1927 silly tarball no local data for @babel/plugin-transform-react-jsx-source@https://registry.npmjs.org/@babel/plugin-transform-react-jsx-source/-/plugin-transform-react-jsx-source-7.29.7.tgz. Extracting by manifest.
1928 silly tarball no local data for @babel/plugin-transform-react-jsx-self@https://registry.npmjs.org/@babel/plugin-transform-react-jsx-self/-/plugin-transform-react-jsx-self-7.29.7.tgz. Extracting by manifest.
1929 silly tarball no local data for react-dom@https://registry.npmjs.org/react-dom/-/react-dom-18.3.1.tgz. Extracting by manifest.
1930 silly tarball no local data for @babel/core@https://registry.npmjs.org/@babel/core/-/core-7.29.7.tgz. Extracting by manifest.
1931 silly tarball no local data for react@https://registry.npmjs.org/react/-/react-18.3.1.tgz. Extracting by manifest.
1932 silly tarball no local data for @rolldown/pluginutils@https://registry.npmjs.org/@rolldown/pluginutils/-/pluginutils-1.0.0-beta.27.tgz. Extracting by manifest.
1933 silly tarball no local data for lucide-react@https://registry.npmjs.org/lucide-react/-/lucide-react-0.468.0.tgz. Extracting by manifest.
1934 silly tarball no local data for postcss@https://registry.npmjs.org/postcss/-/postcss-8.5.28.tgz. Extracting by manifest.
1935 silly tarball no local data for autoprefixer@https://registry.npmjs.org/autoprefixer/-/autoprefixer-10.6.1.tgz. Extracting by manifest.
1936 silly tarball no local data for express@https://registry.npmjs.org/express/-/express-4.22.3.tgz. Extracting by manifest.
1937 silly tarball no local data for @vitejs/plugin-react@https://registry.npmjs.org/@vitejs/plugin-react/-/plugin-react-4.7.0.tgz. Extracting by manifest.
1938 silly tarball no local data for picomatch@https://registry.npmjs.org/picomatch/-/picomatch-4.0.7.tgz. Extracting by manifest.
1939 silly tarball no local data for glob-parent@https://registry.npmjs.org/glob-parent/-/glob-parent-5.1.2.tgz. Extracting by manifest.
1940 silly tarball no local data for ms@https://registry.npmjs.org/ms/-/ms-2.0.0.tgz. Extracting by manifest.
1941 silly tarball no local data for fdir@https://registry.npmjs.org/fdir/-/fdir-6.5.0.tgz. Extracting by manifest.
1942 silly tarball no local data for vite@https://registry.npmjs.org/vite/-/vite-6.4.3.tgz. Extracting by manifest.
1943 silly tarball no local data for ms@https://registry.npmjs.org/ms/-/ms-2.0.0.tgz. Extracting by manifest.
1944 silly tarball no local data for glob-parent@https://registry.npmjs.org/glob-parent/-/glob-parent-5.1.2.tgz. Extracting by manifest.
1945 silly tarball no local data for ms@https://registry.npmjs.org/ms/-/ms-2.0.0.tgz. Extracting by manifest.
1946 silly tarball no local data for debug@https://registry.npmjs.org/debug/-/debug-2.6.9.tgz. Extracting by manifest.
1947 silly tarball no local data for debug@https://registry.npmjs.org/debug/-/debug-2.6.9.tgz. Extracting by manifest.
1948 silly tarball no local data for ms@https://registry.npmjs.org/ms/-/ms-2.0.0.tgz. Extracting by manifest.
1949 silly tarball no local data for debug@https://registry.npmjs.org/debug/-/debug-2.6.9.tgz. Extracting by manifest.
1950 silly tarball no local data for debug@https://registry.npmjs.org/debug/-/debug-2.6.9.tgz. Extracting by manifest.
1951 silly tarball no local data for picomatch@https://registry.npmjs.org/picomatch/-/picomatch-4.0.7.tgz. Extracting by manifest.
1952 silly tarball no local data for fdir@https://registry.npmjs.org/fdir/-/fdir-6.5.0.tgz. Extracting by manifest.
1953 http fetch GET 200 https://registry.npmjs.org/ts-interface-checker/-/ts-interface-checker-0.1.13.tgz 236ms (cache miss)
1954 http fetch GET 200 https://registry.npmjs.org/any-promise/-/any-promise-1.3.0.tgz 236ms (cache miss)
1955 http fetch GET 200 https://registry.npmjs.org/pirates/-/pirates-4.0.7.tgz 247ms (cache miss)
1956 http fetch GET 200 https://registry.npmjs.org/is-number/-/is-number-7.0.0.tgz 255ms (cache miss)
1957 http fetch GET 200 https://registry.npmjs.org/@types/estree/-/estree-1.0.9.tgz 261ms (cache miss)
1958 http fetch GET 200 https://registry.npmjs.org/media-typer/-/media-typer-0.3.0.tgz 257ms (cache miss)
1959 http fetch GET 200 https://registry.npmjs.org/tinyglobby/-/tinyglobby-0.2.17.tgz 254ms (cache miss)
1960 http fetch GET 200 https://registry.npmjs.org/escalade/-/escalade-3.2.0.tgz 257ms (cache miss)
1961 http fetch GET 200 https://registry.npmjs.org/thenify-all/-/thenify-all-1.6.0.tgz 257ms (cache miss)
1962 http fetch POST 200 https://registry.npmjs.org/-/npm/v1/security/advisories/bulk 356ms
1963 silly audit report {}
1964 http fetch GET 200 https://registry.npmjs.org/mz/-/mz-2.7.0.tgz 261ms (cache miss)
1965 http fetch GET 200 https://registry.npmjs.org/object-assign/-/object-assign-4.1.1.tgz 262ms (cache miss)
1966 http fetch GET 200 https://registry.npmjs.org/thenify/-/thenify-3.3.1.tgz 267ms (cache miss)
1967 http fetch GET 200 https://registry.npmjs.org/queue-microtask/-/queue-microtask-1.2.3.tgz 285ms (cache miss)
1968 http fetch GET 200 https://registry.npmjs.org/is-extglob/-/is-extglob-2.1.1.tgz 285ms (cache miss)
1969 http fetch GET 200 https://registry.npmjs.org/supports-preserve-symlinks-flag/-/supports-preserve-symlinks-flag-1.0.0.tgz 288ms (cache miss)
1970 http fetch GET 200 https://registry.npmjs.org/util-deprecate/-/util-deprecate-1.0.2.tgz 287ms (cache miss)
1971 http fetch GET 200 https://registry.npmjs.org/is-core-module/-/is-core-module-2.17.0.tgz 289ms (cache miss)
1972 http fetch GET 200 https://registry.npmjs.org/path-parse/-/path-parse-1.0.7.tgz 293ms (cache miss)
1973 http fetch GET 200 https://registry.npmjs.org/lines-and-columns/-/lines-and-columns-1.2.4.tgz 294ms (cache miss)
1974 http fetch GET 200 https://registry.npmjs.org/esbuild/-/esbuild-0.25.12.tgz 305ms (cache miss)
1975 http fetch GET 200 https://registry.npmjs.org/cssesc/-/cssesc-3.0.0.tgz 303ms (cache miss)
1976 http fetch GET 200 https://registry.npmjs.org/commander/-/commander-4.1.1.tgz 306ms (cache miss)
1977 http fetch GET 200 https://registry.npmjs.org/camelcase-css/-/camelcase-css-2.0.1.tgz 327ms (cache miss)
1978 http fetch GET 200 https://registry.npmjs.org/binary-extensions/-/binary-extensions-2.3.0.tgz 327ms (cache miss)
1979 http fetch GET 200 https://registry.npmjs.org/reusify/-/reusify-1.1.0.tgz 347ms (cache miss)
1980 http fetch GET 200 https://registry.npmjs.org/to-regex-range/-/to-regex-range-5.0.1.tgz 349ms (cache miss)
1981 http fetch GET 200 https://registry.npmjs.org/merge2/-/merge2-1.4.1.tgz 354ms (cache miss)
1982 http fetch GET 200 https://registry.npmjs.org/@nodelib/fs.walk/-/fs.walk-1.2.8.tgz 356ms (cache miss)
1983 http fetch GET 200 https://registry.npmjs.org/run-parallel/-/run-parallel-1.2.0.tgz 358ms (cache miss)
1984 http fetch GET 200 https://registry.npmjs.org/@nodelib/fs.stat/-/fs.stat-2.0.5.tgz 395ms (cache miss)
1985 http fetch GET 200 https://registry.npmjs.org/is-binary-path/-/is-binary-path-2.1.0.tgz 397ms (cache miss)
1986 http fetch GET 200 https://registry.npmjs.org/fill-range/-/fill-range-7.1.1.tgz 398ms (cache miss)
1987 http fetch GET 200 https://registry.npmjs.org/picomatch/-/picomatch-2.3.2.tgz 412ms (cache miss)
1988 http fetch GET 200 https://registry.npmjs.org/readdirp/-/readdirp-3.6.0.tgz 415ms (cache miss)
1989 http fetch GET 200 https://registry.npmjs.org/read-cache/-/read-cache-1.0.2.tgz 421ms (cache miss)
1990 http fetch GET 200 https://registry.npmjs.org/anymatch/-/anymatch-3.1.3.tgz 420ms (cache miss)
1991 http fetch GET 200 https://registry.npmjs.org/fastq/-/fastq-1.20.3.tgz 432ms (cache miss)
1992 http fetch GET 200 https://registry.npmjs.org/lilconfig/-/lilconfig-3.1.3.tgz 438ms (cache miss)
1993 http fetch GET 200 https://registry.npmjs.org/postcss-nested/-/postcss-nested-6.2.0.tgz 443ms (cache miss)
1994 http fetch GET 200 https://registry.npmjs.org/braces/-/braces-3.0.3.tgz 467ms (cache miss)
1995 http fetch GET 200 https://registry.npmjs.org/postcss-js/-/postcss-js-4.1.0.tgz 471ms (cache miss)
1996 http fetch GET 200 https://registry.npmjs.org/postcss-load-config/-/postcss-load-config-6.0.1.tgz 477ms (cache miss)
1997 http fetch GET 200 https://registry.npmjs.org/normalize-path/-/normalize-path-3.0.0.tgz 474ms (cache miss)
1998 http fetch GET 200 https://registry.npmjs.org/postcss-import/-/postcss-import-15.1.0.tgz 495ms (cache miss)
1999 http fetch GET 200 https://registry.npmjs.org/micromatch/-/micromatch-4.0.8.tgz 508ms (cache miss)
2000 http fetch GET 200 https://registry.npmjs.org/object-hash/-/object-hash-3.0.0.tgz 515ms (cache miss)
2001 http fetch GET 200 https://registry.npmjs.org/glob-parent/-/glob-parent-6.0.2.tgz 521ms (cache miss)
2002 http fetch GET 200 https://registry.npmjs.org/dlv/-/dlv-1.1.3.tgz 521ms (cache miss)
2003 http fetch GET 200 https://registry.npmjs.org/didyoumean/-/didyoumean-1.2.2.tgz 523ms (cache miss)
2004 http fetch GET 200 https://registry.npmjs.org/is-glob/-/is-glob-4.0.3.tgz 537ms (cache miss)
2005 http fetch GET 200 https://registry.npmjs.org/arg/-/arg-5.0.2.tgz 538ms (cache miss)
2006 http fetch GET 200 https://registry.npmjs.org/get-proto/-/get-proto-1.0.1.tgz 580ms (cache miss)
2007 http fetch GET 200 https://registry.npmjs.org/hasown/-/hasown-2.0.4.tgz 580ms (cache miss)
2008 http fetch GET 200 https://registry.npmjs.org/@nodelib/fs.scandir/-/fs.scandir-2.1.5.tgz 619ms (cache miss)
2009 http fetch GET 200 https://registry.npmjs.org/dunder-proto/-/dunder-proto-1.0.1.tgz 615ms (cache miss)
2010 http fetch GET 200 https://registry.npmjs.org/@alloc/quick-lru/-/quick-lru-5.3.0.tgz 617ms (cache miss)
2011 http fetch GET 200 https://registry.npmjs.org/gopd/-/gopd-1.2.0.tgz 622ms (cache miss)
2012 http fetch GET 200 https://registry.npmjs.org/has-symbols/-/has-symbols-1.1.0.tgz 637ms (cache miss)
2013 http fetch GET 200 https://registry.npmjs.org/math-intrinsics/-/math-intrinsics-1.1.0.tgz 645ms (cache miss)
2014 http fetch GET 200 https://registry.npmjs.org/es-object-atoms/-/es-object-atoms-1.1.2.tgz 645ms (cache miss)
2015 http fetch GET 200 https://registry.npmjs.org/side-channel-weakmap/-/side-channel-weakmap-1.0.2.tgz 646ms (cache miss)
2016 http fetch GET 200 https://registry.npmjs.org/call-bind-apply-helpers/-/call-bind-apply-helpers-1.0.2.tgz 647ms (cache miss)
2017 http fetch GET 200 https://registry.npmjs.org/get-intrinsic/-/get-intrinsic-1.3.0.tgz 676ms (cache miss)
2018 http fetch GET 200 https://registry.npmjs.org/loose-envify/-/loose-envify-1.4.0.tgz 674ms (cache miss)
2019 http fetch GET 200 https://registry.npmjs.org/function-bind/-/function-bind-1.1.2.tgz 705ms (cache miss)
2020 http fetch GET 200 https://registry.npmjs.org/es-errors/-/es-errors-1.3.0.tgz 707ms (cache miss)
2021 http fetch GET 200 https://registry.npmjs.org/forwarded/-/forwarded-0.2.0.tgz 707ms (cache miss)
2022 http fetch GET 200 https://registry.npmjs.org/side-channel-list/-/side-channel-list-1.0.1.tgz 711ms (cache miss)
2023 http fetch GET 200 https://registry.npmjs.org/side-channel/-/side-channel-1.1.1.tgz 713ms (cache miss)
2024 http fetch GET 200 https://registry.npmjs.org/yallist/-/yallist-3.1.1.tgz 713ms (cache miss)
2025 http fetch GET 200 https://registry.npmjs.org/ee-first/-/ee-first-1.1.1.tgz 732ms (cache miss)
2026 http fetch GET 200 https://registry.npmjs.org/nanoid/-/nanoid-3.3.19.tgz 740ms (cache miss)
2027 http fetch GET 200 https://registry.npmjs.org/chokidar/-/chokidar-3.6.0.tgz 772ms (cache miss)
2028 http fetch GET 200 https://registry.npmjs.org/unpipe/-/unpipe-1.0.0.tgz 775ms (cache miss)
2029 http fetch GET 200 https://registry.npmjs.org/negotiator/-/negotiator-0.6.3.tgz 779ms (cache miss)
2030 http fetch GET 200 https://registry.npmjs.org/ipaddr.js/-/ipaddr.js-1.9.1.tgz 791ms (cache miss)
2031 http fetch GET 200 https://registry.npmjs.org/serve-static/-/serve-static-1.16.3.tgz 800ms (cache miss)
2032 http fetch GET 200 https://registry.npmjs.org/statuses/-/statuses-2.0.2.tgz 800ms (cache miss)
2033 http fetch GET 200 https://registry.npmjs.org/call-bound/-/call-bound-1.0.4.tgz 819ms (cache miss)
2034 http fetch GET 200 https://registry.npmjs.org/mime/-/mime-1.6.0.tgz 816ms (cache miss)
2035 http fetch GET 200 https://registry.npmjs.org/mime-db/-/mime-db-1.52.0.tgz 821ms (cache miss)
2036 http fetch GET 200 https://registry.npmjs.org/es-define-property/-/es-define-property-1.0.1.tgz 831ms (cache miss)
2037 http fetch GET 200 https://registry.npmjs.org/toidentifier/-/toidentifier-1.0.1.tgz 839ms (cache miss)
2038 http fetch GET 200 https://registry.npmjs.org/type-is/-/type-is-1.6.18.tgz 841ms (cache miss)
2039 http fetch GET 200 https://registry.npmjs.org/destroy/-/destroy-1.2.0.tgz 845ms (cache miss)
2040 http fetch GET 200 https://registry.npmjs.org/mime-types/-/mime-types-2.1.35.tgz 845ms (cache miss)
2041 http fetch GET 200 https://registry.npmjs.org/inherits/-/inherits-2.0.4.tgz 853ms (cache miss)
2042 http fetch GET 200 https://registry.npmjs.org/raw-body/-/raw-body-2.5.3.tgz 861ms (cache miss)
2043 http fetch GET 200 https://registry.npmjs.org/setprototypeof/-/setprototypeof-1.2.0.tgz 858ms (cache miss)
2044 http fetch GET 200 https://registry.npmjs.org/bytes/-/bytes-3.1.2.tgz 862ms (cache miss)
2045 http fetch GET 200 https://registry.npmjs.org/vary/-/vary-1.1.2.tgz 865ms (cache miss)
2046 http fetch GET 200 https://registry.npmjs.org/path-to-regexp/-/path-to-regexp-0.1.13.tgz 865ms (cache miss)
2047 http fetch GET 200 https://registry.npmjs.org/utils-merge/-/utils-merge-1.0.1.tgz 872ms (cache miss)
2048 http fetch GET 200 https://registry.npmjs.org/safe-buffer/-/safe-buffer-5.2.1.tgz 870ms (cache miss)
2049 http fetch GET 200 https://registry.npmjs.org/safer-buffer/-/safer-buffer-2.1.2.tgz 874ms (cache miss)
2050 http fetch GET 200 https://registry.npmjs.org/escape-html/-/escape-html-1.0.3.tgz 906ms (cache miss)
2051 http fetch GET 200 https://registry.npmjs.org/fresh/-/fresh-0.5.2.tgz 916ms (cache miss)
2052 http fetch GET 200 https://registry.npmjs.org/methods/-/methods-1.1.2.tgz 919ms (cache miss)
2053 http fetch GET 200 https://registry.npmjs.org/range-parser/-/range-parser-1.2.1.tgz 919ms (cache miss)
2054 http fetch GET 200 https://registry.npmjs.org/side-channel-map/-/side-channel-map-1.0.1.tgz 932ms (cache miss)
2055 http fetch GET 200 https://registry.npmjs.org/proxy-addr/-/proxy-addr-2.0.8.tgz 925ms (cache miss)
2056 http fetch GET 200 https://registry.npmjs.org/merge-descriptors/-/merge-descriptors-1.0.3.tgz 927ms (cache miss)
2057 http fetch GET 200 https://registry.npmjs.org/finalhandler/-/finalhandler-1.3.2.tgz 930ms (cache miss)
2058 http fetch GET 200 https://registry.npmjs.org/parseurl/-/parseurl-1.3.3.tgz 936ms (cache miss)
2059 http fetch GET 200 https://registry.npmjs.org/cookie-signature/-/cookie-signature-1.0.7.tgz 935ms (cache miss)
2060 http fetch GET 200 https://registry.npmjs.org/depd/-/depd-2.0.0.tgz 941ms (cache miss)
2061 http fetch GET 200 https://registry.npmjs.org/on-finished/-/on-finished-2.4.1.tgz 945ms (cache miss)
2062 http fetch GET 200 https://registry.npmjs.org/etag/-/etag-1.8.1.tgz 950ms (cache miss)
2063 http fetch GET 200 https://registry.npmjs.org/update-browserslist-db/-/update-browserslist-db-1.3.3.tgz 957ms (cache miss)
2064 http fetch GET 200 https://registry.npmjs.org/send/-/send-0.19.2.tgz 971ms (cache miss)
2065 http fetch GET 200 https://registry.npmjs.org/encodeurl/-/encodeurl-2.0.0.tgz 970ms (cache miss)
2066 http fetch GET 200 https://registry.npmjs.org/cookie/-/cookie-0.7.2.tgz 985ms (cache miss)
2067 http fetch GET 200 https://registry.npmjs.org/http-errors/-/http-errors-2.0.1.tgz 995ms (cache miss)
2068 http fetch GET 200 https://registry.npmjs.org/accepts/-/accepts-1.3.8.tgz 990ms (cache miss)
2069 http fetch GET 200 https://registry.npmjs.org/content-disposition/-/content-disposition-0.5.4.tgz 998ms (cache miss)
2070 http fetch GET 200 https://registry.npmjs.org/content-type/-/content-type-1.0.5.tgz 999ms (cache miss)
2071 http fetch GET 200 https://registry.npmjs.org/ms/-/ms-2.1.3.tgz 994ms (cache miss)
2072 http fetch GET 200 https://registry.npmjs.org/postcss-value-parser/-/postcss-value-parser-4.2.0.tgz 1005ms (cache miss)
2073 http fetch GET 200 https://registry.npmjs.org/body-parser/-/body-parser-1.20.8.tgz 1007ms (cache miss)
2074 http fetch GET 200 https://registry.npmjs.org/array-flatten/-/array-flatten-1.1.1.tgz 1015ms (cache miss)
2075 http fetch GET 200 https://registry.npmjs.org/node-releases/-/node-releases-2.0.57.tgz 1019ms (cache miss)
2076 http fetch GET 200 https://registry.npmjs.org/scheduler/-/scheduler-0.23.2.tgz 1048ms (cache miss)
2077 http fetch GET 200 https://registry.npmjs.org/@babel/helper-string-parser/-/helper-string-parser-7.29.7.tgz 1034ms (cache miss)
2078 http fetch GET 200 https://registry.npmjs.org/@types/babel__template/-/babel__template-7.4.4.tgz 1036ms (cache miss)
2079 http fetch GET 200 https://registry.npmjs.org/@types/babel__generator/-/babel__generator-7.27.0.tgz 1039ms (cache miss)
2080 http fetch GET 200 https://registry.npmjs.org/@jridgewell/resolve-uri/-/resolve-uri-3.1.2.tgz 1040ms (cache miss)
2081 http fetch GET 200 https://registry.npmjs.org/@babel/helper-plugin-utils/-/helper-plugin-utils-7.29.7.tgz 1042ms (cache miss)
2082 http fetch GET 200 https://registry.npmjs.org/picocolors/-/picocolors-1.1.1.tgz 1061ms (cache miss)
2083 http fetch GET 200 https://registry.npmjs.org/@babel/helper-validator-option/-/helper-validator-option-7.29.7.tgz 1067ms (cache miss)
2084 http fetch GET 200 https://registry.npmjs.org/@babel/compat-data/-/compat-data-7.29.7.tgz 1072ms (cache miss)
2085 http fetch GET 200 https://registry.npmjs.org/@babel/helper-module-imports/-/helper-module-imports-7.29.7.tgz 1076ms (cache miss)
2086 http fetch GET 200 https://registry.npmjs.org/lru-cache/-/lru-cache-5.1.1.tgz 1076ms (cache miss)
2087 http fetch GET 200 https://registry.npmjs.org/@babel/helper-globals/-/helper-globals-7.29.7.tgz 1081ms (cache miss)
2088 http fetch GET 200 https://registry.npmjs.org/gensync/-/gensync-1.0.0-beta.2.tgz 1104ms (cache miss)
2089 http fetch GET 200 https://registry.npmjs.org/convert-source-map/-/convert-source-map-2.0.0.tgz 1102ms (cache miss)
2090 http fetch GET 200 https://registry.npmjs.org/jsesc/-/jsesc-3.1.0.tgz 1116ms (cache miss)
2091 http fetch GET 200 https://registry.npmjs.org/source-map-js/-/source-map-js-1.2.1.tgz 1182ms (cache miss)
2092 http fetch GET 200 https://registry.npmjs.org/postcss-selector-parser/-/postcss-selector-parser-6.1.4.tgz 1206ms (cache miss)
2093 http fetch GET 200 https://registry.npmjs.org/baseline-browser-mapping/-/baseline-browser-mapping-2.11.25.tgz 1177ms (cache miss)
2094 http fetch GET 200 https://registry.npmjs.org/js-tokens/-/js-tokens-4.0.0.tgz 1169ms (cache miss)
2095 http fetch GET 200 https://registry.npmjs.org/semver/-/semver-6.3.1.tgz 1207ms (cache miss)
2096 http fetch GET 200 https://registry.npmjs.org/@babel/code-frame/-/code-frame-7.29.7.tgz 1205ms (cache miss)
2097 http fetch GET 200 https://registry.npmjs.org/@rollup/rollup-win32-x64-msvc/-/rollup-win32-x64-msvc-4.63.4.tgz 1274ms (cache miss)
2098 http fetch GET 200 https://registry.npmjs.org/electron-to-chromium/-/electron-to-chromium-1.5.438.tgz 1232ms (cache miss)
2099 http fetch GET 200 https://registry.npmjs.org/debug/-/debug-4.4.3.tgz 1225ms (cache miss)
2100 http fetch GET 200 https://registry.npmjs.org/@types/babel__core/-/babel__core-7.20.5.tgz 1226ms (cache miss)
2101 http fetch GET 200 https://registry.npmjs.org/@babel/helper-validator-identifier/-/helper-validator-identifier-7.29.7.tgz 1232ms (cache miss)
2102 http fetch GET 200 https://registry.npmjs.org/@types/babel__traverse/-/babel__traverse-7.28.0.tgz 1245ms (cache miss)
2103 http fetch GET 200 https://registry.npmjs.org/react-refresh/-/react-refresh-0.17.0.tgz 1233ms (cache miss)
2104 http fetch GET 200 https://registry.npmjs.org/@babel/plugin-transform-react-jsx-source/-/plugin-transform-react-jsx-source-7.29.7.tgz 1235ms (cache miss)
2105 http fetch GET 200 https://registry.npmjs.org/@babel/plugin-transform-react-jsx-self/-/plugin-transform-react-jsx-self-7.29.7.tgz 1261ms (cache miss)
2106 http fetch GET 200 https://registry.npmjs.org/browserslist/-/browserslist-4.29.0.tgz 1286ms (cache miss)
2107 http fetch GET 200 https://registry.npmjs.org/glob-parent/-/glob-parent-5.1.2.tgz 1336ms (cache miss)
2108 http fetch GET 200 https://registry.npmjs.org/rollup/-/rollup-4.63.4.tgz 1411ms (cache miss)
2109 http fetch GET 200 https://registry.npmjs.org/object-inspect/-/object-inspect-1.13.4.tgz 1400ms (cache miss)
2110 http fetch GET 200 https://registry.npmjs.org/qs/-/qs-6.16.0.tgz 1432ms (cache miss)
2111 http fetch GET 200 https://registry.npmjs.org/ms/-/ms-2.0.0.tgz 1414ms (cache miss)
2112 http fetch GET 200 https://registry.npmjs.org/glob-parent/-/glob-parent-5.1.2.tgz 1415ms (cache miss)
2113 http fetch GET 200 https://registry.npmjs.org/jiti/-/jiti-1.21.7.tgz 1472ms (cache miss)
2114 http fetch GET 200 https://registry.npmjs.org/ms/-/ms-2.0.0.tgz 1429ms (cache miss)
2115 http fetch GET 200 https://registry.npmjs.org/ms/-/ms-2.0.0.tgz 1430ms (cache miss)
2116 http fetch GET 200 https://registry.npmjs.org/ms/-/ms-2.0.0.tgz 1429ms (cache miss)
2117 http fetch GET 200 https://registry.npmjs.org/@vitejs/plugin-react/-/plugin-react-4.7.0.tgz 1441ms (cache miss)
2118 http fetch GET 200 https://registry.npmjs.org/fraction.js/-/fraction.js-5.3.4.tgz 1464ms (cache miss)
2119 http fetch GET 200 https://registry.npmjs.org/@babel/helper-compilation-targets/-/helper-compilation-targets-7.29.7.tgz 1463ms (cache miss)
2120 http fetch GET 200 https://registry.npmjs.org/iconv-lite/-/iconv-lite-0.4.24.tgz 1493ms (cache miss)
2121 http fetch GET 200 https://registry.npmjs.org/json5/-/json5-2.2.3.tgz 1482ms (cache miss)
2122 http fetch GET 200 https://registry.npmjs.org/fdir/-/fdir-6.5.0.tgz 1472ms (cache miss)
2123 http fetch GET 200 https://registry.npmjs.org/picomatch/-/picomatch-4.0.7.tgz 1474ms (cache miss)
2124 http fetch GET 200 https://registry.npmjs.org/@rollup/rollup-win32-x64-gnu/-/rollup-win32-x64-gnu-4.63.4.tgz 1536ms (cache miss)
2125 http fetch GET 200 https://registry.npmjs.org/@babel/helper-module-transforms/-/helper-module-transforms-7.29.7.tgz 1483ms (cache miss)
2126 http fetch GET 200 https://registry.npmjs.org/fdir/-/fdir-6.5.0.tgz 1498ms (cache miss)
2127 http fetch GET 200 https://registry.npmjs.org/@babel/template/-/template-7.29.7.tgz 1511ms (cache miss)
2128 http fetch GET 200 https://registry.npmjs.org/picomatch/-/picomatch-4.0.7.tgz 1524ms (cache miss)
2129 http fetch GET 200 https://registry.npmjs.org/express/-/express-4.22.3.tgz 1556ms (cache miss)
2130 http fetch GET 200 https://registry.npmjs.org/debug/-/debug-2.6.9.tgz 1553ms (cache miss)
2131 http fetch GET 200 https://registry.npmjs.org/@rolldown/pluginutils/-/pluginutils-1.0.0-beta.27.tgz 1563ms (cache miss)
2132 http fetch GET 200 https://registry.npmjs.org/@jridgewell/sourcemap-codec/-/sourcemap-codec-1.6.0.tgz 1581ms (cache miss)
2133 http fetch GET 200 https://registry.npmjs.org/debug/-/debug-2.6.9.tgz 1572ms (cache miss)
2134 http fetch GET 200 https://registry.npmjs.org/@jridgewell/gen-mapping/-/gen-mapping-0.3.13.tgz 1591ms (cache miss)
2135 http fetch GET 200 https://registry.npmjs.org/debug/-/debug-2.6.9.tgz 1579ms (cache miss)
2136 http fetch GET 200 https://registry.npmjs.org/debug/-/debug-2.6.9.tgz 1581ms (cache miss)
2137 http fetch GET 200 https://registry.npmjs.org/react/-/react-18.3.1.tgz 1606ms (cache miss)
2138 http fetch GET 200 https://registry.npmjs.org/fast-glob/-/fast-glob-3.3.3.tgz 1662ms (cache miss)
2139 http fetch GET 200 https://registry.npmjs.org/@babel/parser/-/parser-7.29.9.tgz 1653ms (cache miss)
2140 http fetch GET 200 https://registry.npmjs.org/@jridgewell/remapping/-/remapping-2.3.5.tgz 1678ms (cache miss)
2141 http fetch GET 200 https://registry.npmjs.org/@jridgewell/trace-mapping/-/trace-mapping-0.3.31.tgz 1735ms (cache miss)
2142 http fetch GET 200 https://registry.npmjs.org/@babel/generator/-/generator-7.29.8.tgz 1762ms (cache miss)
2143 http fetch GET 200 https://registry.npmjs.org/postcss/-/postcss-8.5.28.tgz 1802ms (cache miss)
2144 http fetch GET 200 https://registry.npmjs.org/@babel/traverse/-/traverse-7.29.8.tgz 1855ms (cache miss)
2145 http fetch GET 200 https://registry.npmjs.org/resolve/-/resolve-1.22.12.tgz 1968ms (cache miss)
2146 http fetch GET 200 https://registry.npmjs.org/vite/-/vite-6.4.3.tgz 1923ms (cache miss)
2147 http fetch GET 200 https://registry.npmjs.org/autoprefixer/-/autoprefixer-10.6.1.tgz 1930ms (cache miss)
2148 http fetch GET 200 https://registry.npmjs.org/react-dom/-/react-dom-18.3.1.tgz 1992ms (cache miss)
2149 http fetch GET 200 https://registry.npmjs.org/@babel/core/-/core-7.29.7.tgz 2124ms (cache miss)
2150 http fetch GET 200 https://registry.npmjs.org/sucrase/-/sucrase-3.35.1.tgz 2226ms (cache miss)
2151 http fetch GET 200 https://registry.npmjs.org/@babel/types/-/types-7.29.8.tgz 2319ms (cache miss)
2152 http fetch GET 200 https://registry.npmjs.org/@babel/helpers/-/helpers-7.29.7.tgz 2364ms (cache miss)
2153 http fetch GET 200 https://registry.npmjs.org/@esbuild/win32-x64/-/win32-x64-0.25.12.tgz 2462ms (cache miss)
2154 http fetch GET 200 https://registry.npmjs.org/tailwindcss/-/tailwindcss-3.4.19.tgz 2482ms (cache miss)
2155 http fetch GET 200 https://registry.npmjs.org/caniuse-lite/-/caniuse-lite-1.0.30001810.tgz 3090ms (cache miss)
2156 http fetch GET 200 https://registry.npmjs.org/lucide-react/-/lucide-react-0.468.0.tgz 6564ms (cache miss)
2157 info run esbuild@0.25.12 postinstall node_modules/esbuild node install.js
2158 info run esbuild@0.25.12 postinstall { code: 'EPERM', signal: undefined }
2159 warn cleanup Failed to remove some directories [
2159 warn cleanup   [
2159 warn cleanup     '\\\\?\\C:\\Users\\ADMIN\\Documents\\Codex\\2026-09-23\\files-pasted-by-the-user-i\\node_modules',
2159 warn cleanup     [Error: EPERM: operation not permitted, rmdir 'C:\Users\ADMIN\Documents\Codex\2026-09-23\files-pasted-by-the-user-i\node_modules\send\node_modules\debug'] {
2159 warn cleanup       errno: -4048,
2159 warn cleanup       code: 'EPERM',
2159 warn cleanup       syscall: 'rmdir',
2159 warn cleanup       path: 'C:\\Users\\ADMIN\\Documents\\Codex\\2026-09-23\\files-pasted-by-the-user-i\\node_modules\\send\\node_modules\\debug'
2159 warn cleanup     }
2159 warn cleanup   ]
2159 warn cleanup ]
2160 verbose stack Error: spawn EPERM
2160 verbose stack     at ChildProcess.spawn (node:internal/child_process:420:11)
2160 verbose stack     at spawn (node:child_process:786:9)
2160 verbose stack     at promiseSpawn (C:\Program Files\nodejs\node_modules\npm\node_modules\@npmcli\promise-spawn\lib\index.js:39:16)
2160 verbose stack     at spawnWithShell (C:\Program Files\nodejs\node_modules\npm\node_modules\@npmcli\promise-spawn\lib\index.js:124:10)
2160 verbose stack     at promiseSpawn (C:\Program Files\nodejs\node_modules\npm\node_modules\@npmcli\promise-spawn\lib\index.js:12:12)
2160 verbose stack     at runScriptPkg (C:\Program Files\nodejs\node_modules\npm\node_modules\@npmcli\run-script\lib\run-script-pkg.js:79:13)
2160 verbose stack     at runScript (C:\Program Files\nodejs\node_modules\npm\node_modules\@npmcli\run-script\lib\run-script.js:9:12)
2160 verbose stack     at C:\Program Files\nodejs\node_modules\npm\node_modules\@npmcli\arborist\lib\arborist\rebuild.js:329:17
2160 verbose stack     at run (C:\Program Files\nodejs\node_modules\npm\node_modules\promise-call-limit\dist\commonjs\index.js:67:22)
2160 verbose stack     at C:\Program Files\nodejs\node_modules\npm\node_modules\promise-call-limit\dist\commonjs\index.js:84:9
2161 error code EPERM
2162 error syscall spawn
2163 error errno -4048
2164 error Error: spawn EPERM
2164 error     at ChildProcess.spawn (node:internal/child_process:420:11)
2164 error     at spawn (node:child_process:786:9)
2164 error     at promiseSpawn (C:\Program Files\nodejs\node_modules\npm\node_modules\@npmcli\promise-spawn\lib\index.js:39:16)
2164 error     at spawnWithShell (C:\Program Files\nodejs\node_modules\npm\node_modules\@npmcli\promise-spawn\lib\index.js:124:10)
2164 error     at promiseSpawn (C:\Program Files\nodejs\node_modules\npm\node_modules\@npmcli\promise-spawn\lib\index.js:12:12)
2164 error     at runScriptPkg (C:\Program Files\nodejs\node_modules\npm\node_modules\@npmcli\run-script\lib\run-script-pkg.js:79:13)
2164 error     at runScript (C:\Program Files\nodejs\node_modules\npm\node_modules\@npmcli\run-script\lib\run-script.js:9:12)
2164 error     at C:\Program Files\nodejs\node_modules\npm\node_modules\@npmcli\arborist\lib\arborist\rebuild.js:329:17
2164 error     at run (C:\Program Files\nodejs\node_modules\npm\node_modules\promise-call-limit\dist\commonjs\index.js:67:22)
2164 error     at C:\Program Files\nodejs\node_modules\npm\node_modules\promise-call-limit\dist\commonjs\index.js:84:9 {
2164 error   errno: -4048,
2164 error   code: 'EPERM',
2164 error   syscall: 'spawn'
2164 error }
2165 error
2165 error The operation was rejected by your operating system.
2165 error It's possible that the file was already in use (by a text editor or antivirus),
2165 error or that you lack permissions to access it.
2165 error
2165 error If you believe this might be a permissions issue, please double-check the
2165 error permissions of the file and its containing directories, or try running
2165 error the command again as root/Administrator.
2166 silly unfinished npm timer reify 1790177407188
2167 silly unfinished npm timer reify:build 1790177428134
2168 silly unfinished npm timer build 1790177428135
2169 silly unfinished npm timer build:deps 1790177428135
2170 silly unfinished npm timer build:run:postinstall 1790177429129
2171 silly unfinished npm timer build:run:postinstall:node_modules/esbuild 1790177429129
2172 verbose cwd C:\Users\ADMIN\Documents\Codex\2026-09-23\files-pasted-by-the-user-i
2173 verbose os Windows_NT 10.0.26200
2174 verbose node v22.19.0
2175 verbose npm  v10.9.3
2176 notice
2176 notice New major version of npm available! 10.9.3 -> 12.1.0
2176 notice Changelog: https://github.com/npm/cli/releases/tag/v12.1.0
2176 notice To update run: npm install -g npm@12.1.0
2176 notice  { force: true, [Symbol(proc-log.meta)]: true }
2177 verbose exit -4048
2178 verbose code -4048
2179 error A complete log of this run can be found in: C:\Users\ADMIN\Documents\Codex\2026-09-23\files-pasted-by-the-user-i\.npm-cache\_logs\2026-09-23T15_30_05_602Z-debug-0.log
