0 verbose cli C:\Program Files\nodejs\node.exe C:\Program Files\nodejs\node_modules\npm\bin\npm-cli.js
1 info using npm@10.9.3
2 info using node@v22.19.0
3 silly config load:file:C:\Program Files\nodejs\node_modules\npm\npmrc
4 silly config load:file:C:\Users\ADMIN\Documents\Codex\2026-09-23\files-pasted-by-the-user-i\.npmrc
5 silly config load:file:C:\Users\ADMIN\.npmrc
6 silly config load:file:C:\Users\ADMIN\AppData\Roaming\npm\etc\npmrc
7 verbose title npm install
8 verbose argv "install" "--cache" ".npm-cache" "--ignore-scripts" "--no-audit" "--no-fund"
9 verbose logfile logs-max:10 dir:C:\Users\ADMIN\Documents\Codex\2026-09-23\files-pasted-by-the-user-i\.npm-cache\_logs\2026-09-23T15_30_44_647Z-
10 verbose logfile C:\Users\ADMIN\Documents\Codex\2026-09-23\files-pasted-by-the-user-i\.npm-cache\_logs\2026-09-23T15_30_44_647Z-debug-0.log
11 silly logfile done cleaning log files
12 silly packumentCache heap:2197815296 maxSize:549453824 maxEntrySize:274726912
13 silly idealTree buildDeps
14 silly fetch manifest express@^4.21.2
15 silly packumentCache full:https://registry.npmjs.org/express cache-miss
16 http cache https://registry.npmjs.org/express 35ms (cache hit)
17 silly packumentCache full:https://registry.npmjs.org/express set size:808982 disposed:false
18 silly fetch manifest lucide-react@^0.468.0
19 silly packumentCache full:https://registry.npmjs.org/lucide-react cache-miss
20 http cache https://registry.npmjs.org/lucide-react 13ms (cache hit)
21 silly packumentCache full:https://registry.npmjs.org/lucide-react set size:2363638 disposed:false
22 silly fetch manifest react@^18.3.1
23 silly packumentCache full:https://registry.npmjs.org/react cache-miss
24 http cache https://registry.npmjs.org/react 20ms (cache hit)
25 silly packumentCache full:https://registry.npmjs.org/react set size:7001902 disposed:false
26 silly fetch manifest react-dom@^18.3.1
27 silly packumentCache full:https://registry.npmjs.org/react-dom cache-miss
28 http cache https://registry.npmjs.org/react-dom 37ms (cache hit)
29 silly packumentCache full:https://registry.npmjs.org/react-dom set size:9432353 disposed:false
30 silly fetch manifest @vitejs/plugin-react@^4.3.4
31 silly packumentCache full:https://registry.npmjs.org/@vitejs%2fplugin-react cache-miss
32 http cache https://registry.npmjs.org/@vitejs%2fplugin-react 30ms (cache hit)
33 silly packumentCache full:https://registry.npmjs.org/@vitejs%2fplugin-react set size:284195 disposed:false
34 silly fetch manifest vite@^6.0.5
35 silly packumentCache full:https://registry.npmjs.org/vite cache-miss
36 http cache https://registry.npmjs.org/vite 77ms (cache hit)
37 silly packumentCache full:https://registry.npmjs.org/vite set size:38945461 disposed:false
38 silly fetch manifest @types/node@^18.0.0 || ^20.0.0 || >=22.0.0
39 silly packumentCache full:https://registry.npmjs.org/@types%2fnode cache-miss
40 http cache https://registry.npmjs.org/@types%2fnode 53ms (cache hit)
41 silly packumentCache full:https://registry.npmjs.org/@types%2fnode set size:11150508 disposed:false
42 silly fetch manifest jiti@>=1.21.0
43 silly packumentCache full:https://registry.npmjs.org/jiti cache-miss
44 http cache https://registry.npmjs.org/jiti 24ms (cache hit)
45 silly packumentCache full:https://registry.npmjs.org/jiti set size:387989 disposed:false
46 silly fetch manifest less@*
47 silly packumentCache full:https://registry.npmjs.org/less cache-miss
48 http cache https://registry.npmjs.org/less 10ms (cache hit)
49 silly packumentCache full:https://registry.npmjs.org/less set size:561097 disposed:false
50 silly fetch manifest lightningcss@^1.21.0
51 silly packumentCache full:https://registry.npmjs.org/lightningcss cache-miss
52 http cache https://registry.npmjs.org/lightningcss 9ms (cache hit)
53 silly packumentCache full:https://registry.npmjs.org/lightningcss set size:191065 disposed:false
54 silly fetch manifest sass@*
55 silly packumentCache full:https://registry.npmjs.org/sass cache-miss
56 http cache https://registry.npmjs.org/sass 9ms (cache hit)
57 silly packumentCache full:https://registry.npmjs.org/sass set size:754556 disposed:false
58 silly fetch manifest sass-embedded@*
59 silly packumentCache full:https://registry.npmjs.org/sass-embedded cache-miss
60 http cache https://registry.npmjs.org/sass-embedded 8ms (cache hit)
61 silly packumentCache full:https://registry.npmjs.org/sass-embedded set size:441473 disposed:false
62 silly fetch manifest stylus@*
63 silly packumentCache full:https://registry.npmjs.org/stylus cache-miss
64 http cache https://registry.npmjs.org/stylus 8ms (cache hit)
65 silly packumentCache full:https://registry.npmjs.org/stylus set size:286766 disposed:false
66 silly fetch manifest sugarss@*
67 silly packumentCache full:https://registry.npmjs.org/sugarss cache-miss
68 http cache https://registry.npmjs.org/sugarss 8ms (cache hit)
69 silly packumentCache full:https://registry.npmjs.org/sugarss set size:44975 disposed:false
70 silly fetch manifest postcss@^8.4.49
71 silly packumentCache full:https://registry.npmjs.org/postcss cache-miss
72 http cache https://registry.npmjs.org/postcss 8ms (cache hit)
73 silly packumentCache full:https://registry.npmjs.org/postcss set size:766699 disposed:false
74 silly fetch manifest terser@^5.16.0
75 silly packumentCache full:https://registry.npmjs.org/terser cache-miss
76 http cache https://registry.npmjs.org/terser 14ms (cache hit)
77 silly packumentCache full:https://registry.npmjs.org/terser set size:827672 disposed:false
78 silly fetch manifest tsx@^4.8.1
79 silly packumentCache full:https://registry.npmjs.org/tsx cache-miss
80 http cache https://registry.npmjs.org/tsx 9ms (cache hit)
81 silly packumentCache full:https://registry.npmjs.org/tsx set size:349770 disposed:false
82 silly fetch manifest yaml@^2.4.2
83 silly packumentCache full:https://registry.npmjs.org/yaml cache-miss
84 http cache https://registry.npmjs.org/yaml 8ms (cache hit)
85 silly packumentCache full:https://registry.npmjs.org/yaml set size:386415 disposed:false
86 silly fetch manifest autoprefixer@^10.4.20
87 silly packumentCache full:https://registry.npmjs.org/autoprefixer cache-miss
88 http cache https://registry.npmjs.org/autoprefixer 10ms (cache hit)
89 silly packumentCache full:https://registry.npmjs.org/autoprefixer set size:1414323 disposed:false
90 silly fetch manifest tailwindcss@^3.4.16
91 silly packumentCache full:https://registry.npmjs.org/tailwindcss cache-miss
92 http cache https://registry.npmjs.org/tailwindcss 30ms (cache hit)
93 silly packumentCache full:https://registry.npmjs.org/tailwindcss set size:10879261 disposed:false
94 silly placeDep ROOT @vitejs/plugin-react@4.7.0 OK for: thread-and-thistle-showroom@1.0.0 want: ^4.3.4
95 silly placeDep ROOT vite@6.4.3 OK for: @vitejs/plugin-react@4.7.0 want: ^4.2.0 || ^5.0.0 || ^6.0.0 || ^7.0.0
96 silly placeDep ROOT autoprefixer@10.6.1 OK for: thread-and-thistle-showroom@1.0.0 want: ^10.4.20
97 silly placeDep ROOT postcss@8.5.28 OK for: autoprefixer@10.6.1 want: ^8.1.0
98 silly placeDep ROOT express@4.22.3 OK for: thread-and-thistle-showroom@1.0.0 want: ^4.21.2
99 silly placeDep ROOT lucide-react@0.468.0 OK for: thread-and-thistle-showroom@1.0.0 want: ^0.468.0
100 silly placeDep ROOT react@18.3.1 OK for: lucide-react@0.468.0 want: ^16.5.1 || ^17.0.0 || ^18.0.0 || ^19.0.0-rc
101 silly placeDep ROOT react-dom@18.3.1 OK for: thread-and-thistle-showroom@1.0.0 want: ^18.3.1
102 silly placeDep ROOT tailwindcss@3.4.19 OK for: thread-and-thistle-showroom@1.0.0 want: ^3.4.16
103 silly fetch manifest @babel/core@^7.28.0
104 silly packumentCache full:https://registry.npmjs.org/@babel%2fcore cache-miss
105 silly fetch manifest react-refresh@^0.17.0
106 silly packumentCache full:https://registry.npmjs.org/react-refresh cache-miss
107 silly fetch manifest @types/babel__core@^7.20.5
108 silly packumentCache full:https://registry.npmjs.org/@types%2fbabel__core cache-miss
109 silly fetch manifest @rolldown/pluginutils@1.0.0-beta.27
110 silly packumentCache full:https://registry.npmjs.org/@rolldown%2fpluginutils cache-miss
111 silly fetch manifest @babel/plugin-transform-react-jsx-self@^7.27.1
112 silly packumentCache full:https://registry.npmjs.org/@babel%2fplugin-transform-react-jsx-self cache-miss
113 silly fetch manifest @babel/plugin-transform-react-jsx-source@^7.27.1
114 silly packumentCache full:https://registry.npmjs.org/@babel%2fplugin-transform-react-jsx-source cache-miss
115 silly fetch manifest fdir@^6.4.4
116 silly packumentCache full:https://registry.npmjs.org/fdir cache-miss
117 silly fetch manifest rollup@^4.34.9
118 silly packumentCache full:https://registry.npmjs.org/rollup cache-miss
119 silly fetch manifest esbuild@^0.25.0
120 silly packumentCache full:https://registry.npmjs.org/esbuild cache-miss
121 silly fetch manifest postcss@^8.5.3
122 silly packumentCache full:https://registry.npmjs.org/postcss cache-hit
123 silly fetch manifest picomatch@^4.0.2
124 silly packumentCache full:https://registry.npmjs.org/picomatch cache-miss
125 silly fetch manifest tinyglobby@^0.2.13
126 silly packumentCache full:https://registry.npmjs.org/tinyglobby cache-miss
127 silly fetch manifest fsevents@~2.3.3
128 silly packumentCache full:https://registry.npmjs.org/fsevents cache-miss
129 silly fetch manifest picocolors@^1.1.1
130 silly packumentCache full:https://registry.npmjs.org/picocolors cache-miss
131 silly fetch manifest fraction.js@^5.3.4
132 silly packumentCache full:https://registry.npmjs.org/fraction.js cache-miss
133 silly fetch manifest browserslist@^4.28.9
134 silly packumentCache full:https://registry.npmjs.org/browserslist cache-miss
135 http cache https://registry.npmjs.org/@rolldown%2fpluginutils 45ms (cache hit)
136 silly packumentCache full:https://registry.npmjs.org/@rolldown%2fpluginutils set size:300388 disposed:false
137 silly fetch manifest caniuse-lite@^1.0.30001810
138 silly packumentCache full:https://registry.npmjs.org/caniuse-lite cache-miss
139 http cache https://registry.npmjs.org/@babel%2fcore 50ms (cache hit)
140 silly packumentCache full:https://registry.npmjs.org/@babel%2fcore set size:797193 disposed:false
141 silly fetch manifest postcss-value-parser@^4.2.0
142 silly packumentCache full:https://registry.npmjs.org/postcss-value-parser cache-miss
143 http cache https://registry.npmjs.org/@types%2fbabel__core 57ms (cache hit)
144 silly packumentCache full:https://registry.npmjs.org/@types%2fbabel__core set size:88676 disposed:false
145 silly fetch manifest nanoid@^3.3.18
146 silly packumentCache full:https://registry.npmjs.org/nanoid cache-miss
147 http cache https://registry.npmjs.org/fdir 58ms (cache hit)
148 silly packumentCache full:https://registry.npmjs.org/fdir set size:136182 disposed:false
149 silly fetch manifest picocolors@^1.1.1
150 silly packumentCache full:https://registry.npmjs.org/picocolors cache-miss
151 http cache https://registry.npmjs.org/react-refresh 71ms (cache hit)
152 silly packumentCache full:https://registry.npmjs.org/react-refresh set size:6644659 disposed:false
153 silly fetch manifest source-map-js@^1.2.1
154 silly packumentCache full:https://registry.npmjs.org/source-map-js cache-miss
155 http cache https://registry.npmjs.org/@babel%2fplugin-transform-react-jsx-source 113ms (cache hit)
156 silly packumentCache full:https://registry.npmjs.org/@babel%2fplugin-transform-react-jsx-source set size:205288 disposed:false
157 silly fetch manifest qs@~6.16.0
158 silly packumentCache full:https://registry.npmjs.org/qs cache-miss
159 http cache https://registry.npmjs.org/@babel%2fplugin-transform-react-jsx-self 119ms (cache hit)
160 silly packumentCache full:https://registry.npmjs.org/@babel%2fplugin-transform-react-jsx-self set size:200274 disposed:false
161 silly fetch manifest depd@2.0.0
162 silly packumentCache full:https://registry.npmjs.org/depd cache-miss
163 http cache https://registry.npmjs.org/esbuild 121ms (cache hit)
164 silly packumentCache full:https://registry.npmjs.org/esbuild set size:1264676 disposed:false
165 silly fetch manifest etag@~1.8.1
166 silly packumentCache full:https://registry.npmjs.org/etag cache-miss
167 http cache https://registry.npmjs.org/rollup 140ms (cache hit)
168 silly packumentCache full:https://registry.npmjs.org/rollup set size:6353428 disposed:false
169 silly fetch manifest send@~0.19.0
170 silly packumentCache full:https://registry.npmjs.org/send cache-miss
171 http cache https://registry.npmjs.org/picomatch 192ms (cache hit)
172 silly packumentCache full:https://registry.npmjs.org/picomatch set size:134451 disposed:false
173 silly fetch manifest vary@~1.1.2
174 silly packumentCache full:https://registry.npmjs.org/vary cache-miss
175 http cache https://registry.npmjs.org/tinyglobby 194ms (cache hit)
176 silly packumentCache full:https://registry.npmjs.org/tinyglobby set size:54291 disposed:false
177 silly fetch manifest debug@2.6.9
178 silly packumentCache full:https://registry.npmjs.org/debug cache-miss
179 http cache https://registry.npmjs.org/fsevents 201ms (cache hit)
180 silly packumentCache full:https://registry.npmjs.org/fsevents set size:182472 disposed:false
181 silly fetch manifest fresh@~0.5.2
182 silly packumentCache full:https://registry.npmjs.org/fresh cache-miss
183 http cache https://registry.npmjs.org/picocolors 204ms (cache hit)
184 silly packumentCache full:https://registry.npmjs.org/picocolors set size:16648 disposed:false
185 silly fetch manifest cookie@~0.7.1
186 silly packumentCache full:https://registry.npmjs.org/cookie cache-miss
187 http cache https://registry.npmjs.org/fraction.js 205ms (cache hit)
188 silly packumentCache full:https://registry.npmjs.org/fraction.js set size:149386 disposed:false
189 silly fetch manifest accepts@~1.3.8
190 silly packumentCache full:https://registry.npmjs.org/accepts cache-miss
191 http cache https://registry.npmjs.org/browserslist 207ms (cache hit)
192 silly packumentCache full:https://registry.npmjs.org/browserslist set size:523370 disposed:false
193 silly fetch manifest methods@~1.1.2
194 silly packumentCache full:https://registry.npmjs.org/methods cache-miss
195 http cache https://registry.npmjs.org/postcss-value-parser 200ms (cache hit)
196 silly packumentCache full:https://registry.npmjs.org/postcss-value-parser set size:73526 disposed:false
197 silly fetch manifest type-is@~1.6.18
198 silly packumentCache full:https://registry.npmjs.org/type-is cache-miss
199 http cache https://registry.npmjs.org/caniuse-lite 215ms (cache hit)
200 silly packumentCache full:https://registry.npmjs.org/caniuse-lite set size:2313344 disposed:false
201 silly fetch manifest parseurl@~1.3.3
202 silly packumentCache full:https://registry.npmjs.org/parseurl cache-miss
203 http cache https://registry.npmjs.org/picocolors 235ms (cache hit)
204 silly packumentCache full:https://registry.npmjs.org/picocolors set size:16648 disposed:false
205 silly packumentCache full:https://registry.npmjs.org/picocolors dispose
206 silly fetch manifest statuses@~2.0.1
207 silly packumentCache full:https://registry.npmjs.org/statuses cache-miss
208 http cache https://registry.npmjs.org/source-map-js 186ms (cache hit)
209 silly packumentCache full:https://registry.npmjs.org/source-map-js set size:62640 disposed:false
210 silly fetch manifest encodeurl@~2.0.0
211 silly packumentCache full:https://registry.npmjs.org/encodeurl cache-miss
212 http cache https://registry.npmjs.org/nanoid 243ms (cache hit)
213 silly packumentCache full:https://registry.npmjs.org/nanoid set size:345858 disposed:false
214 silly fetch manifest proxy-addr@~2.0.7
215 silly packumentCache full:https://registry.npmjs.org/proxy-addr cache-miss
216 http cache https://registry.npmjs.org/qs 189ms (cache hit)
217 silly packumentCache full:https://registry.npmjs.org/qs set size:365613 disposed:false
218 silly fetch manifest body-parser@~1.20.5
219 silly packumentCache full:https://registry.npmjs.org/body-parser cache-miss
220 http cache https://registry.npmjs.org/depd 191ms (cache hit)
221 silly packumentCache full:https://registry.npmjs.org/depd set size:40182 disposed:false
222 silly fetch manifest escape-html@~1.0.3
223 silly packumentCache full:https://registry.npmjs.org/escape-html cache-miss
224 http cache https://registry.npmjs.org/send 120ms (cache hit)
225 silly packumentCache full:https://registry.npmjs.org/send set size:152810 disposed:false
226 silly fetch manifest http-errors@~2.0.0
227 silly packumentCache full:https://registry.npmjs.org/http-errors cache-miss
228 http cache https://registry.npmjs.org/etag 186ms (cache hit)
229 silly packumentCache full:https://registry.npmjs.org/etag set size:30032 disposed:false
230 silly fetch manifest on-finished@~2.4.1
231 silly packumentCache full:https://registry.npmjs.org/on-finished cache-miss
232 http cache https://registry.npmjs.org/vary 122ms (cache hit)
233 silly packumentCache full:https://registry.npmjs.org/vary set size:15994 disposed:false
234 silly fetch manifest safe-buffer@5.2.1
235 silly packumentCache full:https://registry.npmjs.org/safe-buffer cache-miss
236 http cache https://registry.npmjs.org/debug 123ms (cache hit)
237 silly packumentCache full:https://registry.npmjs.org/debug set size:195840 disposed:false
238 silly fetch manifest utils-merge@1.0.1
239 silly packumentCache full:https://registry.npmjs.org/utils-merge cache-miss
240 http cache https://registry.npmjs.org/fresh 117ms (cache hit)
241 silly packumentCache full:https://registry.npmjs.org/fresh set size:25427 disposed:false
242 silly fetch manifest content-type@~1.0.4
243 silly packumentCache full:https://registry.npmjs.org/content-type cache-miss
244 http cache https://registry.npmjs.org/cookie 116ms (cache hit)
245 silly packumentCache full:https://registry.npmjs.org/cookie set size:78274 disposed:false
246 silly fetch manifest finalhandler@~1.3.1
247 silly packumentCache full:https://registry.npmjs.org/finalhandler cache-miss
248 http cache https://registry.npmjs.org/accepts 116ms (cache hit)
249 silly packumentCache full:https://registry.npmjs.org/accepts set size:77054 disposed:false
250 silly fetch manifest range-parser@~1.2.1
251 silly packumentCache full:https://registry.npmjs.org/range-parser cache-miss
252 http cache https://registry.npmjs.org/methods 112ms (cache hit)
253 silly packumentCache full:https://registry.npmjs.org/methods set size:12600 disposed:false
254 silly fetch manifest serve-static@~1.16.2
255 silly packumentCache full:https://registry.npmjs.org/serve-static cache-miss
256 http cache https://registry.npmjs.org/type-is 96ms (cache hit)
257 silly packumentCache full:https://registry.npmjs.org/type-is set size:90391 disposed:false
258 silly fetch manifest array-flatten@1.1.1
259 silly packumentCache full:https://registry.npmjs.org/array-flatten cache-miss
260 http cache https://registry.npmjs.org/statuses 60ms (cache hit)
261 silly packumentCache full:https://registry.npmjs.org/statuses set size:37117 disposed:false
262 silly fetch manifest path-to-regexp@~0.1.13
263 silly packumentCache full:https://registry.npmjs.org/path-to-regexp cache-miss
264 http cache https://registry.npmjs.org/encodeurl 59ms (cache hit)
265 silly packumentCache full:https://registry.npmjs.org/encodeurl set size:12296 disposed:false
266 silly fetch manifest setprototypeof@1.2.0
267 silly packumentCache full:https://registry.npmjs.org/setprototypeof cache-miss
268 http cache https://registry.npmjs.org/parseurl 67ms (cache hit)
269 silly packumentCache full:https://registry.npmjs.org/parseurl set size:24148 disposed:false
270 silly fetch manifest cookie-signature@~1.0.6
271 silly packumentCache full:https://registry.npmjs.org/cookie-signature cache-miss
272 http cache https://registry.npmjs.org/proxy-addr 58ms (cache hit)
273 silly packumentCache full:https://registry.npmjs.org/proxy-addr set size:64125 disposed:false
274 silly fetch manifest merge-descriptors@1.0.3
275 silly packumentCache full:https://registry.npmjs.org/merge-descriptors cache-miss
276 http cache https://registry.npmjs.org/body-parser 54ms (cache hit)
277 silly packumentCache full:https://registry.npmjs.org/body-parser set size:207391 disposed:false
278 silly fetch manifest content-disposition@~0.5.4
279 silly packumentCache full:https://registry.npmjs.org/content-disposition cache-miss
280 http cache https://registry.npmjs.org/escape-html 56ms (cache hit)
281 silly packumentCache full:https://registry.npmjs.org/escape-html set size:7345 disposed:false
282 silly fetch manifest loose-envify@^1.1.0
283 silly packumentCache full:https://registry.npmjs.org/loose-envify cache-miss
284 http cache https://registry.npmjs.org/http-errors 54ms (cache hit)
285 silly packumentCache full:https://registry.npmjs.org/http-errors set size:71987 disposed:false
286 silly fetch manifest scheduler@^0.23.2
287 silly packumentCache full:https://registry.npmjs.org/scheduler cache-miss
288 http cache https://registry.npmjs.org/on-finished 55ms (cache hit)
289 silly packumentCache full:https://registry.npmjs.org/on-finished set size:23212 disposed:false
290 silly fetch manifest loose-envify@^1.1.0
291 silly packumentCache full:https://registry.npmjs.org/loose-envify cache-miss
292 http cache https://registry.npmjs.org/safe-buffer 55ms (cache hit)
293 silly packumentCache full:https://registry.npmjs.org/safe-buffer set size:41183 disposed:false
294 silly fetch manifest arg@^5.0.2
295 silly packumentCache full:https://registry.npmjs.org/arg cache-miss
296 http cache https://registry.npmjs.org/content-type 52ms (cache hit)
297 silly packumentCache full:https://registry.npmjs.org/content-type set size:29578 disposed:false
298 silly fetch manifest dlv@^1.1.3
299 silly packumentCache full:https://registry.npmjs.org/dlv cache-miss
300 http cache https://registry.npmjs.org/utils-merge 56ms (cache hit)
301 silly packumentCache full:https://registry.npmjs.org/utils-merge set size:5237 disposed:false
302 silly fetch manifest jiti@^1.21.7
303 silly packumentCache full:https://registry.npmjs.org/jiti cache-hit
304 silly fetch manifest is-glob@^4.0.3
305 silly packumentCache full:https://registry.npmjs.org/is-glob cache-miss
306 http cache https://registry.npmjs.org/finalhandler 54ms (cache hit)
307 silly packumentCache full:https://registry.npmjs.org/finalhandler set size:79291 disposed:false
308 silly fetch manifest resolve@^1.22.8
309 silly packumentCache full:https://registry.npmjs.org/resolve cache-miss
310 http cache https://registry.npmjs.org/range-parser 54ms (cache hit)
311 silly packumentCache full:https://registry.npmjs.org/range-parser set size:24852 disposed:false
312 silly fetch manifest sucrase@^3.35.0
313 silly packumentCache full:https://registry.npmjs.org/sucrase cache-miss
314 http cache https://registry.npmjs.org/serve-static 55ms (cache hit)
315 silly packumentCache full:https://registry.npmjs.org/serve-static set size:150391 disposed:false
316 silly fetch manifest chokidar@^3.6.0
317 silly packumentCache full:https://registry.npmjs.org/chokidar cache-miss
318 http cache https://registry.npmjs.org/array-flatten 49ms (cache hit)
319 silly packumentCache full:https://registry.npmjs.org/array-flatten set size:24005 disposed:false
320 silly fetch manifest fast-glob@^3.3.2
321 silly packumentCache full:https://registry.npmjs.org/fast-glob cache-miss
322 http cache https://registry.npmjs.org/setprototypeof 46ms (cache hit)
323 silly packumentCache full:https://registry.npmjs.org/setprototypeof set size:14532 disposed:false
324 silly fetch manifest lilconfig@^3.1.3
325 silly packumentCache full:https://registry.npmjs.org/lilconfig cache-miss
326 http cache https://registry.npmjs.org/path-to-regexp 50ms (cache hit)
327 silly packumentCache full:https://registry.npmjs.org/path-to-regexp set size:216334 disposed:false
328 silly fetch manifest didyoumean@^1.2.2
329 silly packumentCache full:https://registry.npmjs.org/didyoumean cache-miss
330 http cache https://registry.npmjs.org/merge-descriptors 48ms (cache hit)
331 silly packumentCache full:https://registry.npmjs.org/merge-descriptors set size:16527 disposed:false
332 silly fetch manifest micromatch@^4.0.8
333 silly packumentCache full:https://registry.npmjs.org/micromatch cache-miss
334 http cache https://registry.npmjs.org/loose-envify 45ms (cache hit)
335 silly packumentCache full:https://registry.npmjs.org/loose-envify set size:12559 disposed:false
336 silly fetch manifest postcss-js@^4.0.1
337 silly packumentCache full:https://registry.npmjs.org/postcss-js cache-miss
338 http cache https://registry.npmjs.org/cookie-signature 55ms (cache hit)
339 silly packumentCache full:https://registry.npmjs.org/cookie-signature set size:21777 disposed:false
340 silly fetch manifest glob-parent@^6.0.2
341 silly packumentCache full:https://registry.npmjs.org/glob-parent cache-miss
342 http cache https://registry.npmjs.org/content-disposition 51ms (cache hit)
343 silly packumentCache full:https://registry.npmjs.org/content-disposition set size:45446 disposed:false
344 silly fetch manifest object-hash@^3.0.0
345 silly packumentCache full:https://registry.npmjs.org/object-hash cache-miss
346 http cache https://registry.npmjs.org/scheduler 58ms (cache hit)
347 silly packumentCache full:https://registry.npmjs.org/scheduler set size:5780227 disposed:false
348 silly fetch manifest normalize-path@^3.0.0
349 silly packumentCache full:https://registry.npmjs.org/normalize-path cache-miss
350 http cache https://registry.npmjs.org/loose-envify 100ms (cache hit)
351 silly packumentCache full:https://registry.npmjs.org/loose-envify set size:12559 disposed:false
352 silly packumentCache full:https://registry.npmjs.org/loose-envify dispose
353 silly fetch manifest postcss-import@^15.1.0
354 silly packumentCache full:https://registry.npmjs.org/postcss-import cache-miss
355 http cache https://registry.npmjs.org/dlv 97ms (cache hit)
356 silly packumentCache full:https://registry.npmjs.org/dlv set size:16709 disposed:false
357 silly fetch manifest postcss-nested@^6.2.0
358 silly packumentCache full:https://registry.npmjs.org/postcss-nested cache-miss
359 http cache https://registry.npmjs.org/arg 101ms (cache hit)
360 silly packumentCache full:https://registry.npmjs.org/arg set size:67036 disposed:false
361 silly fetch manifest @alloc/quick-lru@^5.2.0
362 silly packumentCache full:https://registry.npmjs.org/@alloc%2fquick-lru cache-miss
363 http cache https://registry.npmjs.org/is-glob 98ms (cache hit)
364 silly packumentCache full:https://registry.npmjs.org/is-glob set size:40530 disposed:false
365 silly fetch manifest postcss-load-config@^4.0.2 || ^5.0 || ^6.0
366 silly packumentCache full:https://registry.npmjs.org/postcss-load-config cache-miss
367 http cache https://registry.npmjs.org/resolve 103ms (cache hit)
368 silly packumentCache full:https://registry.npmjs.org/resolve set size:244568 disposed:false
369 silly fetch manifest postcss-selector-parser@^6.1.2
370 silly packumentCache full:https://registry.npmjs.org/postcss-selector-parser cache-miss
371 http cache https://registry.npmjs.org/sucrase 105ms (cache hit)
372 silly packumentCache full:https://registry.npmjs.org/sucrase set size:449399 disposed:false
373 http cache https://registry.npmjs.org/chokidar 108ms (cache hit)
374 silly packumentCache full:https://registry.npmjs.org/chokidar set size:255902 disposed:false
375 http cache https://registry.npmjs.org/fast-glob 117ms (cache hit)
376 silly packumentCache full:https://registry.npmjs.org/fast-glob set size:220556 disposed:false
377 http cache https://registry.npmjs.org/lilconfig 119ms (cache hit)
378 silly packumentCache full:https://registry.npmjs.org/lilconfig set size:45636 disposed:false
379 http cache https://registry.npmjs.org/didyoumean 115ms (cache hit)
380 silly packumentCache full:https://registry.npmjs.org/didyoumean set size:11446 disposed:false
381 http cache https://registry.npmjs.org/micromatch 115ms (cache hit)
382 silly packumentCache full:https://registry.npmjs.org/micromatch set size:240630 disposed:false
383 http cache https://registry.npmjs.org/postcss-js 117ms (cache hit)
384 silly packumentCache full:https://registry.npmjs.org/postcss-js set size:51308 disposed:false
385 http cache https://registry.npmjs.org/glob-parent 117ms (cache hit)
386 silly packumentCache full:https://registry.npmjs.org/glob-parent set size:42445 disposed:false
387 http cache https://registry.npmjs.org/normalize-path 62ms (cache hit)
388 silly packumentCache full:https://registry.npmjs.org/normalize-path set size:28713 disposed:false
389 http cache https://registry.npmjs.org/object-hash 117ms (cache hit)
390 silly packumentCache full:https://registry.npmjs.org/object-hash set size:100564 disposed:false
391 http cache https://registry.npmjs.org/postcss-nested 63ms (cache hit)
392 silly packumentCache full:https://registry.npmjs.org/postcss-nested set size:83321 disposed:false
393 http cache https://registry.npmjs.org/postcss-import 66ms (cache hit)
394 silly packumentCache full:https://registry.npmjs.org/postcss-import set size:125042 disposed:false
395 http cache https://registry.npmjs.org/@alloc%2fquick-lru 65ms (cache hit)
396 silly packumentCache full:https://registry.npmjs.org/@alloc%2fquick-lru set size:10833 disposed:false
397 http cache https://registry.npmjs.org/postcss-load-config 64ms (cache hit)
398 silly packumentCache full:https://registry.npmjs.org/postcss-load-config set size:86425 disposed:false
399 http cache https://registry.npmjs.org/postcss-selector-parser 58ms (cache hit)
400 silly packumentCache full:https://registry.npmjs.org/postcss-selector-parser set size:199901 disposed:false
401 silly placeDep ROOT @babel/core@7.29.7 OK for: @vitejs/plugin-react@4.7.0 want: ^7.28.0
402 silly placeDep ROOT @babel/plugin-transform-react-jsx-self@7.29.7 OK for: @vitejs/plugin-react@4.7.0 want: ^7.27.1
403 silly placeDep ROOT @babel/plugin-transform-react-jsx-source@7.29.7 OK for: @vitejs/plugin-react@4.7.0 want: ^7.27.1
404 silly placeDep ROOT @rolldown/pluginutils@1.0.0-beta.27 OK for: @vitejs/plugin-react@4.7.0 want: 1.0.0-beta.27
405 silly placeDep ROOT @types/babel__core@7.20.5 OK for: @vitejs/plugin-react@4.7.0 want: ^7.20.5
406 silly placeDep ROOT react-refresh@0.17.0 OK for: @vitejs/plugin-react@4.7.0 want: ^0.17.0
407 silly fetch manifest debug@^4.1.0
408 silly packumentCache full:https://registry.npmjs.org/debug cache-hit
409 silly fetch manifest json5@^2.2.3
410 silly packumentCache full:https://registry.npmjs.org/json5 cache-miss
411 silly fetch manifest semver@^6.3.1
412 silly packumentCache full:https://registry.npmjs.org/semver cache-miss
413 silly fetch manifest gensync@^1.0.0-beta.2
414 silly packumentCache full:https://registry.npmjs.org/gensync cache-miss
415 silly fetch manifest @babel/types@^7.29.7
416 silly packumentCache full:https://registry.npmjs.org/@babel%2ftypes cache-miss
417 silly fetch manifest @babel/parser@^7.29.7
418 silly packumentCache full:https://registry.npmjs.org/@babel%2fparser cache-miss
419 silly fetch manifest @babel/helpers@^7.29.7
420 silly packumentCache full:https://registry.npmjs.org/@babel%2fhelpers cache-miss
421 silly fetch manifest @babel/template@^7.29.7
422 silly packumentCache full:https://registry.npmjs.org/@babel%2ftemplate cache-miss
423 silly fetch manifest @babel/traverse@^7.29.7
424 silly packumentCache full:https://registry.npmjs.org/@babel%2ftraverse cache-miss
425 silly fetch manifest @babel/generator@^7.29.7
426 silly packumentCache full:https://registry.npmjs.org/@babel%2fgenerator cache-miss
427 silly fetch manifest @babel/code-frame@^7.29.7
428 silly packumentCache full:https://registry.npmjs.org/@babel%2fcode-frame cache-miss
429 silly fetch manifest convert-source-map@^2.0.0
430 silly packumentCache full:https://registry.npmjs.org/convert-source-map cache-miss
431 silly fetch manifest @jridgewell/remapping@^2.3.5
432 silly packumentCache full:https://registry.npmjs.org/@jridgewell%2fremapping cache-miss
433 silly fetch manifest @babel/helper-module-transforms@^7.29.7
434 silly packumentCache full:https://registry.npmjs.org/@babel%2fhelper-module-transforms cache-miss
435 silly fetch manifest @babel/helper-compilation-targets@^7.29.7
436 silly packumentCache full:https://registry.npmjs.org/@babel%2fhelper-compilation-targets cache-miss
437 silly fetch manifest @babel/helper-plugin-utils@^7.29.7
438 silly packumentCache full:https://registry.npmjs.org/@babel%2fhelper-plugin-utils cache-miss
439 http cache https://registry.npmjs.org/gensync 45ms (cache hit)
440 silly packumentCache full:https://registry.npmjs.org/gensync set size:15068 disposed:false
441 silly fetch manifest @babel/helper-plugin-utils@^7.29.7
442 silly packumentCache full:https://registry.npmjs.org/@babel%2fhelper-plugin-utils cache-miss
443 http cache https://registry.npmjs.org/@babel%2ftypes 48ms (cache hit)
444 silly packumentCache full:https://registry.npmjs.org/@babel%2ftypes set size:507562 disposed:false
445 silly fetch manifest @babel/types@^7.20.7
446 silly packumentCache full:https://registry.npmjs.org/@babel%2ftypes cache-hit
447 silly fetch manifest @babel/parser@^7.20.7
448 silly packumentCache full:https://registry.npmjs.org/@babel%2fparser cache-miss
449 http cache https://registry.npmjs.org/semver 54ms (cache hit)
450 silly packumentCache full:https://registry.npmjs.org/semver set size:246128 disposed:false
451 silly fetch manifest @types/babel__template@*
452 silly packumentCache full:https://registry.npmjs.org/@types%2fbabel__template cache-miss
453 http cache https://registry.npmjs.org/json5 58ms (cache hit)
454 silly packumentCache full:https://registry.npmjs.org/json5 set size:86136 disposed:false
455 silly fetch manifest @types/babel__traverse@*
456 silly packumentCache full:https://registry.npmjs.org/@types%2fbabel__traverse cache-miss
457 http cache https://registry.npmjs.org/@babel%2ftraverse 59ms (cache hit)
458 silly packumentCache full:https://registry.npmjs.org/@babel%2ftraverse set size:569712 disposed:false
459 silly fetch manifest @types/babel__generator@*
460 silly packumentCache full:https://registry.npmjs.org/@types%2fbabel__generator cache-miss
461 http cache https://registry.npmjs.org/@babel%2fhelpers 68ms (cache hit)
462 silly packumentCache full:https://registry.npmjs.org/@babel%2fhelpers set size:400815 disposed:false
463 http cache https://registry.npmjs.org/@babel%2fparser 73ms (cache hit)
464 silly packumentCache full:https://registry.npmjs.org/@babel%2fparser set size:745724 disposed:false
465 http cache https://registry.npmjs.org/@babel%2ftemplate 80ms (cache hit)
466 silly packumentCache full:https://registry.npmjs.org/@babel%2ftemplate set size:237074 disposed:false
467 http cache https://registry.npmjs.org/@jridgewell%2fremapping 82ms (cache hit)
468 silly packumentCache full:https://registry.npmjs.org/@jridgewell%2fremapping set size:23809 disposed:false
469 http cache https://registry.npmjs.org/convert-source-map 83ms (cache hit)
470 silly packumentCache full:https://registry.npmjs.org/convert-source-map set size:66997 disposed:false
471 http cache https://registry.npmjs.org/@babel%2fcode-frame 84ms (cache hit)
472 silly packumentCache full:https://registry.npmjs.org/@babel%2fcode-frame set size:208928 disposed:false
473 http cache https://registry.npmjs.org/@babel%2fgenerator 88ms (cache hit)
474 silly packumentCache full:https://registry.npmjs.org/@babel%2fgenerator set size:527796 disposed:false
475 http cache https://registry.npmjs.org/@babel%2fhelper-plugin-utils 88ms (cache hit)
476 silly packumentCache full:https://registry.npmjs.org/@babel%2fhelper-plugin-utils set size:175564 disposed:false
477 http cache https://registry.npmjs.org/@babel%2fhelper-module-transforms 93ms (cache hit)
478 silly packumentCache full:https://registry.npmjs.org/@babel%2fhelper-module-transforms set size:351181 disposed:false
479 http cache https://registry.npmjs.org/@babel%2fhelper-compilation-targets 96ms (cache hit)
480 silly packumentCache full:https://registry.npmjs.org/@babel%2fhelper-compilation-targets set size:234171 disposed:false
481 http cache https://registry.npmjs.org/@babel%2fhelper-plugin-utils 67ms (cache hit)
482 silly packumentCache full:https://registry.npmjs.org/@babel%2fhelper-plugin-utils set size:175564 disposed:false
483 silly packumentCache full:https://registry.npmjs.org/@babel%2fhelper-plugin-utils dispose
484 http cache https://registry.npmjs.org/@types%2fbabel__template 58ms (cache hit)
485 silly packumentCache full:https://registry.npmjs.org/@types%2fbabel__template set size:22631 disposed:false
486 http cache https://registry.npmjs.org/@types%2fbabel__traverse 57ms (cache hit)
487 silly packumentCache full:https://registry.npmjs.org/@types%2fbabel__traverse set size:107819 disposed:false
488 http cache https://registry.npmjs.org/@babel%2fparser 65ms (cache hit)
489 silly packumentCache full:https://registry.npmjs.org/@babel%2fparser set size:745724 disposed:false
490 silly packumentCache full:https://registry.npmjs.org/@babel%2fparser dispose
491 http cache https://registry.npmjs.org/@types%2fbabel__generator 56ms (cache hit)
492 silly packumentCache full:https://registry.npmjs.org/@types%2fbabel__generator set size:31587 disposed:false
493 silly fetch manifest @babel/core@^7.0.0
494 silly packumentCache full:https://registry.npmjs.org/@babel%2fcore cache-hit
495 silly placeDep ROOT @babel/code-frame@7.29.7 OK for: @babel/core@7.29.7 want: ^7.29.7
496 silly placeDep ROOT @babel/generator@7.29.8 OK for: @babel/core@7.29.7 want: ^7.29.7
497 silly placeDep ROOT @babel/helper-compilation-targets@7.29.7 OK for: @babel/core@7.29.7 want: ^7.29.7
498 silly placeDep ROOT @babel/helper-module-transforms@7.29.7 OK for: @babel/core@7.29.7 want: ^7.29.7
499 silly placeDep ROOT @babel/helpers@7.29.7 OK for: @babel/core@7.29.7 want: ^7.29.7
500 silly placeDep ROOT @babel/parser@7.29.9 OK for: @babel/core@7.29.7 want: ^7.29.7
501 silly placeDep ROOT @babel/template@7.29.7 OK for: @babel/core@7.29.7 want: ^7.29.7
502 silly placeDep ROOT @babel/traverse@7.29.8 OK for: @babel/core@7.29.7 want: ^7.29.7
503 silly placeDep ROOT @babel/types@7.29.8 OK for: @babel/core@7.29.7 want: ^7.29.7
504 silly placeDep ROOT @jridgewell/remapping@2.3.5 OK for: @babel/core@7.29.7 want: ^2.3.5
505 silly placeDep ROOT convert-source-map@2.0.0 OK for: @babel/core@7.29.7 want: ^2.0.0
506 silly placeDep ROOT debug@4.4.3 OK for: @babel/core@7.29.7 want: ^4.1.0
507 silly placeDep ROOT gensync@1.0.0-beta.2 OK for: @babel/core@7.29.7 want: ^1.0.0-beta.2
508 silly placeDep ROOT json5@2.2.3 OK for: @babel/core@7.29.7 want: ^2.2.3
509 silly placeDep ROOT semver@6.3.1 OK for: @babel/core@7.29.7 want: ^6.3.1
510 silly fetch manifest js-tokens@^4.0.0
511 silly packumentCache full:https://registry.npmjs.org/js-tokens cache-miss
512 silly fetch manifest @babel/helper-validator-identifier@^7.29.7
513 silly packumentCache full:https://registry.npmjs.org/@babel%2fhelper-validator-identifier cache-miss
514 silly fetch manifest jsesc@^3.0.2
515 silly packumentCache full:https://registry.npmjs.org/jsesc cache-miss
516 silly fetch manifest @babel/types@^7.29.8
517 silly packumentCache full:https://registry.npmjs.org/@babel%2ftypes cache-hit
518 silly fetch manifest @babel/parser@^7.29.8
519 silly packumentCache full:https://registry.npmjs.org/@babel%2fparser cache-hit
520 silly fetch manifest @jridgewell/gen-mapping@^0.3.12
521 silly packumentCache full:https://registry.npmjs.org/@jridgewell%2fgen-mapping cache-miss
522 silly fetch manifest @jridgewell/trace-mapping@^0.3.28
523 silly packumentCache full:https://registry.npmjs.org/@jridgewell%2ftrace-mapping cache-miss
524 silly fetch manifest lru-cache@^5.1.1
525 silly packumentCache full:https://registry.npmjs.org/lru-cache cache-miss
526 silly fetch manifest browserslist@^4.24.0
527 silly packumentCache full:https://registry.npmjs.org/browserslist cache-hit
528 silly fetch manifest @babel/compat-data@^7.29.7
529 silly packumentCache full:https://registry.npmjs.org/@babel%2fcompat-data cache-miss
530 silly fetch manifest @babel/helper-validator-option@^7.29.7
531 silly packumentCache full:https://registry.npmjs.org/@babel%2fhelper-validator-option cache-miss
532 silly fetch manifest @babel/helper-module-imports@^7.29.7
533 silly packumentCache full:https://registry.npmjs.org/@babel%2fhelper-module-imports cache-miss
534 silly fetch manifest @babel/helper-validator-identifier@^7.29.7
535 silly packumentCache full:https://registry.npmjs.org/@babel%2fhelper-validator-identifier cache-miss
536 silly fetch manifest debug@^4.3.1
537 silly packumentCache full:https://registry.npmjs.org/debug cache-hit
538 silly fetch manifest @babel/helper-globals@^7.29.7
539 silly packumentCache full:https://registry.npmjs.org/@babel%2fhelper-globals cache-miss
540 silly fetch manifest @babel/helper-string-parser@^7.29.7
541 silly packumentCache full:https://registry.npmjs.org/@babel%2fhelper-string-parser cache-miss
542 silly fetch manifest @babel/helper-validator-identifier@^7.29.7
543 silly packumentCache full:https://registry.npmjs.org/@babel%2fhelper-validator-identifier cache-miss
544 silly fetch manifest @jridgewell/gen-mapping@^0.3.5
545 silly packumentCache full:https://registry.npmjs.org/@jridgewell%2fgen-mapping cache-miss
546 silly fetch manifest @jridgewell/trace-mapping@^0.3.24
547 silly packumentCache full:https://registry.npmjs.org/@jridgewell%2ftrace-mapping cache-miss
548 http cache https://registry.npmjs.org/jsesc 53ms (cache hit)
549 silly packumentCache full:https://registry.npmjs.org/jsesc set size:61512 disposed:false
550 silly fetch manifest ms@^2.1.3
551 silly packumentCache full:https://registry.npmjs.org/ms cache-miss
552 http cache https://registry.npmjs.org/js-tokens 56ms (cache hit)
553 silly packumentCache full:https://registry.npmjs.org/js-tokens set size:41947 disposed:false
554 http cache https://registry.npmjs.org/lru-cache 55ms (cache hit)
555 silly packumentCache full:https://registry.npmjs.org/lru-cache set size:465506 disposed:false
556 http cache https://registry.npmjs.org/@jridgewell%2fgen-mapping 61ms (cache hit)
557 silly packumentCache full:https://registry.npmjs.org/@jridgewell%2fgen-mapping set size:75941 disposed:false
558 http cache https://registry.npmjs.org/@babel%2fhelper-validator-identifier 58ms (cache hit)
559 silly packumentCache full:https://registry.npmjs.org/@babel%2fhelper-validator-identifier set size:132572 disposed:false
560 http cache https://registry.npmjs.org/@babel%2fhelper-globals 59ms (cache hit)
561 silly packumentCache full:https://registry.npmjs.org/@babel%2fhelper-globals set size:27304 disposed:false
562 http cache https://registry.npmjs.org/@babel%2fhelper-validator-identifier 66ms (cache hit)
563 silly packumentCache full:https://registry.npmjs.org/@babel%2fhelper-validator-identifier set size:132572 disposed:false
564 silly packumentCache full:https://registry.npmjs.org/@babel%2fhelper-validator-identifier dispose
565 http cache https://registry.npmjs.org/@jridgewell%2ftrace-mapping 66ms (cache hit)
566 silly packumentCache full:https://registry.npmjs.org/@jridgewell%2ftrace-mapping set size:170909 disposed:false
567 http cache https://registry.npmjs.org/@babel%2fhelper-module-imports 67ms (cache hit)
568 silly packumentCache full:https://registry.npmjs.org/@babel%2fhelper-module-imports set size:203392 disposed:false
569 http cache https://registry.npmjs.org/@babel%2fcompat-data 70ms (cache hit)
570 silly packumentCache full:https://registry.npmjs.org/@babel%2fcompat-data set size:321231 disposed:false
571 http cache https://registry.npmjs.org/@babel%2fhelper-string-parser 68ms (cache hit)
572 silly packumentCache full:https://registry.npmjs.org/@babel%2fhelper-string-parser set size:93686 disposed:false
573 http cache https://registry.npmjs.org/@babel%2fhelper-validator-option 73ms (cache hit)
574 silly packumentCache full:https://registry.npmjs.org/@babel%2fhelper-validator-option set size:101303 disposed:false
575 http cache https://registry.npmjs.org/@babel%2fhelper-validator-identifier 70ms (cache hit)
576 silly packumentCache full:https://registry.npmjs.org/@babel%2fhelper-validator-identifier set size:132572 disposed:true
577 silly packumentCache full:https://registry.npmjs.org/@babel%2fhelper-validator-identifier dispose
578 http cache https://registry.npmjs.org/@jridgewell%2fgen-mapping 71ms (cache hit)
579 silly packumentCache full:https://registry.npmjs.org/@jridgewell%2fgen-mapping set size:75941 disposed:false
580 silly packumentCache full:https://registry.npmjs.org/@jridgewell%2fgen-mapping dispose
581 http cache https://registry.npmjs.org/@jridgewell%2ftrace-mapping 71ms (cache hit)
582 silly packumentCache full:https://registry.npmjs.org/@jridgewell%2ftrace-mapping set size:170909 disposed:false
583 silly packumentCache full:https://registry.npmjs.org/@jridgewell%2ftrace-mapping dispose
584 http cache https://registry.npmjs.org/ms 33ms (cache hit)
585 silly packumentCache full:https://registry.npmjs.org/ms set size:92208 disposed:false
586 silly placeDep ROOT @babel/helper-validator-identifier@7.29.7 OK for: @babel/code-frame@7.29.7 want: ^7.29.7
587 silly placeDep ROOT js-tokens@4.0.0 OK for: @babel/code-frame@7.29.7 want: ^4.0.0
588 silly placeDep ROOT picocolors@1.1.1 OK for: @babel/code-frame@7.29.7 want: ^1.1.1
589 silly placeDep ROOT @jridgewell/gen-mapping@0.3.13 OK for: @babel/generator@7.29.8 want: ^0.3.12
590 silly placeDep ROOT @jridgewell/trace-mapping@0.3.31 OK for: @babel/generator@7.29.8 want: ^0.3.28
591 silly placeDep ROOT jsesc@3.1.0 OK for: @babel/generator@7.29.8 want: ^3.0.2
592 silly fetch manifest @jridgewell/sourcemap-codec@^1.5.0
593 silly packumentCache full:https://registry.npmjs.org/@jridgewell%2fsourcemap-codec cache-miss
594 silly fetch manifest @jridgewell/resolve-uri@^3.1.0
595 silly packumentCache full:https://registry.npmjs.org/@jridgewell%2fresolve-uri cache-miss
596 silly fetch manifest @jridgewell/sourcemap-codec@^1.4.14
597 silly packumentCache full:https://registry.npmjs.org/@jridgewell%2fsourcemap-codec cache-miss
598 http cache https://registry.npmjs.org/@jridgewell%2fsourcemap-codec 10ms (cache hit)
599 silly packumentCache full:https://registry.npmjs.org/@jridgewell%2fsourcemap-codec set size:65255 disposed:false
600 http cache https://registry.npmjs.org/@jridgewell%2fresolve-uri 14ms (cache hit)
601 silly packumentCache full:https://registry.npmjs.org/@jridgewell%2fresolve-uri set size:57361 disposed:false
602 http cache https://registry.npmjs.org/@jridgewell%2fsourcemap-codec 15ms (cache hit)
603 silly packumentCache full:https://registry.npmjs.org/@jridgewell%2fsourcemap-codec set size:65255 disposed:false
604 silly packumentCache full:https://registry.npmjs.org/@jridgewell%2fsourcemap-codec dispose
605 silly placeDep ROOT @babel/compat-data@7.29.7 OK for: @babel/helper-compilation-targets@7.29.7 want: ^7.29.7
606 silly placeDep ROOT @babel/helper-validator-option@7.29.7 OK for: @babel/helper-compilation-targets@7.29.7 want: ^7.29.7
607 silly placeDep ROOT browserslist@4.29.0 OK for: @babel/helper-compilation-targets@7.29.7 want: ^4.24.0
608 silly placeDep ROOT lru-cache@5.1.1 OK for: @babel/helper-compilation-targets@7.29.7 want: ^5.1.1
609 silly fetch manifest node-releases@^2.0.55
610 silly packumentCache full:https://registry.npmjs.org/node-releases cache-miss
611 silly fetch manifest electron-to-chromium@^1.5.427
612 silly packumentCache full:https://registry.npmjs.org/electron-to-chromium cache-miss
613 silly fetch manifest update-browserslist-db@^1.3.3
614 silly packumentCache full:https://registry.npmjs.org/update-browserslist-db cache-miss
615 silly fetch manifest baseline-browser-mapping@^2.11.23
616 silly packumentCache full:https://registry.npmjs.org/baseline-browser-mapping cache-miss
617 silly fetch manifest yallist@^3.0.2
618 silly packumentCache full:https://registry.npmjs.org/yallist cache-miss
619 http cache https://registry.npmjs.org/node-releases 12ms (cache hit)
620 silly packumentCache full:https://registry.npmjs.org/node-releases set size:301779 disposed:false
621 http cache https://registry.npmjs.org/electron-to-chromium 21ms (cache hit)
622 silly packumentCache full:https://registry.npmjs.org/electron-to-chromium set size:4968179 disposed:false
623 http cache https://registry.npmjs.org/update-browserslist-db 51ms (cache hit)
624 silly packumentCache full:https://registry.npmjs.org/update-browserslist-db set size:71185 disposed:false
625 http cache https://registry.npmjs.org/yallist 52ms (cache hit)
626 silly packumentCache full:https://registry.npmjs.org/yallist set size:34610 disposed:false
627 http cache https://registry.npmjs.org/baseline-browser-mapping 54ms (cache hit)
628 silly packumentCache full:https://registry.npmjs.org/baseline-browser-mapping set size:641742 disposed:false
629 silly placeDep ROOT @babel/helper-module-imports@7.29.7 OK for: @babel/helper-module-transforms@7.29.7 want: ^7.29.7
630 silly placeDep ROOT @babel/helper-plugin-utils@7.29.7 OK for: @babel/plugin-transform-react-jsx-self@7.29.7 want: ^7.29.7
631 silly placeDep ROOT @babel/helper-globals@7.29.7 OK for: @babel/traverse@7.29.8 want: ^7.29.7
632 silly placeDep ROOT @babel/helper-string-parser@7.29.7 OK for: @babel/types@7.29.8 want: ^7.29.7
633 silly placeDep ROOT @jridgewell/sourcemap-codec@1.6.0 OK for: @jridgewell/gen-mapping@0.3.13 want: ^1.5.0
634 silly placeDep ROOT @jridgewell/resolve-uri@3.1.2 OK for: @jridgewell/trace-mapping@0.3.31 want: ^3.1.0
635 silly placeDep ROOT @types/babel__generator@7.27.0 OK for: @types/babel__core@7.20.5 want: *
636 silly placeDep ROOT @types/babel__template@7.4.4 OK for: @types/babel__core@7.20.5 want: *
637 silly placeDep ROOT @types/babel__traverse@7.28.0 OK for: @types/babel__core@7.20.5 want: *
638 silly placeDep ROOT caniuse-lite@1.0.30001810 OK for: autoprefixer@10.6.1 want: ^1.0.30001810
639 silly placeDep ROOT fraction.js@5.3.4 OK for: autoprefixer@10.6.1 want: ^5.3.4
640 silly placeDep ROOT postcss-value-parser@4.2.0 OK for: autoprefixer@10.6.1 want: ^4.2.0
641 silly fetch manifest browserslist@>= 4.21.0
642 silly packumentCache full:https://registry.npmjs.org/browserslist cache-hit
643 silly placeDep ROOT baseline-browser-mapping@2.11.25 OK for: browserslist@4.29.0 want: ^2.11.23
644 silly placeDep ROOT electron-to-chromium@1.5.438 OK for: browserslist@4.29.0 want: ^1.5.427
645 silly placeDep ROOT node-releases@2.0.57 OK for: browserslist@4.29.0 want: ^2.0.55
646 silly placeDep ROOT update-browserslist-db@1.3.3 OK for: browserslist@4.29.0 want: ^1.3.3
647 silly fetch manifest escalade@^3.2.0
648 silly packumentCache full:https://registry.npmjs.org/escalade cache-miss
649 http cache https://registry.npmjs.org/escalade 20ms (cache hit)
650 silly packumentCache full:https://registry.npmjs.org/escalade set size:33724 disposed:false
651 silly placeDep ROOT ms@2.1.3 OK for: debug@4.4.3 want: ^2.1.3
652 silly placeDep ROOT accepts@1.3.8 OK for: express@4.22.3 want: ~1.3.8
653 silly placeDep ROOT array-flatten@1.1.1 OK for: express@4.22.3 want: 1.1.1
654 silly placeDep ROOT body-parser@1.20.8 OK for: express@4.22.3 want: ~1.20.5
655 silly placeDep ROOT content-disposition@0.5.4 OK for: express@4.22.3 want: ~0.5.4
656 silly placeDep ROOT content-type@1.0.5 OK for: express@4.22.3 want: ~1.0.4
657 silly placeDep ROOT cookie@0.7.2 OK for: express@4.22.3 want: ~0.7.1
658 silly placeDep ROOT cookie-signature@1.0.7 OK for: express@4.22.3 want: ~1.0.6
659 silly placeDep node_modules/express debug@2.6.9 OK for: express@4.22.3 want: 2.6.9
660 silly placeDep ROOT depd@2.0.0 OK for: express@4.22.3 want: 2.0.0
661 silly placeDep ROOT encodeurl@2.0.0 OK for: express@4.22.3 want: ~2.0.0
662 silly placeDep ROOT escape-html@1.0.3 OK for: express@4.22.3 want: ~1.0.3
663 silly placeDep ROOT etag@1.8.1 OK for: express@4.22.3 want: ~1.8.1
664 silly placeDep ROOT finalhandler@1.3.2 OK for: express@4.22.3 want: ~1.3.1
665 silly placeDep ROOT fresh@0.5.2 OK for: express@4.22.3 want: ~0.5.2
666 silly placeDep ROOT http-errors@2.0.1 OK for: express@4.22.3 want: ~2.0.0
667 silly placeDep ROOT merge-descriptors@1.0.3 OK for: express@4.22.3 want: 1.0.3
668 silly placeDep ROOT methods@1.1.2 OK for: express@4.22.3 want: ~1.1.2
669 silly placeDep ROOT on-finished@2.4.1 OK for: express@4.22.3 want: ~2.4.1
670 silly placeDep ROOT parseurl@1.3.3 OK for: express@4.22.3 want: ~1.3.3
671 silly placeDep ROOT path-to-regexp@0.1.13 OK for: express@4.22.3 want: ~0.1.13
672 silly placeDep ROOT proxy-addr@2.0.8 OK for: express@4.22.3 want: ~2.0.7
673 silly placeDep ROOT qs@6.16.0 OK for: express@4.22.3 want: ~6.16.0
674 silly placeDep ROOT range-parser@1.2.1 OK for: express@4.22.3 want: ~1.2.1
675 silly placeDep ROOT safe-buffer@5.2.1 OK for: express@4.22.3 want: 5.2.1
676 silly placeDep ROOT send@0.19.2 OK for: express@4.22.3 want: ~0.19.0
677 silly placeDep ROOT serve-static@1.16.3 OK for: express@4.22.3 want: ~1.16.2
678 silly placeDep ROOT setprototypeof@1.2.0 OK for: express@4.22.3 want: 1.2.0
679 silly placeDep ROOT statuses@2.0.2 OK for: express@4.22.3 want: ~2.0.1
680 silly placeDep ROOT type-is@1.6.18 OK for: express@4.22.3 want: ~1.6.18
681 silly placeDep ROOT utils-merge@1.0.1 OK for: express@4.22.3 want: 1.0.1
682 silly placeDep ROOT vary@1.1.2 OK for: express@4.22.3 want: ~1.1.2
683 silly fetch manifest mime-types@~2.1.34
684 silly packumentCache full:https://registry.npmjs.org/mime-types cache-miss
685 silly fetch manifest negotiator@0.6.3
686 silly packumentCache full:https://registry.npmjs.org/negotiator cache-miss
687 silly fetch manifest bytes@~3.1.2
688 silly packumentCache full:https://registry.npmjs.org/bytes cache-miss
689 silly fetch manifest unpipe@~1.0.0
690 silly packumentCache full:https://registry.npmjs.org/unpipe cache-miss
691 silly fetch manifest destroy@~1.2.0
692 silly packumentCache full:https://registry.npmjs.org/destroy cache-miss
693 silly fetch manifest raw-body@~2.5.3
694 silly packumentCache full:https://registry.npmjs.org/raw-body cache-miss
695 silly fetch manifest iconv-lite@~0.4.24
696 silly packumentCache full:https://registry.npmjs.org/iconv-lite cache-miss
697 silly fetch manifest http-errors@~2.0.1
698 silly packumentCache full:https://registry.npmjs.org/http-errors cache-hit
699 silly fetch manifest content-type@~1.0.5
700 silly packumentCache full:https://registry.npmjs.org/content-type cache-hit
701 silly fetch manifest ms@2.0.0
702 silly packumentCache full:https://registry.npmjs.org/ms cache-hit
703 silly fetch manifest unpipe@~1.0.0
704 silly packumentCache full:https://registry.npmjs.org/unpipe cache-miss
705 silly fetch manifest statuses@~2.0.2
706 silly packumentCache full:https://registry.npmjs.org/statuses cache-hit
707 silly fetch manifest inherits@~2.0.4
708 silly packumentCache full:https://registry.npmjs.org/inherits cache-miss
709 silly fetch manifest setprototypeof@~1.2.0
710 silly packumentCache full:https://registry.npmjs.org/setprototypeof cache-hit
711 silly fetch manifest statuses@~2.0.2
712 silly packumentCache full:https://registry.npmjs.org/statuses cache-hit
713 silly fetch manifest toidentifier@~1.0.1
714 silly packumentCache full:https://registry.npmjs.org/toidentifier cache-miss
715 silly fetch manifest ee-first@1.1.1
716 silly packumentCache full:https://registry.npmjs.org/ee-first cache-miss
717 silly fetch manifest forwarded@0.2.0
718 silly packumentCache full:https://registry.npmjs.org/forwarded cache-miss
719 silly fetch manifest ipaddr.js@1.9.1
720 silly packumentCache full:https://registry.npmjs.org/ipaddr.js cache-miss
721 silly fetch manifest side-channel@^1.1.1
722 silly packumentCache full:https://registry.npmjs.org/side-channel cache-miss
723 silly fetch manifest es-define-property@^1.0.1
724 silly packumentCache full:https://registry.npmjs.org/es-define-property cache-miss
725 http cache https://registry.npmjs.org/destroy 58ms (cache hit)
726 silly packumentCache full:https://registry.npmjs.org/destroy set size:15738 disposed:false
727 silly fetch manifest mime@1.6.0
728 silly packumentCache full:https://registry.npmjs.org/mime cache-miss
729 http cache https://registry.npmjs.org/mime-types 60ms (cache hit)
730 silly packumentCache full:https://registry.npmjs.org/mime-types set size:139110 disposed:false
731 silly fetch manifest destroy@1.2.0
732 silly packumentCache full:https://registry.npmjs.org/destroy cache-hit
733 silly fetch manifest mime-types@~2.1.24
734 silly packumentCache full:https://registry.npmjs.org/mime-types cache-hit
735 silly fetch manifest media-typer@0.3.0
736 silly packumentCache full:https://registry.npmjs.org/media-typer cache-miss
737 http cache https://registry.npmjs.org/bytes 62ms (cache hit)
738 silly packumentCache full:https://registry.npmjs.org/bytes set size:37018 disposed:false
739 http cache https://registry.npmjs.org/negotiator 65ms (cache hit)
740 silly packumentCache full:https://registry.npmjs.org/negotiator set size:56148 disposed:false
741 http cache https://registry.npmjs.org/unpipe 65ms (cache hit)
742 silly packumentCache full:https://registry.npmjs.org/unpipe set size:3609 disposed:false
743 http cache https://registry.npmjs.org/unpipe 62ms (cache hit)
744 silly packumentCache full:https://registry.npmjs.org/unpipe set size:3609 disposed:false
745 silly packumentCache full:https://registry.npmjs.org/unpipe dispose
746 http cache https://registry.npmjs.org/iconv-lite 65ms (cache hit)
747 silly packumentCache full:https://registry.npmjs.org/iconv-lite set size:126462 disposed:false
748 http cache https://registry.npmjs.org/raw-body 67ms (cache hit)
749 silly packumentCache full:https://registry.npmjs.org/raw-body set size:120042 disposed:false
750 http cache https://registry.npmjs.org/toidentifier 67ms (cache hit)
751 silly packumentCache full:https://registry.npmjs.org/toidentifier set size:12006 disposed:false
752 http cache https://registry.npmjs.org/inherits 68ms (cache hit)
753 silly packumentCache full:https://registry.npmjs.org/inherits set size:12925 disposed:false
754 http cache https://registry.npmjs.org/ee-first 67ms (cache hit)
755 silly packumentCache full:https://registry.npmjs.org/ee-first set size:15327 disposed:false
756 http cache https://registry.npmjs.org/ipaddr.js 67ms (cache hit)
757 silly packumentCache full:https://registry.npmjs.org/ipaddr.js set size:84329 disposed:false
758 http cache https://registry.npmjs.org/forwarded 69ms (cache hit)
759 silly packumentCache full:https://registry.npmjs.org/forwarded set size:11229 disposed:false
760 http cache https://registry.npmjs.org/side-channel 68ms (cache hit)
761 silly packumentCache full:https://registry.npmjs.org/side-channel set size:27650 disposed:false
762 http cache https://registry.npmjs.org/es-define-property 69ms (cache hit)
763 silly packumentCache full:https://registry.npmjs.org/es-define-property set size:8542 disposed:false
764 http cache https://registry.npmjs.org/mime 25ms (cache hit)
765 silly packumentCache full:https://registry.npmjs.org/mime set size:119236 disposed:false
766 http cache https://registry.npmjs.org/media-typer 24ms (cache hit)
767 silly packumentCache full:https://registry.npmjs.org/media-typer set size:22074 disposed:false
768 silly placeDep ROOT mime-types@2.1.35 OK for: accepts@1.3.8 want: ~2.1.34
769 silly placeDep ROOT negotiator@0.6.3 OK for: accepts@1.3.8 want: 0.6.3
770 silly fetch manifest mime-db@1.52.0
771 silly packumentCache full:https://registry.npmjs.org/mime-db cache-miss
772 http cache https://registry.npmjs.org/mime-db 9ms (cache hit)
773 silly packumentCache full:https://registry.npmjs.org/mime-db set size:164953 disposed:false
774 silly placeDep ROOT bytes@3.1.2 OK for: body-parser@1.20.8 want: ~3.1.2
775 silly placeDep node_modules/body-parser debug@2.6.9 OK for: body-parser@1.20.8 want: 2.6.9
776 silly placeDep ROOT destroy@1.2.0 OK for: body-parser@1.20.8 want: ~1.2.0
777 silly placeDep ROOT iconv-lite@0.4.24 OK for: body-parser@1.20.8 want: ~0.4.24
778 silly placeDep ROOT raw-body@2.5.3 OK for: body-parser@1.20.8 want: ~2.5.3
779 silly placeDep ROOT unpipe@1.0.0 OK for: body-parser@1.20.8 want: ~1.0.0
780 silly fetch manifest safer-buffer@>= 2.1.2 < 3
781 silly packumentCache full:https://registry.npmjs.org/safer-buffer cache-miss
782 http cache https://registry.npmjs.org/safer-buffer 7ms (cache hit)
783 silly packumentCache full:https://registry.npmjs.org/safer-buffer set size:18521 disposed:false
784 silly placeDep node_modules/finalhandler debug@2.6.9 OK for: finalhandler@1.3.2 want: 2.6.9
785 silly placeDep ROOT inherits@2.0.4 OK for: http-errors@2.0.1 want: ~2.0.4
786 silly placeDep ROOT toidentifier@1.0.1 OK for: http-errors@2.0.1 want: ~1.0.1
787 silly placeDep ROOT safer-buffer@2.1.2 OK for: iconv-lite@0.4.24 want: >= 2.1.2 < 3
788 silly placeDep ROOT yallist@3.1.1 OK for: lru-cache@5.1.1 want: ^3.0.2
789 silly placeDep ROOT mime-db@1.52.0 OK for: mime-types@2.1.35 want: 1.52.0
790 silly placeDep ROOT ee-first@1.1.1 OK for: on-finished@2.4.1 want: 1.1.1
791 silly placeDep ROOT nanoid@3.3.19 OK for: postcss@8.5.28 want: ^3.3.18
792 silly placeDep ROOT source-map-js@1.2.1 OK for: postcss@8.5.28 want: ^1.2.1
793 silly placeDep ROOT forwarded@0.2.0 OK for: proxy-addr@2.0.8 want: 0.2.0
794 silly placeDep ROOT ipaddr.js@1.9.1 OK for: proxy-addr@2.0.8 want: 1.9.1
795 silly placeDep ROOT es-define-property@1.0.1 OK for: qs@6.16.0 want: ^1.0.1
796 silly placeDep ROOT side-channel@1.1.1 OK for: qs@6.16.0 want: ^1.1.1
797 silly fetch manifest es-errors@^1.3.0
798 silly packumentCache full:https://registry.npmjs.org/es-errors cache-miss
799 silly fetch manifest object-inspect@^1.13.4
800 silly packumentCache full:https://registry.npmjs.org/object-inspect cache-miss
801 silly fetch manifest side-channel-list@^1.0.1
802 silly packumentCache full:https://registry.npmjs.org/side-channel-list cache-miss
803 silly fetch manifest side-channel-map@^1.0.1
804 silly packumentCache full:https://registry.npmjs.org/side-channel-map cache-miss
805 silly fetch manifest side-channel-weakmap@^1.0.2
806 silly packumentCache full:https://registry.npmjs.org/side-channel-weakmap cache-miss
807 http cache https://registry.npmjs.org/es-errors 14ms (cache hit)
808 silly packumentCache full:https://registry.npmjs.org/es-errors set size:16918 disposed:false
809 http cache https://registry.npmjs.org/side-channel-list 14ms (cache hit)
810 silly packumentCache full:https://registry.npmjs.org/side-channel-list set size:9021 disposed:false
811 http cache https://registry.npmjs.org/object-inspect 15ms (cache hit)
812 silly packumentCache full:https://registry.npmjs.org/object-inspect set size:101927 disposed:false
813 http cache https://registry.npmjs.org/side-channel-map 16ms (cache hit)
814 silly packumentCache full:https://registry.npmjs.org/side-channel-map set size:9126 disposed:false
815 http cache https://registry.npmjs.org/side-channel-weakmap 16ms (cache hit)
816 silly packumentCache full:https://registry.npmjs.org/side-channel-weakmap set size:12620 disposed:false
817 silly placeDep ROOT loose-envify@1.4.0 OK for: react@18.3.1 want: ^1.1.0
818 silly placeDep ROOT scheduler@0.23.2 OK for: react-dom@18.3.1 want: ^0.23.2
819 silly placeDep node_modules/send debug@2.6.9 OK for: send@0.19.2 want: 2.6.9
820 silly placeDep ROOT mime@1.6.0 OK for: send@0.19.2 want: 1.6.0
821 silly placeDep ROOT es-errors@1.3.0 OK for: side-channel@1.1.1 want: ^1.3.0
822 silly placeDep ROOT object-inspect@1.13.4 OK for: side-channel@1.1.1 want: ^1.13.4
823 silly placeDep ROOT side-channel-list@1.0.1 OK for: side-channel@1.1.1 want: ^1.0.1
824 silly placeDep ROOT side-channel-map@1.0.1 OK for: side-channel@1.1.1 want: ^1.0.1
825 silly placeDep ROOT side-channel-weakmap@1.0.2 OK for: side-channel@1.1.1 want: ^1.0.2
826 silly fetch manifest call-bound@^1.0.2
827 silly packumentCache full:https://registry.npmjs.org/call-bound cache-miss
828 silly fetch manifest get-intrinsic@^1.2.5
829 silly packumentCache full:https://registry.npmjs.org/get-intrinsic cache-miss
830 silly fetch manifest call-bound@^1.0.2
831 silly packumentCache full:https://registry.npmjs.org/call-bound cache-miss
832 silly fetch manifest get-intrinsic@^1.2.5
833 silly packumentCache full:https://registry.npmjs.org/get-intrinsic cache-miss
834 http cache https://registry.npmjs.org/call-bound 11ms (cache hit)
835 silly packumentCache full:https://registry.npmjs.org/call-bound set size:15317 disposed:false
836 http cache https://registry.npmjs.org/get-intrinsic 12ms (cache hit)
837 silly packumentCache full:https://registry.npmjs.org/get-intrinsic set size:60985 disposed:false
838 http cache https://registry.npmjs.org/call-bound 12ms (cache hit)
839 silly packumentCache full:https://registry.npmjs.org/call-bound set size:15317 disposed:false
840 silly packumentCache full:https://registry.npmjs.org/call-bound dispose
841 http cache https://registry.npmjs.org/get-intrinsic 13ms (cache hit)
842 silly packumentCache full:https://registry.npmjs.org/get-intrinsic set size:60985 disposed:false
843 silly packumentCache full:https://registry.npmjs.org/get-intrinsic dispose
844 silly placeDep ROOT call-bound@1.0.4 OK for: side-channel-map@1.0.1 want: ^1.0.2
845 silly placeDep ROOT get-intrinsic@1.3.0 OK for: side-channel-map@1.0.1 want: ^1.2.5
846 silly fetch manifest call-bind-apply-helpers@^1.0.2
847 silly packumentCache full:https://registry.npmjs.org/call-bind-apply-helpers cache-miss
848 silly fetch manifest get-intrinsic@^1.3.0
849 silly packumentCache full:https://registry.npmjs.org/get-intrinsic cache-hit
850 silly fetch manifest gopd@^1.2.0
851 silly packumentCache full:https://registry.npmjs.org/gopd cache-miss
852 silly fetch manifest hasown@^2.0.2
853 silly packumentCache full:https://registry.npmjs.org/hasown cache-miss
854 silly fetch manifest get-proto@^1.0.1
855 silly packumentCache full:https://registry.npmjs.org/get-proto cache-miss
856 silly fetch manifest has-symbols@^1.1.0
857 silly packumentCache full:https://registry.npmjs.org/has-symbols cache-miss
858 silly fetch manifest function-bind@^1.1.2
859 silly packumentCache full:https://registry.npmjs.org/function-bind cache-miss
860 silly fetch manifest es-object-atoms@^1.1.1
861 silly packumentCache full:https://registry.npmjs.org/es-object-atoms cache-miss
862 silly fetch manifest math-intrinsics@^1.1.0
863 silly packumentCache full:https://registry.npmjs.org/math-intrinsics cache-miss
864 silly fetch manifest call-bind-apply-helpers@^1.0.2
865 silly packumentCache full:https://registry.npmjs.org/call-bind-apply-helpers cache-miss
866 http cache https://registry.npmjs.org/gopd 20ms (cache hit)
867 silly packumentCache full:https://registry.npmjs.org/gopd set size:11483 disposed:false
868 http cache https://registry.npmjs.org/hasown 21ms (cache hit)
869 silly packumentCache full:https://registry.npmjs.org/hasown set size:18361 disposed:false
870 http cache https://registry.npmjs.org/call-bind-apply-helpers 23ms (cache hit)
871 silly packumentCache full:https://registry.npmjs.org/call-bind-apply-helpers set size:12744 disposed:false
872 http cache https://registry.npmjs.org/get-proto 22ms (cache hit)
873 silly packumentCache full:https://registry.npmjs.org/get-proto set size:8300 disposed:false
874 http cache https://registry.npmjs.org/math-intrinsics 23ms (cache hit)
875 silly packumentCache full:https://registry.npmjs.org/math-intrinsics set size:9265 disposed:false
876 http cache https://registry.npmjs.org/has-symbols 23ms (cache hit)
877 silly packumentCache full:https://registry.npmjs.org/has-symbols set size:21550 disposed:false
878 http cache https://registry.npmjs.org/function-bind 24ms (cache hit)
879 silly packumentCache full:https://registry.npmjs.org/function-bind set size:15733 disposed:false
880 http cache https://registry.npmjs.org/call-bind-apply-helpers 24ms (cache hit)
881 silly packumentCache full:https://registry.npmjs.org/call-bind-apply-helpers set size:12744 disposed:false
882 silly packumentCache full:https://registry.npmjs.org/call-bind-apply-helpers dispose
883 http cache https://registry.npmjs.org/es-object-atoms 25ms (cache hit)
884 silly packumentCache full:https://registry.npmjs.org/es-object-atoms set size:18278 disposed:false
885 silly placeDep ROOT call-bind-apply-helpers@1.0.2 OK for: call-bound@1.0.4 want: ^1.0.2
886 silly placeDep ROOT function-bind@1.1.2 OK for: call-bind-apply-helpers@1.0.2 want: ^1.1.2
887 silly placeDep ROOT es-object-atoms@1.1.2 OK for: get-intrinsic@1.3.0 want: ^1.1.1
888 silly placeDep ROOT get-proto@1.0.1 OK for: get-intrinsic@1.3.0 want: ^1.0.1
889 silly placeDep ROOT gopd@1.2.0 OK for: get-intrinsic@1.3.0 want: ^1.2.0
890 silly placeDep ROOT has-symbols@1.1.0 OK for: get-intrinsic@1.3.0 want: ^1.1.0
891 silly placeDep ROOT hasown@2.0.4 OK for: get-intrinsic@1.3.0 want: ^2.0.2
892 silly placeDep ROOT math-intrinsics@1.1.0 OK for: get-intrinsic@1.3.0 want: ^1.1.0
893 silly fetch manifest dunder-proto@^1.0.1
894 silly packumentCache full:https://registry.npmjs.org/dunder-proto cache-miss
895 http cache https://registry.npmjs.org/dunder-proto 8ms (cache hit)
896 silly packumentCache full:https://registry.npmjs.org/dunder-proto set size:8256 disposed:false
897 silly placeDep ROOT dunder-proto@1.0.1 OK for: get-proto@1.0.1 want: ^1.0.1
898 silly fetch manifest postcss@^8.4.47
899 silly packumentCache full:https://registry.npmjs.org/postcss cache-hit
900 silly placeDep ROOT @alloc/quick-lru@5.3.0 OK for: tailwindcss@3.4.19 want: ^5.2.0
901 silly placeDep ROOT arg@5.0.2 OK for: tailwindcss@3.4.19 want: ^5.0.2
902 silly placeDep ROOT chokidar@3.6.0 OK for: tailwindcss@3.4.19 want: ^3.6.0
903 silly placeDep ROOT didyoumean@1.2.2 OK for: tailwindcss@3.4.19 want: ^1.2.2
904 silly placeDep ROOT dlv@1.1.3 OK for: tailwindcss@3.4.19 want: ^1.1.3
905 silly placeDep ROOT fast-glob@3.3.3 OK for: tailwindcss@3.4.19 want: ^3.3.2
906 silly placeDep ROOT glob-parent@6.0.2 OK for: tailwindcss@3.4.19 want: ^6.0.2
907 silly placeDep ROOT is-glob@4.0.3 OK for: tailwindcss@3.4.19 want: ^4.0.3
908 silly placeDep ROOT jiti@1.21.7 OK for: tailwindcss@3.4.19 want: ^1.21.7
909 silly placeDep ROOT lilconfig@3.1.3 OK for: tailwindcss@3.4.19 want: ^3.1.3
910 silly placeDep ROOT micromatch@4.0.8 OK for: tailwindcss@3.4.19 want: ^4.0.8
911 silly placeDep ROOT normalize-path@3.0.0 OK for: tailwindcss@3.4.19 want: ^3.0.0
912 silly placeDep ROOT object-hash@3.0.0 OK for: tailwindcss@3.4.19 want: ^3.0.0
913 silly placeDep ROOT postcss-import@15.1.0 OK for: tailwindcss@3.4.19 want: ^15.1.0
914 silly placeDep ROOT postcss-js@4.1.0 OK for: tailwindcss@3.4.19 want: ^4.0.1
915 silly placeDep ROOT postcss-load-config@6.0.1 OK for: tailwindcss@3.4.19 want: ^4.0.2 || ^5.0 || ^6.0
916 silly placeDep ROOT postcss-nested@6.2.0 OK for: tailwindcss@3.4.19 want: ^6.2.0
917 silly placeDep ROOT postcss-selector-parser@6.1.4 OK for: tailwindcss@3.4.19 want: ^6.1.2
918 silly placeDep ROOT resolve@1.22.12 OK for: tailwindcss@3.4.19 want: ^1.22.8
919 silly placeDep ROOT sucrase@3.35.1 OK for: tailwindcss@3.4.19 want: ^3.35.0
920 silly fetch manifest braces@~3.0.2
921 silly packumentCache full:https://registry.npmjs.org/braces cache-miss
922 silly fetch manifest is-glob@~4.0.1
923 silly packumentCache full:https://registry.npmjs.org/is-glob cache-hit
924 silly fetch manifest anymatch@~3.1.2
925 silly packumentCache full:https://registry.npmjs.org/anymatch cache-miss
926 silly fetch manifest readdirp@~3.6.0
927 silly packumentCache full:https://registry.npmjs.org/readdirp cache-miss
928 silly fetch manifest glob-parent@~5.1.2
929 silly packumentCache full:https://registry.npmjs.org/glob-parent cache-hit
930 silly fetch manifest is-binary-path@~2.1.0
931 silly packumentCache full:https://registry.npmjs.org/is-binary-path cache-miss
932 silly fetch manifest normalize-path@~3.0.0
933 silly packumentCache full:https://registry.npmjs.org/normalize-path cache-hit
934 silly fetch manifest fsevents@~2.3.2
935 silly packumentCache full:https://registry.npmjs.org/fsevents cache-hit
936 silly fetch manifest @nodelib/fs.stat@^2.0.2
937 silly packumentCache full:https://registry.npmjs.org/@nodelib%2ffs.stat cache-miss
938 silly fetch manifest @nodelib/fs.walk@^1.2.3
939 silly packumentCache full:https://registry.npmjs.org/@nodelib%2ffs.walk cache-miss
940 silly fetch manifest glob-parent@^5.1.2
941 silly packumentCache full:https://registry.npmjs.org/glob-parent cache-hit
942 silly fetch manifest merge2@^1.3.0
943 silly packumentCache full:https://registry.npmjs.org/merge2 cache-miss
944 silly fetch manifest is-extglob@^2.1.1
945 silly packumentCache full:https://registry.npmjs.org/is-extglob cache-miss
946 silly fetch manifest braces@^3.0.3
947 silly packumentCache full:https://registry.npmjs.org/braces cache-miss
948 silly fetch manifest picomatch@^2.3.1
949 silly packumentCache full:https://registry.npmjs.org/picomatch cache-hit
950 silly fetch manifest resolve@^1.1.7
951 silly packumentCache full:https://registry.npmjs.org/resolve cache-hit
952 silly fetch manifest read-cache@^1.0.0
953 silly packumentCache full:https://registry.npmjs.org/read-cache cache-miss
954 silly fetch manifest camelcase-css@^2.0.1
955 silly packumentCache full:https://registry.npmjs.org/camelcase-css cache-miss
956 silly fetch manifest postcss-selector-parser@^6.1.1
957 silly packumentCache full:https://registry.npmjs.org/postcss-selector-parser cache-hit
958 silly fetch manifest cssesc@^3.0.0
959 silly packumentCache full:https://registry.npmjs.org/cssesc cache-miss
960 silly fetch manifest util-deprecate@^1.0.2
961 silly packumentCache full:https://registry.npmjs.org/util-deprecate cache-miss
962 silly fetch manifest path-parse@^1.0.7
963 silly packumentCache full:https://registry.npmjs.org/path-parse cache-miss
964 silly fetch manifest is-core-module@^2.16.1
965 silly packumentCache full:https://registry.npmjs.org/is-core-module cache-miss
966 http cache https://registry.npmjs.org/is-binary-path 33ms (cache hit)
967 silly packumentCache full:https://registry.npmjs.org/is-binary-path set size:13475 disposed:false
968 silly fetch manifest supports-preserve-symlinks-flag@^1.0.0
969 silly packumentCache full:https://registry.npmjs.org/supports-preserve-symlinks-flag cache-miss
970 http cache https://registry.npmjs.org/merge2 33ms (cache hit)
971 silly packumentCache full:https://registry.npmjs.org/merge2 set size:46159 disposed:false
972 silly fetch manifest commander@^4.0.0
973 silly packumentCache full:https://registry.npmjs.org/commander cache-miss
974 http cache https://registry.npmjs.org/braces 37ms (cache hit)
975 silly packumentCache full:https://registry.npmjs.org/braces set size:114529 disposed:false
976 silly fetch manifest lines-and-columns@^1.1.6
977 silly packumentCache full:https://registry.npmjs.org/lines-and-columns cache-miss
978 http cache https://registry.npmjs.org/anymatch 39ms (cache hit)
979 silly packumentCache full:https://registry.npmjs.org/anymatch set size:42974 disposed:false
980 silly fetch manifest mz@^2.7.0
981 silly packumentCache full:https://registry.npmjs.org/mz cache-miss
982 http cache https://registry.npmjs.org/is-extglob 39ms (cache hit)
983 silly packumentCache full:https://registry.npmjs.org/is-extglob set size:11766 disposed:false
984 silly fetch manifest pirates@^4.0.1
985 silly packumentCache full:https://registry.npmjs.org/pirates cache-miss
986 http cache https://registry.npmjs.org/readdirp 42ms (cache hit)
987 silly packumentCache full:https://registry.npmjs.org/readdirp set size:110119 disposed:false
988 silly fetch manifest tinyglobby@^0.2.11
989 silly packumentCache full:https://registry.npmjs.org/tinyglobby cache-hit
990 silly fetch manifest ts-interface-checker@^0.1.9
991 silly packumentCache full:https://registry.npmjs.org/ts-interface-checker cache-miss
992 http cache https://registry.npmjs.org/read-cache 39ms (cache hit)
993 silly packumentCache full:https://registry.npmjs.org/read-cache set size:6739 disposed:false
994 http cache https://registry.npmjs.org/@nodelib%2ffs.stat 44ms (cache hit)
995 silly packumentCache full:https://registry.npmjs.org/@nodelib%2ffs.stat set size:36993 disposed:false
996 http cache https://registry.npmjs.org/braces 42ms (cache hit)
997 silly packumentCache full:https://registry.npmjs.org/braces set size:114529 disposed:false
998 silly packumentCache full:https://registry.npmjs.org/braces dispose
999 http cache https://registry.npmjs.org/@nodelib%2ffs.walk 47ms (cache hit)
1000 silly packumentCache full:https://registry.npmjs.org/@nodelib%2ffs.walk set size:41589 disposed:false
1001 http cache https://registry.npmjs.org/camelcase-css 44ms (cache hit)
1002 silly packumentCache full:https://registry.npmjs.org/camelcase-css set size:9392 disposed:false
1003 http cache https://registry.npmjs.org/cssesc 45ms (cache hit)
1004 silly packumentCache full:https://registry.npmjs.org/cssesc set size:18815 disposed:false
1005 http cache https://registry.npmjs.org/util-deprecate 44ms (cache hit)
1006 silly packumentCache full:https://registry.npmjs.org/util-deprecate set size:6674 disposed:false
1007 http cache https://registry.npmjs.org/is-core-module 44ms (cache hit)
1008 silly packumentCache full:https://registry.npmjs.org/is-core-module set size:78502 disposed:false
1009 http cache https://registry.npmjs.org/path-parse 46ms (cache hit)
1010 silly packumentCache full:https://registry.npmjs.org/path-parse set size:14523 disposed:false
1011 http cache https://registry.npmjs.org/supports-preserve-symlinks-flag 27ms (cache hit)
1012 silly packumentCache full:https://registry.npmjs.org/supports-preserve-symlinks-flag set size:6802 disposed:false
1013 http cache https://registry.npmjs.org/lines-and-columns 24ms (cache hit)
1014 silly packumentCache full:https://registry.npmjs.org/lines-and-columns set size:73796 disposed:false
1015 http cache https://registry.npmjs.org/commander 30ms (cache hit)
1016 silly packumentCache full:https://registry.npmjs.org/commander set size:353104 disposed:false
1017 http cache https://registry.npmjs.org/ts-interface-checker 26ms (cache hit)
1018 silly packumentCache full:https://registry.npmjs.org/ts-interface-checker set size:58946 disposed:false
1019 http cache https://registry.npmjs.org/mz 31ms (cache hit)
1020 silly packumentCache full:https://registry.npmjs.org/mz set size:42731 disposed:false
1021 http cache https://registry.npmjs.org/pirates 31ms (cache hit)
1022 silly packumentCache full:https://registry.npmjs.org/pirates set size:51327 disposed:false
1023 silly placeDep ROOT anymatch@3.1.3 OK for: chokidar@3.6.0 want: ~3.1.2
1024 silly placeDep ROOT braces@3.0.3 OK for: chokidar@3.6.0 want: ~3.0.2
1025 silly placeDep ROOT fsevents@2.3.3 OK for: chokidar@3.6.0 want: ~2.3.2
1026 silly placeDep node_modules/chokidar glob-parent@5.1.2 OK for: chokidar@3.6.0 want: ~5.1.2
1027 silly placeDep ROOT is-binary-path@2.1.0 OK for: chokidar@3.6.0 want: ~2.1.0
1028 silly placeDep ROOT readdirp@3.6.0 OK for: chokidar@3.6.0 want: ~3.6.0
1029 silly fetch manifest picomatch@^2.0.4
1030 silly packumentCache full:https://registry.npmjs.org/picomatch cache-hit
1031 silly fetch manifest fill-range@^7.1.1
1032 silly packumentCache full:https://registry.npmjs.org/fill-range cache-miss
1033 silly fetch manifest binary-extensions@^2.0.0
1034 silly packumentCache full:https://registry.npmjs.org/binary-extensions cache-miss
1035 silly fetch manifest picomatch@^2.2.1
1036 silly packumentCache full:https://registry.npmjs.org/picomatch cache-hit
1037 http cache https://registry.npmjs.org/binary-extensions 9ms (cache hit)
1038 silly packumentCache full:https://registry.npmjs.org/binary-extensions set size:53598 disposed:false
1039 http cache https://registry.npmjs.org/fill-range 11ms (cache hit)
1040 silly packumentCache full:https://registry.npmjs.org/fill-range set size:90162 disposed:false
1041 silly placeDep ROOT picomatch@2.3.2 OK for: anymatch@3.1.3 want: ^2.0.4
1042 silly placeDep ROOT fill-range@7.1.1 OK for: braces@3.0.3 want: ^7.1.1
1043 silly fetch manifest to-regex-range@^5.0.1
1044 silly packumentCache full:https://registry.npmjs.org/to-regex-range cache-miss
1045 http cache https://registry.npmjs.org/to-regex-range 8ms (cache hit)
1046 silly packumentCache full:https://registry.npmjs.org/to-regex-range set size:61569 disposed:false
1047 silly placeDep ROOT @nodelib/fs.stat@2.0.5 OK for: fast-glob@3.3.3 want: ^2.0.2
1048 silly placeDep ROOT @nodelib/fs.walk@1.2.8 OK for: fast-glob@3.3.3 want: ^1.2.3
1049 silly placeDep node_modules/fast-glob glob-parent@5.1.2 OK for: fast-glob@3.3.3 want: ^5.1.2
1050 silly placeDep ROOT merge2@1.4.1 OK for: fast-glob@3.3.3 want: ^1.3.0
1051 silly fetch manifest fastq@^1.6.0
1052 silly packumentCache full:https://registry.npmjs.org/fastq cache-miss
1053 silly fetch manifest @nodelib/fs.scandir@2.1.5
1054 silly packumentCache full:https://registry.npmjs.org/@nodelib%2ffs.scandir cache-miss
1055 http cache https://registry.npmjs.org/@nodelib%2ffs.scandir 9ms (cache hit)
1056 silly packumentCache full:https://registry.npmjs.org/@nodelib%2ffs.scandir set size:49256 disposed:false
1057 http cache https://registry.npmjs.org/fastq 11ms (cache hit)
1058 silly packumentCache full:https://registry.npmjs.org/fastq set size:82997 disposed:false
1059 silly placeDep ROOT @nodelib/fs.scandir@2.1.5 OK for: @nodelib/fs.walk@1.2.8 want: 2.1.5
1060 silly placeDep ROOT fastq@1.20.3 OK for: @nodelib/fs.walk@1.2.8 want: ^1.6.0
1061 silly fetch manifest run-parallel@^1.1.9
1062 silly packumentCache full:https://registry.npmjs.org/run-parallel cache-miss
1063 silly fetch manifest reusify@^1.0.4
1064 silly packumentCache full:https://registry.npmjs.org/reusify cache-miss
1065 http cache https://registry.npmjs.org/run-parallel 9ms (cache hit)
1066 silly packumentCache full:https://registry.npmjs.org/run-parallel set size:35172 disposed:false
1067 http cache https://registry.npmjs.org/reusify 10ms (cache hit)
1068 silly packumentCache full:https://registry.npmjs.org/reusify set size:14249 disposed:false
1069 silly placeDep ROOT run-parallel@1.2.0 OK for: @nodelib/fs.scandir@2.1.5 want: ^1.1.9
1070 silly fetch manifest queue-microtask@^1.2.2
1071 silly packumentCache full:https://registry.npmjs.org/queue-microtask cache-miss
1072 http cache https://registry.npmjs.org/queue-microtask 9ms (cache hit)
1073 silly packumentCache full:https://registry.npmjs.org/queue-microtask set size:36088 disposed:false
1074 silly placeDep ROOT reusify@1.1.0 OK for: fastq@1.20.3 want: ^1.0.4
1075 silly placeDep ROOT to-regex-range@5.0.1 OK for: fill-range@7.1.1 want: ^5.0.1
1076 silly fetch manifest is-number@^7.0.0
1077 silly packumentCache full:https://registry.npmjs.org/is-number cache-miss
1078 http cache https://registry.npmjs.org/is-number 9ms (cache hit)
1079 silly packumentCache full:https://registry.npmjs.org/is-number set size:36183 disposed:false
1080 silly placeDep ROOT binary-extensions@2.3.0 OK for: is-binary-path@2.1.0 want: ^2.0.0
1081 silly placeDep ROOT is-extglob@2.1.1 OK for: is-glob@4.0.3 want: ^2.1.1
1082 silly placeDep ROOT read-cache@1.0.2 OK for: postcss-import@15.1.0 want: ^1.0.0
1083 silly placeDep ROOT camelcase-css@2.0.1 OK for: postcss-js@4.1.0 want: ^2.0.1
1084 silly placeDep ROOT cssesc@3.0.0 OK for: postcss-selector-parser@6.1.4 want: ^3.0.0
1085 silly placeDep ROOT util-deprecate@1.0.2 OK for: postcss-selector-parser@6.1.4 want: ^1.0.2
1086 silly placeDep ROOT is-core-module@2.17.0 OK for: resolve@1.22.12 want: ^2.16.1
1087 silly placeDep ROOT path-parse@1.0.7 OK for: resolve@1.22.12 want: ^1.0.7
1088 silly placeDep ROOT supports-preserve-symlinks-flag@1.0.0 OK for: resolve@1.22.12 want: ^1.0.0
1089 silly placeDep ROOT queue-microtask@1.2.3 OK for: run-parallel@1.2.0 want: ^1.2.2
1090 silly placeDep ROOT commander@4.1.1 OK for: sucrase@3.35.1 want: ^4.0.0
1091 silly placeDep ROOT lines-and-columns@1.2.4 OK for: sucrase@3.35.1 want: ^1.1.6
1092 silly placeDep ROOT mz@2.7.0 OK for: sucrase@3.35.1 want: ^2.7.0
1093 silly placeDep ROOT pirates@4.0.7 OK for: sucrase@3.35.1 want: ^4.0.1
1094 silly placeDep ROOT tinyglobby@0.2.17 OK for: sucrase@3.35.1 want: ^0.2.11
1095 silly placeDep ROOT ts-interface-checker@0.1.13 OK for: sucrase@3.35.1 want: ^0.1.9
1096 silly fetch manifest any-promise@^1.0.0
1097 silly packumentCache full:https://registry.npmjs.org/any-promise cache-miss
1098 silly fetch manifest object-assign@^4.0.1
1099 silly packumentCache full:https://registry.npmjs.org/object-assign cache-miss
1100 silly fetch manifest thenify-all@^1.0.0
1101 silly packumentCache full:https://registry.npmjs.org/thenify-all cache-miss
1102 silly fetch manifest fdir@^6.5.0
1103 silly packumentCache full:https://registry.npmjs.org/fdir cache-hit
1104 silly fetch manifest picomatch@^4.0.4
1105 silly packumentCache full:https://registry.npmjs.org/picomatch cache-hit
1106 http cache https://registry.npmjs.org/object-assign 9ms (cache hit)
1107 silly packumentCache full:https://registry.npmjs.org/object-assign set size:28988 disposed:false
1108 http cache https://registry.npmjs.org/any-promise 11ms (cache hit)
1109 silly packumentCache full:https://registry.npmjs.org/any-promise set size:20233 disposed:false
1110 http cache https://registry.npmjs.org/thenify-all 11ms (cache hit)
1111 silly packumentCache full:https://registry.npmjs.org/thenify-all set size:18488 disposed:false
1112 silly placeDep ROOT any-promise@1.3.0 OK for: mz@2.7.0 want: ^1.0.0
1113 silly placeDep ROOT object-assign@4.1.1 OK for: mz@2.7.0 want: ^4.0.1
1114 silly placeDep ROOT thenify-all@1.6.0 OK for: mz@2.7.0 want: ^1.0.0
1115 silly fetch manifest thenify@>= 3.1.0 < 4
1116 silly packumentCache full:https://registry.npmjs.org/thenify cache-miss
1117 http cache https://registry.npmjs.org/thenify 8ms (cache hit)
1118 silly packumentCache full:https://registry.npmjs.org/thenify set size:21379 disposed:false
1119 silly placeDep ROOT thenify@3.3.1 OK for: thenify-all@1.6.0 want: >= 3.1.0 < 4
1120 silly placeDep node_modules/tinyglobby fdir@6.5.0 OK for: tinyglobby@0.2.17 want: ^6.5.0
1121 silly placeDep node_modules/tinyglobby picomatch@4.0.7 OK for: fdir@6.5.0 want: ^3 || ^4
1122 silly placeDep ROOT is-number@7.0.0 OK for: to-regex-range@5.0.1 want: ^7.0.0
1123 silly placeDep ROOT media-typer@0.3.0 OK for: type-is@1.6.18 want: 0.3.0
1124 silly placeDep ROOT escalade@3.2.0 OK for: update-browserslist-db@1.3.3 want: ^3.2.0
1125 silly placeDep ROOT esbuild@0.25.12 OK for: vite@6.4.3 want: ^0.25.0
1126 silly placeDep node_modules/vite fdir@6.5.0 OK for: vite@6.4.3 want: ^6.4.4
1127 silly placeDep node_modules/vite picomatch@4.0.7 OK for: fdir@6.5.0 want: ^3 || ^4
1128 silly placeDep ROOT rollup@4.63.4 OK for: vite@6.4.3 want: ^4.34.9
1129 silly fetch manifest @esbuild/aix-ppc64@0.25.12
1130 silly packumentCache full:https://registry.npmjs.org/@esbuild%2faix-ppc64 cache-miss
1131 silly fetch manifest @esbuild/linux-arm@0.25.12
1132 silly packumentCache full:https://registry.npmjs.org/@esbuild%2flinux-arm cache-miss
1133 silly fetch manifest @esbuild/linux-x64@0.25.12
1134 silly packumentCache full:https://registry.npmjs.org/@esbuild%2flinux-x64 cache-miss
1135 silly fetch manifest @esbuild/sunos-x64@0.25.12
1136 silly packumentCache full:https://registry.npmjs.org/@esbuild%2fsunos-x64 cache-miss
1137 silly fetch manifest @esbuild/win32-x64@0.25.12
1138 silly packumentCache full:https://registry.npmjs.org/@esbuild%2fwin32-x64 cache-miss
1139 silly fetch manifest @esbuild/darwin-x64@0.25.12
1140 silly packumentCache full:https://registry.npmjs.org/@esbuild%2fdarwin-x64 cache-miss
1141 silly fetch manifest @esbuild/linux-ia32@0.25.12
1142 silly packumentCache full:https://registry.npmjs.org/@esbuild%2flinux-ia32 cache-miss
1143 silly fetch manifest @esbuild/netbsd-x64@0.25.12
1144 silly packumentCache full:https://registry.npmjs.org/@esbuild%2fnetbsd-x64 cache-miss
1145 silly fetch manifest @esbuild/win32-ia32@0.25.12
1146 silly packumentCache full:https://registry.npmjs.org/@esbuild%2fwin32-ia32 cache-miss
1147 silly fetch manifest @esbuild/android-arm@0.25.12
1148 silly packumentCache full:https://registry.npmjs.org/@esbuild%2fandroid-arm cache-miss
1149 silly fetch manifest @esbuild/android-x64@0.25.12
1150 silly packumentCache full:https://registry.npmjs.org/@esbuild%2fandroid-x64 cache-miss
1151 silly fetch manifest @esbuild/freebsd-x64@0.25.12
1152 silly packumentCache full:https://registry.npmjs.org/@esbuild%2ffreebsd-x64 cache-miss
1153 silly fetch manifest @esbuild/linux-arm64@0.25.12
1154 silly packumentCache full:https://registry.npmjs.org/@esbuild%2flinux-arm64 cache-miss
1155 silly fetch manifest @esbuild/linux-ppc64@0.25.12
1156 silly packumentCache full:https://registry.npmjs.org/@esbuild%2flinux-ppc64 cache-miss
1157 silly fetch manifest @esbuild/linux-s390x@0.25.12
1158 silly packumentCache full:https://registry.npmjs.org/@esbuild%2flinux-s390x cache-miss
1159 http cache https://registry.npmjs.org/@esbuild%2faix-ppc64 35ms (cache hit)
1160 silly packumentCache full:https://registry.npmjs.org/@esbuild%2faix-ppc64 set size:67797 disposed:false
1161 silly fetch manifest @esbuild/openbsd-x64@0.25.12
1162 silly packumentCache full:https://registry.npmjs.org/@esbuild%2fopenbsd-x64 cache-miss
1163 http cache https://registry.npmjs.org/@esbuild%2fsunos-x64 37ms (cache hit)
1164 silly packumentCache full:https://registry.npmjs.org/@esbuild%2fsunos-x64 set size:199187 disposed:false
1165 silly fetch manifest @esbuild/win32-arm64@0.25.12
1166 silly packumentCache full:https://registry.npmjs.org/@esbuild%2fwin32-arm64 cache-miss
1167 http cache https://registry.npmjs.org/@esbuild%2flinux-x64 41ms (cache hit)
1168 silly packumentCache full:https://registry.npmjs.org/@esbuild%2flinux-x64 set size:198942 disposed:false
1169 silly fetch manifest @esbuild/darwin-arm64@0.25.12
1170 silly packumentCache full:https://registry.npmjs.org/@esbuild%2fdarwin-arm64 cache-miss
1171 http cache https://registry.npmjs.org/@esbuild%2fnetbsd-x64 43ms (cache hit)
1172 silly packumentCache full:https://registry.npmjs.org/@esbuild%2fnetbsd-x64 set size:197314 disposed:false
1173 silly fetch manifest @esbuild/netbsd-arm64@0.25.12
1174 silly packumentCache full:https://registry.npmjs.org/@esbuild%2fnetbsd-arm64 cache-miss
1175 http cache https://registry.npmjs.org/@esbuild%2fwin32-x64 47ms (cache hit)
1176 silly packumentCache full:https://registry.npmjs.org/@esbuild%2fwin32-x64 set size:197540 disposed:false
1177 silly fetch manifest @esbuild/android-arm64@0.25.12
1178 silly packumentCache full:https://registry.npmjs.org/@esbuild%2fandroid-arm64 cache-miss
1179 http cache https://registry.npmjs.org/@esbuild%2fwin32-ia32 55ms (cache hit)
1180 silly packumentCache full:https://registry.npmjs.org/@esbuild%2fwin32-ia32 set size:199854 disposed:false
1181 silly fetch manifest @esbuild/freebsd-arm64@0.25.12
1182 silly packumentCache full:https://registry.npmjs.org/@esbuild%2ffreebsd-arm64 cache-miss
1183 http cache https://registry.npmjs.org/@esbuild%2fdarwin-x64 58ms (cache hit)
1184 silly packumentCache full:https://registry.npmjs.org/@esbuild%2fdarwin-x64 set size:199670 disposed:false
1185 silly fetch manifest @esbuild/linux-loong64@0.25.12
1186 silly packumentCache full:https://registry.npmjs.org/@esbuild%2flinux-loong64 cache-miss
1187 http cache https://registry.npmjs.org/@esbuild%2flinux-arm 62ms (cache hit)
1188 silly packumentCache full:https://registry.npmjs.org/@esbuild%2flinux-arm set size:198596 disposed:false
1189 silly fetch manifest @esbuild/linux-riscv64@0.25.12
1190 silly packumentCache full:https://registry.npmjs.org/@esbuild%2flinux-riscv64 cache-miss
1191 http cache https://registry.npmjs.org/@esbuild%2fandroid-x64 62ms (cache hit)
1192 silly packumentCache full:https://registry.npmjs.org/@esbuild%2fandroid-x64 set size:199017 disposed:false
1193 silly fetch manifest @esbuild/openbsd-arm64@0.25.12
1194 silly packumentCache full:https://registry.npmjs.org/@esbuild%2fopenbsd-arm64 cache-miss
1195 http cache https://registry.npmjs.org/@esbuild%2ffreebsd-x64 64ms (cache hit)
1196 silly packumentCache full:https://registry.npmjs.org/@esbuild%2ffreebsd-x64 set size:200565 disposed:false
1197 silly fetch manifest @esbuild/linux-mips64el@0.25.12
1198 silly packumentCache full:https://registry.npmjs.org/@esbuild%2flinux-mips64el cache-miss
1199 http cache https://registry.npmjs.org/@esbuild%2flinux-arm64 67ms (cache hit)
1200 silly packumentCache full:https://registry.npmjs.org/@esbuild%2flinux-arm64 set size:200773 disposed:false
1201 silly fetch manifest @esbuild/openharmony-arm64@0.25.12
1202 silly packumentCache full:https://registry.npmjs.org/@esbuild%2fopenharmony-arm64 cache-miss
1203 http cache https://registry.npmjs.org/@esbuild%2fandroid-arm 70ms (cache hit)
1204 silly packumentCache full:https://registry.npmjs.org/@esbuild%2fandroid-arm set size:225217 disposed:false
1205 silly fetch manifest @types/estree@1.0.9
1206 silly packumentCache full:https://registry.npmjs.org/@types%2festree cache-miss
1207 http cache https://registry.npmjs.org/@esbuild%2flinux-ia32 74ms (cache hit)
1208 silly packumentCache full:https://registry.npmjs.org/@esbuild%2flinux-ia32 set size:199625 disposed:false
1209 silly fetch manifest @rollup/rollup-darwin-x64@4.63.4
1210 silly packumentCache full:https://registry.npmjs.org/@rollup%2frollup-darwin-x64 cache-miss
1211 http cache https://registry.npmjs.org/@esbuild%2flinux-ppc64 75ms (cache hit)
1212 silly packumentCache full:https://registry.npmjs.org/@esbuild%2flinux-ppc64 set size:202845 disposed:false
1213 silly fetch manifest @rollup/rollup-freebsd-x64@4.63.4
1214 silly packumentCache full:https://registry.npmjs.org/@rollup%2frollup-freebsd-x64 cache-miss
1215 http cache https://registry.npmjs.org/@esbuild%2flinux-s390x 78ms (cache hit)
1216 silly packumentCache full:https://registry.npmjs.org/@esbuild%2flinux-s390x set size:202310 disposed:false
1217 silly fetch manifest @rollup/rollup-openbsd-x64@4.63.4
1218 silly packumentCache full:https://registry.npmjs.org/@rollup%2frollup-openbsd-x64 cache-miss
1219 http cache https://registry.npmjs.org/@esbuild%2fwin32-arm64 72ms (cache hit)
1220 silly packumentCache full:https://registry.npmjs.org/@esbuild%2fwin32-arm64 set size:201005 disposed:false
1221 silly fetch manifest @napi-rs/lzma-linux-x64-gnu@1.5.1
1222 silly packumentCache full:https://registry.npmjs.org/@napi-rs%2flzma-linux-x64-gnu cache-miss
1223 http cache https://registry.npmjs.org/@esbuild%2fdarwin-arm64 72ms (cache hit)
1224 silly packumentCache full:https://registry.npmjs.org/@esbuild%2fdarwin-arm64 set size:201471 disposed:false
1225 silly fetch manifest @rollup/rollup-darwin-arm64@4.63.4
1226 silly packumentCache full:https://registry.npmjs.org/@rollup%2frollup-darwin-arm64 cache-miss
1227 http cache https://registry.npmjs.org/@esbuild%2fopenbsd-x64 80ms (cache hit)
1228 silly packumentCache full:https://registry.npmjs.org/@esbuild%2fopenbsd-x64 set size:200576 disposed:false
1229 silly fetch manifest @rollup/rollup-android-arm64@4.63.4
1230 silly packumentCache full:https://registry.npmjs.org/@rollup%2frollup-android-arm64 cache-miss
1231 http cache https://registry.npmjs.org/@esbuild%2fnetbsd-arm64 72ms (cache hit)
1232 silly packumentCache full:https://registry.npmjs.org/@esbuild%2fnetbsd-arm64 set size:44308 disposed:false
1233 silly fetch manifest @rollup/rollup-freebsd-arm64@4.63.4
1234 silly packumentCache full:https://registry.npmjs.org/@rollup%2frollup-freebsd-arm64 cache-miss
1235 http cache https://registry.npmjs.org/@esbuild%2fandroid-arm64 71ms (cache hit)
1236 silly packumentCache full:https://registry.npmjs.org/@esbuild%2fandroid-arm64 set size:204216 disposed:false
1237 silly fetch manifest @rollup/rollup-linux-x64-gnu@4.63.4
1238 silly packumentCache full:https://registry.npmjs.org/@rollup%2frollup-linux-x64-gnu cache-miss
1239 http cache https://registry.npmjs.org/@esbuild%2flinux-loong64 62ms (cache hit)
1240 silly packumentCache full:https://registry.npmjs.org/@esbuild%2flinux-loong64 set size:255749 disposed:false
1241 silly fetch manifest @rollup/rollup-win32-x64-gnu@4.63.4
1242 silly packumentCache full:https://registry.npmjs.org/@rollup%2frollup-win32-x64-gnu cache-miss
1243 http cache https://registry.npmjs.org/@esbuild%2flinux-riscv64 62ms (cache hit)
1244 silly packumentCache full:https://registry.npmjs.org/@esbuild%2flinux-riscv64 set size:202512 disposed:false
1245 silly fetch manifest @rollup/rollup-linux-x64-musl@4.63.4
1246 silly packumentCache full:https://registry.npmjs.org/@rollup%2frollup-linux-x64-musl cache-miss
1247 http cache https://registry.npmjs.org/@esbuild%2ffreebsd-arm64 70ms (cache hit)
1248 silly packumentCache full:https://registry.npmjs.org/@esbuild%2ffreebsd-arm64 set size:202383 disposed:false
1249 silly fetch manifest @rollup/rollup-win32-x64-msvc@4.63.4
1250 silly packumentCache full:https://registry.npmjs.org/@rollup%2frollup-win32-x64-msvc cache-miss
1251 http cache https://registry.npmjs.org/@esbuild%2fopenbsd-arm64 64ms (cache hit)
1252 silly packumentCache full:https://registry.npmjs.org/@esbuild%2fopenbsd-arm64 set size:49642 disposed:false
1253 silly fetch manifest @rollup/rollup-linux-arm64-gnu@4.63.4
1254 silly packumentCache full:https://registry.npmjs.org/@rollup%2frollup-linux-arm64-gnu cache-miss
1255 http cache https://registry.npmjs.org/@esbuild%2fopenharmony-arm64 61ms (cache hit)
1256 silly packumentCache full:https://registry.npmjs.org/@esbuild%2fopenharmony-arm64 set size:33054 disposed:false
1257 silly fetch manifest @rollup/rollup-linux-ppc64-gnu@4.63.4
1258 silly packumentCache full:https://registry.npmjs.org/@rollup%2frollup-linux-ppc64-gnu cache-miss
1259 http cache https://registry.npmjs.org/@types%2festree 59ms (cache hit)
1260 silly packumentCache full:https://registry.npmjs.org/@types%2festree set size:76072 disposed:false
1261 silly fetch manifest @rollup/rollup-linux-s390x-gnu@4.63.4
1262 silly packumentCache full:https://registry.npmjs.org/@rollup%2frollup-linux-s390x-gnu cache-miss
1263 http cache https://registry.npmjs.org/@esbuild%2flinux-mips64el 67ms (cache hit)
1264 silly packumentCache full:https://registry.npmjs.org/@esbuild%2flinux-mips64el set size:204633 disposed:false
1265 silly fetch manifest @rollup/rollup-win32-ia32-msvc@4.63.4
1266 silly packumentCache full:https://registry.npmjs.org/@rollup%2frollup-win32-ia32-msvc cache-miss
1267 http cache https://registry.npmjs.org/@rollup%2frollup-darwin-x64 61ms (cache hit)
1268 silly packumentCache full:https://registry.npmjs.org/@rollup%2frollup-darwin-x64 set size:358208 disposed:false
1269 silly fetch manifest @rollup/rollup-android-arm-eabi@4.63.4
1270 silly packumentCache full:https://registry.npmjs.org/@rollup%2frollup-android-arm-eabi cache-miss
1271 http cache https://registry.npmjs.org/@rollup%2frollup-freebsd-x64 68ms (cache hit)
1272 silly packumentCache full:https://registry.npmjs.org/@rollup%2frollup-freebsd-x64 set size:210912 disposed:false
1273 silly fetch manifest @rollup/rollup-linux-arm64-musl@4.63.4
1274 silly packumentCache full:https://registry.npmjs.org/@rollup%2frollup-linux-arm64-musl cache-miss
1275 http cache https://registry.npmjs.org/@rollup%2frollup-openbsd-x64 68ms (cache hit)
1276 silly packumentCache full:https://registry.npmjs.org/@rollup%2frollup-openbsd-x64 set size:55652 disposed:false
1277 silly fetch manifest @rollup/rollup-linux-ppc64-musl@4.63.4
1278 silly packumentCache full:https://registry.npmjs.org/@rollup%2frollup-linux-ppc64-musl cache-miss
1279 http cache https://registry.npmjs.org/@rollup%2frollup-darwin-arm64 56ms (cache hit)
1280 silly packumentCache full:https://registry.npmjs.org/@rollup%2frollup-darwin-arm64 set size:363217 disposed:false
1281 silly fetch manifest @rollup/rollup-win32-arm64-msvc@4.63.4
1282 silly packumentCache full:https://registry.npmjs.org/@rollup%2frollup-win32-arm64-msvc cache-miss
1283 http cache https://registry.npmjs.org/@napi-rs%2flzma-linux-x64-gnu 62ms (cache hit)
1284 silly packumentCache full:https://registry.npmjs.org/@napi-rs%2flzma-linux-x64-gnu set size:31508 disposed:false
1285 silly fetch manifest @rollup/rollup-linux-loong64-gnu@4.63.4
1286 silly packumentCache full:https://registry.npmjs.org/@rollup%2frollup-linux-loong64-gnu cache-miss
1287 http cache https://registry.npmjs.org/@rollup%2frollup-win32-x64-msvc 50ms (cache hit)
1288 silly packumentCache full:https://registry.npmjs.org/@rollup%2frollup-win32-x64-msvc set size:363415 disposed:false
1289 silly fetch manifest @rollup/rollup-linux-riscv64-gnu@4.63.4
1290 silly packumentCache full:https://registry.npmjs.org/@rollup%2frollup-linux-riscv64-gnu cache-miss
1291 http cache https://registry.npmjs.org/@rollup%2frollup-freebsd-arm64 64ms (cache hit)
1292 silly packumentCache full:https://registry.npmjs.org/@rollup%2frollup-freebsd-arm64 set size:213026 disposed:false
1293 silly fetch manifest @rollup/rollup-openharmony-arm64@4.63.4
1294 silly packumentCache full:https://registry.npmjs.org/@rollup%2frollup-openharmony-arm64 cache-miss
1295 http cache https://registry.npmjs.org/@rollup%2frollup-android-arm64 69ms (cache hit)
1296 silly packumentCache full:https://registry.npmjs.org/@rollup%2frollup-android-arm64 set size:364819 disposed:false
1297 silly fetch manifest @rollup/rollup-linux-loong64-musl@4.63.4
1298 silly packumentCache full:https://registry.npmjs.org/@rollup%2frollup-linux-loong64-musl cache-miss
1299 http cache https://registry.npmjs.org/@rollup%2frollup-win32-x64-gnu 65ms (cache hit)
1300 silly packumentCache full:https://registry.npmjs.org/@rollup%2frollup-win32-x64-gnu set size:86414 disposed:false
1301 silly fetch manifest @rollup/rollup-linux-riscv64-musl@4.63.4
1302 silly packumentCache full:https://registry.npmjs.org/@rollup%2frollup-linux-riscv64-musl cache-miss
1303 http cache https://registry.npmjs.org/@rollup%2frollup-linux-x64-gnu 69ms (cache hit)
1304 silly packumentCache full:https://registry.npmjs.org/@rollup%2frollup-linux-x64-gnu set size:365774 disposed:false
1305 silly fetch manifest @rollup/rollup-linux-arm-gnueabihf@4.63.4
1306 silly packumentCache full:https://registry.npmjs.org/@rollup%2frollup-linux-arm-gnueabihf cache-miss
1307 http cache https://registry.npmjs.org/@rollup%2frollup-linux-x64-musl 69ms (cache hit)
1308 silly packumentCache full:https://registry.npmjs.org/@rollup%2frollup-linux-x64-musl set size:365196 disposed:false
1309 silly fetch manifest @rollup/rollup-linux-arm-musleabihf@4.63.4
1310 silly packumentCache full:https://registry.npmjs.org/@rollup%2frollup-linux-arm-musleabihf cache-miss
1311 http cache https://registry.npmjs.org/@rollup%2frollup-linux-arm64-gnu 69ms (cache hit)
1312 silly packumentCache full:https://registry.npmjs.org/@rollup%2frollup-linux-arm64-gnu set size:370840 disposed:false
1313 http cache https://registry.npmjs.org/@rollup%2frollup-linux-ppc64-gnu 70ms (cache hit)
1314 silly packumentCache full:https://registry.npmjs.org/@rollup%2frollup-linux-ppc64-gnu set size:115522 disposed:false
1315 http cache https://registry.npmjs.org/@rollup%2frollup-win32-ia32-msvc 69ms (cache hit)
1316 silly packumentCache full:https://registry.npmjs.org/@rollup%2frollup-win32-ia32-msvc set size:366876 disposed:false
1317 http cache https://registry.npmjs.org/@rollup%2frollup-linux-s390x-gnu 74ms (cache hit)
1318 silly packumentCache full:https://registry.npmjs.org/@rollup%2frollup-linux-s390x-gnu set size:270686 disposed:false
1319 http cache https://registry.npmjs.org/@rollup%2frollup-android-arm-eabi 77ms (cache hit)
1320 silly packumentCache full:https://registry.npmjs.org/@rollup%2frollup-android-arm-eabi set size:368472 disposed:false
1321 http cache https://registry.npmjs.org/@rollup%2frollup-linux-ppc64-musl 70ms (cache hit)
1322 silly packumentCache full:https://registry.npmjs.org/@rollup%2frollup-linux-ppc64-musl set size:57127 disposed:false
1323 http cache https://registry.npmjs.org/@rollup%2frollup-linux-arm64-musl 73ms (cache hit)
1324 silly packumentCache full:https://registry.npmjs.org/@rollup%2frollup-linux-arm64-musl set size:326306 disposed:false
1325 http cache https://registry.npmjs.org/@rollup%2frollup-linux-loong64-gnu 58ms (cache hit)
1326 silly packumentCache full:https://registry.npmjs.org/@rollup%2frollup-linux-loong64-gnu set size:95512 disposed:false
1327 http cache https://registry.npmjs.org/@rollup%2frollup-win32-arm64-msvc 61ms (cache hit)
1328 silly packumentCache full:https://registry.npmjs.org/@rollup%2frollup-win32-arm64-msvc set size:368466 disposed:false
1329 http cache https://registry.npmjs.org/@rollup%2frollup-openharmony-arm64 54ms (cache hit)
1330 silly packumentCache full:https://registry.npmjs.org/@rollup%2frollup-openharmony-arm64 set size:96218 disposed:false
1331 http cache https://registry.npmjs.org/@rollup%2frollup-linux-riscv64-gnu 58ms (cache hit)
1332 silly packumentCache full:https://registry.npmjs.org/@rollup%2frollup-linux-riscv64-gnu set size:297194 disposed:false
1333 http cache https://registry.npmjs.org/@rollup%2frollup-linux-riscv64-musl 53ms (cache hit)
1334 silly packumentCache full:https://registry.npmjs.org/@rollup%2frollup-linux-riscv64-musl set size:143260 disposed:false
1335 http cache https://registry.npmjs.org/@rollup%2frollup-linux-loong64-musl 56ms (cache hit)
1336 silly packumentCache full:https://registry.npmjs.org/@rollup%2frollup-linux-loong64-musl set size:57597 disposed:false
1337 http cache https://registry.npmjs.org/@rollup%2frollup-linux-arm-gnueabihf 52ms (cache hit)
1338 silly packumentCache full:https://registry.npmjs.org/@rollup%2frollup-linux-arm-gnueabihf set size:374675 disposed:false
1339 http cache https://registry.npmjs.org/@rollup%2frollup-linux-arm-musleabihf 53ms (cache hit)
1340 silly packumentCache full:https://registry.npmjs.org/@rollup%2frollup-linux-arm-musleabihf set size:268930 disposed:false
1341 silly placeDep ROOT @esbuild/aix-ppc64@0.25.12 OK for: esbuild@0.25.12 want: 0.25.12
1342 silly placeDep ROOT @esbuild/android-arm@0.25.12 OK for: esbuild@0.25.12 want: 0.25.12
1343 silly placeDep ROOT @esbuild/android-arm64@0.25.12 OK for: esbuild@0.25.12 want: 0.25.12
1344 silly placeDep ROOT @esbuild/android-x64@0.25.12 OK for: esbuild@0.25.12 want: 0.25.12
1345 silly placeDep ROOT @esbuild/darwin-arm64@0.25.12 OK for: esbuild@0.25.12 want: 0.25.12
1346 silly placeDep ROOT @esbuild/darwin-x64@0.25.12 OK for: esbuild@0.25.12 want: 0.25.12
1347 silly placeDep ROOT @esbuild/freebsd-arm64@0.25.12 OK for: esbuild@0.25.12 want: 0.25.12
1348 silly placeDep ROOT @esbuild/freebsd-x64@0.25.12 OK for: esbuild@0.25.12 want: 0.25.12
1349 silly placeDep ROOT @esbuild/linux-arm@0.25.12 OK for: esbuild@0.25.12 want: 0.25.12
1350 silly placeDep ROOT @esbuild/linux-arm64@0.25.12 OK for: esbuild@0.25.12 want: 0.25.12
1351 silly placeDep ROOT @esbuild/linux-ia32@0.25.12 OK for: esbuild@0.25.12 want: 0.25.12
1352 silly placeDep ROOT @esbuild/linux-loong64@0.25.12 OK for: esbuild@0.25.12 want: 0.25.12
1353 silly placeDep ROOT @esbuild/linux-mips64el@0.25.12 OK for: esbuild@0.25.12 want: 0.25.12
1354 silly placeDep ROOT @esbuild/linux-ppc64@0.25.12 OK for: esbuild@0.25.12 want: 0.25.12
1355 silly placeDep ROOT @esbuild/linux-riscv64@0.25.12 OK for: esbuild@0.25.12 want: 0.25.12
1356 silly placeDep ROOT @esbuild/linux-s390x@0.25.12 OK for: esbuild@0.25.12 want: 0.25.12
1357 silly placeDep ROOT @esbuild/linux-x64@0.25.12 OK for: esbuild@0.25.12 want: 0.25.12
1358 silly placeDep ROOT @esbuild/netbsd-arm64@0.25.12 OK for: esbuild@0.25.12 want: 0.25.12
1359 silly placeDep ROOT @esbuild/netbsd-x64@0.25.12 OK for: esbuild@0.25.12 want: 0.25.12
1360 silly placeDep ROOT @esbuild/openbsd-arm64@0.25.12 OK for: esbuild@0.25.12 want: 0.25.12
1361 silly placeDep ROOT @esbuild/openbsd-x64@0.25.12 OK for: esbuild@0.25.12 want: 0.25.12
1362 silly placeDep ROOT @esbuild/openharmony-arm64@0.25.12 OK for: esbuild@0.25.12 want: 0.25.12
1363 silly placeDep ROOT @esbuild/sunos-x64@0.25.12 OK for: esbuild@0.25.12 want: 0.25.12
1364 silly placeDep ROOT @esbuild/win32-arm64@0.25.12 OK for: esbuild@0.25.12 want: 0.25.12
1365 silly placeDep ROOT @esbuild/win32-ia32@0.25.12 OK for: esbuild@0.25.12 want: 0.25.12
1366 silly placeDep ROOT @esbuild/win32-x64@0.25.12 OK for: esbuild@0.25.12 want: 0.25.12
1367 silly placeDep ROOT @napi-rs/lzma-linux-x64-gnu@1.5.1 OK for: rollup@4.63.4 want: 1.5.1
1368 silly placeDep ROOT @rollup/rollup-android-arm-eabi@4.63.4 OK for: rollup@4.63.4 want: 4.63.4
1369 silly placeDep ROOT @rollup/rollup-android-arm64@4.63.4 OK for: rollup@4.63.4 want: 4.63.4
1370 silly placeDep ROOT @rollup/rollup-darwin-arm64@4.63.4 OK for: rollup@4.63.4 want: 4.63.4
1371 silly placeDep ROOT @rollup/rollup-darwin-x64@4.63.4 OK for: rollup@4.63.4 want: 4.63.4
1372 silly placeDep ROOT @rollup/rollup-freebsd-arm64@4.63.4 OK for: rollup@4.63.4 want: 4.63.4
1373 silly placeDep ROOT @rollup/rollup-freebsd-x64@4.63.4 OK for: rollup@4.63.4 want: 4.63.4
1374 silly placeDep ROOT @rollup/rollup-linux-arm-gnueabihf@4.63.4 OK for: rollup@4.63.4 want: 4.63.4
1375 silly placeDep ROOT @rollup/rollup-linux-arm-musleabihf@4.63.4 OK for: rollup@4.63.4 want: 4.63.4
1376 silly placeDep ROOT @rollup/rollup-linux-arm64-gnu@4.63.4 OK for: rollup@4.63.4 want: 4.63.4
1377 silly placeDep ROOT @rollup/rollup-linux-arm64-musl@4.63.4 OK for: rollup@4.63.4 want: 4.63.4
1378 silly placeDep ROOT @rollup/rollup-linux-loong64-gnu@4.63.4 OK for: rollup@4.63.4 want: 4.63.4
1379 silly placeDep ROOT @rollup/rollup-linux-loong64-musl@4.63.4 OK for: rollup@4.63.4 want: 4.63.4
1380 silly placeDep ROOT @rollup/rollup-linux-ppc64-gnu@4.63.4 OK for: rollup@4.63.4 want: 4.63.4
1381 silly placeDep ROOT @rollup/rollup-linux-ppc64-musl@4.63.4 OK for: rollup@4.63.4 want: 4.63.4
1382 silly placeDep ROOT @rollup/rollup-linux-riscv64-gnu@4.63.4 OK for: rollup@4.63.4 want: 4.63.4
1383 silly placeDep ROOT @rollup/rollup-linux-riscv64-musl@4.63.4 OK for: rollup@4.63.4 want: 4.63.4
1384 silly placeDep ROOT @rollup/rollup-linux-s390x-gnu@4.63.4 OK for: rollup@4.63.4 want: 4.63.4
1385 silly placeDep ROOT @rollup/rollup-linux-x64-gnu@4.63.4 OK for: rollup@4.63.4 want: 4.63.4
1386 silly placeDep ROOT @rollup/rollup-linux-x64-musl@4.63.4 OK for: rollup@4.63.4 want: 4.63.4
1387 silly placeDep ROOT @rollup/rollup-openbsd-x64@4.63.4 OK for: rollup@4.63.4 want: 4.63.4
1388 silly placeDep ROOT @rollup/rollup-openharmony-arm64@4.63.4 OK for: rollup@4.63.4 want: 4.63.4
1389 silly placeDep ROOT @rollup/rollup-win32-arm64-msvc@4.63.4 OK for: rollup@4.63.4 want: 4.63.4
1390 silly placeDep ROOT @rollup/rollup-win32-ia32-msvc@4.63.4 OK for: rollup@4.63.4 want: 4.63.4
1391 silly placeDep ROOT @rollup/rollup-win32-x64-gnu@4.63.4 OK for: rollup@4.63.4 want: 4.63.4
1392 silly placeDep ROOT @rollup/rollup-win32-x64-msvc@4.63.4 OK for: rollup@4.63.4 want: 4.63.4
1393 silly placeDep ROOT @types/estree@1.0.9 OK for: rollup@4.63.4 want: 1.0.9
1394 silly placeDep node_modules/body-parser ms@2.0.0 OK for: debug@2.6.9 want: 2.0.0
1395 silly placeDep node_modules/express ms@2.0.0 OK for: debug@2.6.9 want: 2.0.0
1396 silly placeDep node_modules/finalhandler ms@2.0.0 OK for: debug@2.6.9 want: 2.0.0
1397 silly placeDep node_modules/send/node_modules/debug ms@2.0.0 OK for: debug@2.6.9 want: 2.0.0
1398 silly reify moves {}
1399 verbose reify failed optional dependency C:\Users\ADMIN\Documents\Codex\2026-09-23\files-pasted-by-the-user-i\node_modules\@rollup\rollup-win32-ia32-msvc
1400 silly reify mark deleted [
1400 silly reify   'C:\\Users\\ADMIN\\Documents\\Codex\\2026-09-23\\files-pasted-by-the-user-i\\node_modules\\@rollup\\rollup-win32-ia32-msvc'
1400 silly reify ]
1401 verbose reify failed optional dependency C:\Users\ADMIN\Documents\Codex\2026-09-23\files-pasted-by-the-user-i\node_modules\@rollup\rollup-win32-arm64-msvc
1402 silly reify mark deleted [
1402 silly reify   'C:\\Users\\ADMIN\\Documents\\Codex\\2026-09-23\\files-pasted-by-the-user-i\\node_modules\\@rollup\\rollup-win32-arm64-msvc'
1402 silly reify ]
1403 verbose reify failed optional dependency C:\Users\ADMIN\Documents\Codex\2026-09-23\files-pasted-by-the-user-i\node_modules\@rollup\rollup-openharmony-arm64
1404 silly reify mark deleted [
1404 silly reify   'C:\\Users\\ADMIN\\Documents\\Codex\\2026-09-23\\files-pasted-by-the-user-i\\node_modules\\@rollup\\rollup-openharmony-arm64'
1404 silly reify ]
1405 verbose reify failed optional dependency C:\Users\ADMIN\Documents\Codex\2026-09-23\files-pasted-by-the-user-i\node_modules\@rollup\rollup-openbsd-x64
1406 silly reify mark deleted [
1406 silly reify   'C:\\Users\\ADMIN\\Documents\\Codex\\2026-09-23\\files-pasted-by-the-user-i\\node_modules\\@rollup\\rollup-openbsd-x64'
1406 silly reify ]
1407 verbose reify failed optional dependency C:\Users\ADMIN\Documents\Codex\2026-09-23\files-pasted-by-the-user-i\node_modules\@rollup\rollup-linux-x64-musl
1408 silly reify mark deleted [
1408 silly reify   'C:\\Users\\ADMIN\\Documents\\Codex\\2026-09-23\\files-pasted-by-the-user-i\\node_modules\\@rollup\\rollup-linux-x64-musl'
1408 silly reify ]
1409 verbose reify failed optional dependency C:\Users\ADMIN\Documents\Codex\2026-09-23\files-pasted-by-the-user-i\node_modules\@rollup\rollup-linux-x64-gnu
1410 silly reify mark deleted [
1410 silly reify   'C:\\Users\\ADMIN\\Documents\\Codex\\2026-09-23\\files-pasted-by-the-user-i\\node_modules\\@rollup\\rollup-linux-x64-gnu'
1410 silly reify ]
1411 verbose reify failed optional dependency C:\Users\ADMIN\Documents\Codex\2026-09-23\files-pasted-by-the-user-i\node_modules\@rollup\rollup-linux-s390x-gnu
1412 silly reify mark deleted [
1412 silly reify   'C:\\Users\\ADMIN\\Documents\\Codex\\2026-09-23\\files-pasted-by-the-user-i\\node_modules\\@rollup\\rollup-linux-s390x-gnu'
1412 silly reify ]
1413 verbose reify failed optional dependency C:\Users\ADMIN\Documents\Codex\2026-09-23\files-pasted-by-the-user-i\node_modules\@rollup\rollup-linux-riscv64-musl
1414 silly reify mark deleted [
1414 silly reify   'C:\\Users\\ADMIN\\Documents\\Codex\\2026-09-23\\files-pasted-by-the-user-i\\node_modules\\@rollup\\rollup-linux-riscv64-musl'
1414 silly reify ]
1415 verbose reify failed optional dependency C:\Users\ADMIN\Documents\Codex\2026-09-23\files-pasted-by-the-user-i\node_modules\@rollup\rollup-linux-riscv64-gnu
1416 silly reify mark deleted [
1416 silly reify   'C:\\Users\\ADMIN\\Documents\\Codex\\2026-09-23\\files-pasted-by-the-user-i\\node_modules\\@rollup\\rollup-linux-riscv64-gnu'
1416 silly reify ]
1417 verbose reify failed optional dependency C:\Users\ADMIN\Documents\Codex\2026-09-23\files-pasted-by-the-user-i\node_modules\@rollup\rollup-linux-ppc64-musl
1418 silly reify mark deleted [
1418 silly reify   'C:\\Users\\ADMIN\\Documents\\Codex\\2026-09-23\\files-pasted-by-the-user-i\\node_modules\\@rollup\\rollup-linux-ppc64-musl'
1418 silly reify ]
1419 verbose reify failed optional dependency C:\Users\ADMIN\Documents\Codex\2026-09-23\files-pasted-by-the-user-i\node_modules\@rollup\rollup-linux-ppc64-gnu
1420 silly reify mark deleted [
1420 silly reify   'C:\\Users\\ADMIN\\Documents\\Codex\\2026-09-23\\files-pasted-by-the-user-i\\node_modules\\@rollup\\rollup-linux-ppc64-gnu'
1420 silly reify ]
1421 verbose reify failed optional dependency C:\Users\ADMIN\Documents\Codex\2026-09-23\files-pasted-by-the-user-i\node_modules\@rollup\rollup-linux-loong64-musl
1422 silly reify mark deleted [
1422 silly reify   'C:\\Users\\ADMIN\\Documents\\Codex\\2026-09-23\\files-pasted-by-the-user-i\\node_modules\\@rollup\\rollup-linux-loong64-musl'
1422 silly reify ]
1423 verbose reify failed optional dependency C:\Users\ADMIN\Documents\Codex\2026-09-23\files-pasted-by-the-user-i\node_modules\@rollup\rollup-linux-loong64-gnu
1424 silly reify mark deleted [
1424 silly reify   'C:\\Users\\ADMIN\\Documents\\Codex\\2026-09-23\\files-pasted-by-the-user-i\\node_modules\\@rollup\\rollup-linux-loong64-gnu'
1424 silly reify ]
1425 verbose reify failed optional dependency C:\Users\ADMIN\Documents\Codex\2026-09-23\files-pasted-by-the-user-i\node_modules\@rollup\rollup-linux-arm64-musl
1426 silly reify mark deleted [
1426 silly reify   'C:\\Users\\ADMIN\\Documents\\Codex\\2026-09-23\\files-pasted-by-the-user-i\\node_modules\\@rollup\\rollup-linux-arm64-musl'
1426 silly reify ]
1427 verbose reify failed optional dependency C:\Users\ADMIN\Documents\Codex\2026-09-23\files-pasted-by-the-user-i\node_modules\@rollup\rollup-linux-arm64-gnu
1428 silly reify mark deleted [
1428 silly reify   'C:\\Users\\ADMIN\\Documents\\Codex\\2026-09-23\\files-pasted-by-the-user-i\\node_modules\\@rollup\\rollup-linux-arm64-gnu'
1428 silly reify ]
1429 verbose reify failed optional dependency C:\Users\ADMIN\Documents\Codex\2026-09-23\files-pasted-by-the-user-i\node_modules\@rollup\rollup-linux-arm-musleabihf
1430 silly reify mark deleted [
1430 silly reify   'C:\\Users\\ADMIN\\Documents\\Codex\\2026-09-23\\files-pasted-by-the-user-i\\node_modules\\@rollup\\rollup-linux-arm-musleabihf'
1430 silly reify ]
1431 verbose reify failed optional dependency C:\Users\ADMIN\Documents\Codex\2026-09-23\files-pasted-by-the-user-i\node_modules\@rollup\rollup-linux-arm-gnueabihf
1432 silly reify mark deleted [
1432 silly reify   'C:\\Users\\ADMIN\\Documents\\Codex\\2026-09-23\\files-pasted-by-the-user-i\\node_modules\\@rollup\\rollup-linux-arm-gnueabihf'
1432 silly reify ]
1433 verbose reify failed optional dependency C:\Users\ADMIN\Documents\Codex\2026-09-23\files-pasted-by-the-user-i\node_modules\@rollup\rollup-freebsd-x64
1434 silly reify mark deleted [
1434 silly reify   'C:\\Users\\ADMIN\\Documents\\Codex\\2026-09-23\\files-pasted-by-the-user-i\\node_modules\\@rollup\\rollup-freebsd-x64'
1434 silly reify ]
1435 verbose reify failed optional dependency C:\Users\ADMIN\Documents\Codex\2026-09-23\files-pasted-by-the-user-i\node_modules\@rollup\rollup-freebsd-arm64
1436 silly reify mark deleted [
1436 silly reify   'C:\\Users\\ADMIN\\Documents\\Codex\\2026-09-23\\files-pasted-by-the-user-i\\node_modules\\@rollup\\rollup-freebsd-arm64'
1436 silly reify ]
1437 verbose reify failed optional dependency C:\Users\ADMIN\Documents\Codex\2026-09-23\files-pasted-by-the-user-i\node_modules\@rollup\rollup-darwin-x64
1438 silly reify mark deleted [
1438 silly reify   'C:\\Users\\ADMIN\\Documents\\Codex\\2026-09-23\\files-pasted-by-the-user-i\\node_modules\\@rollup\\rollup-darwin-x64'
1438 silly reify ]
1439 verbose reify failed optional dependency C:\Users\ADMIN\Documents\Codex\2026-09-23\files-pasted-by-the-user-i\node_modules\@rollup\rollup-darwin-arm64
1440 silly reify mark deleted [
1440 silly reify   'C:\\Users\\ADMIN\\Documents\\Codex\\2026-09-23\\files-pasted-by-the-user-i\\node_modules\\@rollup\\rollup-darwin-arm64'
1440 silly reify ]
1441 verbose reify failed optional dependency C:\Users\ADMIN\Documents\Codex\2026-09-23\files-pasted-by-the-user-i\node_modules\@rollup\rollup-android-arm64
1442 silly reify mark deleted [
1442 silly reify   'C:\\Users\\ADMIN\\Documents\\Codex\\2026-09-23\\files-pasted-by-the-user-i\\node_modules\\@rollup\\rollup-android-arm64'
1442 silly reify ]
1443 verbose reify failed optional dependency C:\Users\ADMIN\Documents\Codex\2026-09-23\files-pasted-by-the-user-i\node_modules\@rollup\rollup-android-arm-eabi
1444 silly reify mark deleted [
1444 silly reify   'C:\\Users\\ADMIN\\Documents\\Codex\\2026-09-23\\files-pasted-by-the-user-i\\node_modules\\@rollup\\rollup-android-arm-eabi'
1444 silly reify ]
1445 verbose reify failed optional dependency C:\Users\ADMIN\Documents\Codex\2026-09-23\files-pasted-by-the-user-i\node_modules\@napi-rs\lzma-linux-x64-gnu
1446 silly reify mark deleted [
1446 silly reify   'C:\\Users\\ADMIN\\Documents\\Codex\\2026-09-23\\files-pasted-by-the-user-i\\node_modules\\@napi-rs\\lzma-linux-x64-gnu'
1446 silly reify ]
1447 verbose reify failed optional dependency C:\Users\ADMIN\Documents\Codex\2026-09-23\files-pasted-by-the-user-i\node_modules\@esbuild\win32-ia32
1448 silly reify mark deleted [
1448 silly reify   'C:\\Users\\ADMIN\\Documents\\Codex\\2026-09-23\\files-pasted-by-the-user-i\\node_modules\\@esbuild\\win32-ia32'
1448 silly reify ]
1449 verbose reify failed optional dependency C:\Users\ADMIN\Documents\Codex\2026-09-23\files-pasted-by-the-user-i\node_modules\@esbuild\win32-arm64
1450 silly reify mark deleted [
1450 silly reify   'C:\\Users\\ADMIN\\Documents\\Codex\\2026-09-23\\files-pasted-by-the-user-i\\node_modules\\@esbuild\\win32-arm64'
1450 silly reify ]
1451 verbose reify failed optional dependency C:\Users\ADMIN\Documents\Codex\2026-09-23\files-pasted-by-the-user-i\node_modules\@esbuild\sunos-x64
1452 silly reify mark deleted [
1452 silly reify   'C:\\Users\\ADMIN\\Documents\\Codex\\2026-09-23\\files-pasted-by-the-user-i\\node_modules\\@esbuild\\sunos-x64'
1452 silly reify ]
1453 verbose reify failed optional dependency C:\Users\ADMIN\Documents\Codex\2026-09-23\files-pasted-by-the-user-i\node_modules\@esbuild\openharmony-arm64
1454 silly reify mark deleted [
1454 silly reify   'C:\\Users\\ADMIN\\Documents\\Codex\\2026-09-23\\files-pasted-by-the-user-i\\node_modules\\@esbuild\\openharmony-arm64'
1454 silly reify ]
1455 verbose reify failed optional dependency C:\Users\ADMIN\Documents\Codex\2026-09-23\files-pasted-by-the-user-i\node_modules\@esbuild\openbsd-x64
1456 silly reify mark deleted [
1456 silly reify   'C:\\Users\\ADMIN\\Documents\\Codex\\2026-09-23\\files-pasted-by-the-user-i\\node_modules\\@esbuild\\openbsd-x64'
1456 silly reify ]
1457 verbose reify failed optional dependency C:\Users\ADMIN\Documents\Codex\2026-09-23\files-pasted-by-the-user-i\node_modules\@esbuild\openbsd-arm64
1458 silly reify mark deleted [
1458 silly reify   'C:\\Users\\ADMIN\\Documents\\Codex\\2026-09-23\\files-pasted-by-the-user-i\\node_modules\\@esbuild\\openbsd-arm64'
1458 silly reify ]
1459 verbose reify failed optional dependency C:\Users\ADMIN\Documents\Codex\2026-09-23\files-pasted-by-the-user-i\node_modules\@esbuild\netbsd-x64
1460 silly reify mark deleted [
1460 silly reify   'C:\\Users\\ADMIN\\Documents\\Codex\\2026-09-23\\files-pasted-by-the-user-i\\node_modules\\@esbuild\\netbsd-x64'
1460 silly reify ]
1461 verbose reify failed optional dependency C:\Users\ADMIN\Documents\Codex\2026-09-23\files-pasted-by-the-user-i\node_modules\@esbuild\netbsd-arm64
1462 silly reify mark deleted [
1462 silly reify   'C:\\Users\\ADMIN\\Documents\\Codex\\2026-09-23\\files-pasted-by-the-user-i\\node_modules\\@esbuild\\netbsd-arm64'
1462 silly reify ]
1463 verbose reify failed optional dependency C:\Users\ADMIN\Documents\Codex\2026-09-23\files-pasted-by-the-user-i\node_modules\@esbuild\linux-x64
1464 silly reify mark deleted [
1464 silly reify   'C:\\Users\\ADMIN\\Documents\\Codex\\2026-09-23\\files-pasted-by-the-user-i\\node_modules\\@esbuild\\linux-x64'
1464 silly reify ]
1465 verbose reify failed optional dependency C:\Users\ADMIN\Documents\Codex\2026-09-23\files-pasted-by-the-user-i\node_modules\@esbuild\linux-s390x
1466 silly reify mark deleted [
1466 silly reify   'C:\\Users\\ADMIN\\Documents\\Codex\\2026-09-23\\files-pasted-by-the-user-i\\node_modules\\@esbuild\\linux-s390x'
1466 silly reify ]
1467 verbose reify failed optional dependency C:\Users\ADMIN\Documents\Codex\2026-09-23\files-pasted-by-the-user-i\node_modules\@esbuild\linux-riscv64
1468 silly reify mark deleted [
1468 silly reify   'C:\\Users\\ADMIN\\Documents\\Codex\\2026-09-23\\files-pasted-by-the-user-i\\node_modules\\@esbuild\\linux-riscv64'
1468 silly reify ]
1469 verbose reify failed optional dependency C:\Users\ADMIN\Documents\Codex\2026-09-23\files-pasted-by-the-user-i\node_modules\@esbuild\linux-ppc64
1470 silly reify mark deleted [
1470 silly reify   'C:\\Users\\ADMIN\\Documents\\Codex\\2026-09-23\\files-pasted-by-the-user-i\\node_modules\\@esbuild\\linux-ppc64'
1470 silly reify ]
1471 verbose reify failed optional dependency C:\Users\ADMIN\Documents\Codex\2026-09-23\files-pasted-by-the-user-i\node_modules\@esbuild\linux-mips64el
1472 silly reify mark deleted [
1472 silly reify   'C:\\Users\\ADMIN\\Documents\\Codex\\2026-09-23\\files-pasted-by-the-user-i\\node_modules\\@esbuild\\linux-mips64el'
1472 silly reify ]
1473 verbose reify failed optional dependency C:\Users\ADMIN\Documents\Codex\2026-09-23\files-pasted-by-the-user-i\node_modules\@esbuild\linux-loong64
1474 silly reify mark deleted [
1474 silly reify   'C:\\Users\\ADMIN\\Documents\\Codex\\2026-09-23\\files-pasted-by-the-user-i\\node_modules\\@esbuild\\linux-loong64'
1474 silly reify ]
1475 verbose reify failed optional dependency C:\Users\ADMIN\Documents\Codex\2026-09-23\files-pasted-by-the-user-i\node_modules\@esbuild\linux-ia32
1476 silly reify mark deleted [
1476 silly reify   'C:\\Users\\ADMIN\\Documents\\Codex\\2026-09-23\\files-pasted-by-the-user-i\\node_modules\\@esbuild\\linux-ia32'
1476 silly reify ]
1477 verbose reify failed optional dependency C:\Users\ADMIN\Documents\Codex\2026-09-23\files-pasted-by-the-user-i\node_modules\@esbuild\linux-arm64
1478 silly reify mark deleted [
1478 silly reify   'C:\\Users\\ADMIN\\Documents\\Codex\\2026-09-23\\files-pasted-by-the-user-i\\node_modules\\@esbuild\\linux-arm64'
1478 silly reify ]
1479 verbose reify failed optional dependency C:\Users\ADMIN\Documents\Codex\2026-09-23\files-pasted-by-the-user-i\node_modules\@esbuild\linux-arm
1480 silly reify mark deleted [
1480 silly reify   'C:\\Users\\ADMIN\\Documents\\Codex\\2026-09-23\\files-pasted-by-the-user-i\\node_modules\\@esbuild\\linux-arm'
1480 silly reify ]
1481 verbose reify failed optional dependency C:\Users\ADMIN\Documents\Codex\2026-09-23\files-pasted-by-the-user-i\node_modules\@esbuild\freebsd-x64
1482 silly reify mark deleted [
1482 silly reify   'C:\\Users\\ADMIN\\Documents\\Codex\\2026-09-23\\files-pasted-by-the-user-i\\node_modules\\@esbuild\\freebsd-x64'
1482 silly reify ]
1483 verbose reify failed optional dependency C:\Users\ADMIN\Documents\Codex\2026-09-23\files-pasted-by-the-user-i\node_modules\@esbuild\freebsd-arm64
1484 silly reify mark deleted [
1484 silly reify   'C:\\Users\\ADMIN\\Documents\\Codex\\2026-09-23\\files-pasted-by-the-user-i\\node_modules\\@esbuild\\freebsd-arm64'
1484 silly reify ]
1485 verbose reify failed optional dependency C:\Users\ADMIN\Documents\Codex\2026-09-23\files-pasted-by-the-user-i\node_modules\@esbuild\darwin-x64
1486 silly reify mark deleted [
1486 silly reify   'C:\\Users\\ADMIN\\Documents\\Codex\\2026-09-23\\files-pasted-by-the-user-i\\node_modules\\@esbuild\\darwin-x64'
1486 silly reify ]
1487 verbose reify failed optional dependency C:\Users\ADMIN\Documents\Codex\2026-09-23\files-pasted-by-the-user-i\node_modules\@esbuild\darwin-arm64
1488 silly reify mark deleted [
1488 silly reify   'C:\\Users\\ADMIN\\Documents\\Codex\\2026-09-23\\files-pasted-by-the-user-i\\node_modules\\@esbuild\\darwin-arm64'
1488 silly reify ]
1489 verbose reify failed optional dependency C:\Users\ADMIN\Documents\Codex\2026-09-23\files-pasted-by-the-user-i\node_modules\@esbuild\android-x64
1490 silly reify mark deleted [
1490 silly reify   'C:\\Users\\ADMIN\\Documents\\Codex\\2026-09-23\\files-pasted-by-the-user-i\\node_modules\\@esbuild\\android-x64'
1490 silly reify ]
1491 verbose reify failed optional dependency C:\Users\ADMIN\Documents\Codex\2026-09-23\files-pasted-by-the-user-i\node_modules\@esbuild\android-arm64
1492 silly reify mark deleted [
1492 silly reify   'C:\\Users\\ADMIN\\Documents\\Codex\\2026-09-23\\files-pasted-by-the-user-i\\node_modules\\@esbuild\\android-arm64'
1492 silly reify ]
1493 verbose reify failed optional dependency C:\Users\ADMIN\Documents\Codex\2026-09-23\files-pasted-by-the-user-i\node_modules\@esbuild\android-arm
1494 silly reify mark deleted [
1494 silly reify   'C:\\Users\\ADMIN\\Documents\\Codex\\2026-09-23\\files-pasted-by-the-user-i\\node_modules\\@esbuild\\android-arm'
1494 silly reify ]
1495 verbose reify failed optional dependency C:\Users\ADMIN\Documents\Codex\2026-09-23\files-pasted-by-the-user-i\node_modules\@esbuild\aix-ppc64
1496 silly reify mark deleted [
1496 silly reify   'C:\\Users\\ADMIN\\Documents\\Codex\\2026-09-23\\files-pasted-by-the-user-i\\node_modules\\@esbuild\\aix-ppc64'
1496 silly reify ]
1497 verbose reify failed optional dependency C:\Users\ADMIN\Documents\Codex\2026-09-23\files-pasted-by-the-user-i\node_modules\fsevents
1498 silly reify mark deleted [
1498 silly reify   'C:\\Users\\ADMIN\\Documents\\Codex\\2026-09-23\\files-pasted-by-the-user-i\\node_modules\\fsevents'
1498 silly reify ]
1499 http cache @types/estree@https://registry.npmjs.org/@types/estree/-/estree-1.0.9.tgz 1ms (cache hit)
1500 http cache @esbuild/win32-x64@https://registry.npmjs.org/@esbuild/win32-x64/-/win32-x64-0.25.12.tgz 0ms (cache hit)
1501 http cache @rollup/rollup-win32-x64-msvc@https://registry.npmjs.org/@rollup/rollup-win32-x64-msvc/-/rollup-win32-x64-msvc-4.63.4.tgz 0ms (cache hit)
1502 http cache @rollup/rollup-win32-x64-gnu@https://registry.npmjs.org/@rollup/rollup-win32-x64-gnu/-/rollup-win32-x64-gnu-4.63.4.tgz 0ms (cache hit)
1503 http cache esbuild@https://registry.npmjs.org/esbuild/-/esbuild-0.25.12.tgz 0ms (cache hit)
1504 http cache rollup@https://registry.npmjs.org/rollup/-/rollup-4.63.4.tgz 0ms (cache hit)
1505 http cache thenify@https://registry.npmjs.org/thenify/-/thenify-3.3.1.tgz 0ms (cache hit)
1506 http cache media-typer@https://registry.npmjs.org/media-typer/-/media-typer-0.3.0.tgz 0ms (cache hit)
1507 http cache escalade@https://registry.npmjs.org/escalade/-/escalade-3.2.0.tgz 0ms (cache hit)
1508 http cache is-number@https://registry.npmjs.org/is-number/-/is-number-7.0.0.tgz 0ms (cache hit)
1509 http cache thenify-all@https://registry.npmjs.org/thenify-all/-/thenify-all-1.6.0.tgz 0ms (cache hit)
1510 http cache object-assign@https://registry.npmjs.org/object-assign/-/object-assign-4.1.1.tgz 1ms (cache hit)
1511 http cache ts-interface-checker@https://registry.npmjs.org/ts-interface-checker/-/ts-interface-checker-0.1.13.tgz 0ms (cache hit)
1512 http cache pirates@https://registry.npmjs.org/pirates/-/pirates-4.0.7.tgz 0ms (cache hit)
1513 http cache tinyglobby@https://registry.npmjs.org/tinyglobby/-/tinyglobby-0.2.17.tgz 0ms (cache hit)
1514 http cache any-promise@https://registry.npmjs.org/any-promise/-/any-promise-1.3.0.tgz 0ms (cache hit)
1515 http cache lines-and-columns@https://registry.npmjs.org/lines-and-columns/-/lines-and-columns-1.2.4.tgz 0ms (cache hit)
1516 http cache mz@https://registry.npmjs.org/mz/-/mz-2.7.0.tgz 0ms (cache hit)
1517 http cache queue-microtask@https://registry.npmjs.org/queue-microtask/-/queue-microtask-1.2.3.tgz 0ms (cache hit)
1518 http cache path-parse@https://registry.npmjs.org/path-parse/-/path-parse-1.0.7.tgz 0ms (cache hit)
1519 http cache supports-preserve-symlinks-flag@https://registry.npmjs.org/supports-preserve-symlinks-flag/-/supports-preserve-symlinks-flag-1.0.0.tgz 0ms (cache hit)
1520 http cache commander@https://registry.npmjs.org/commander/-/commander-4.1.1.tgz 0ms (cache hit)
1521 http cache util-deprecate@https://registry.npmjs.org/util-deprecate/-/util-deprecate-1.0.2.tgz 0ms (cache hit)
1522 http cache is-core-module@https://registry.npmjs.org/is-core-module/-/is-core-module-2.17.0.tgz 0ms (cache hit)
1523 http cache cssesc@https://registry.npmjs.org/cssesc/-/cssesc-3.0.0.tgz 0ms (cache hit)
1524 http cache read-cache@https://registry.npmjs.org/read-cache/-/read-cache-1.0.2.tgz 0ms (cache hit)
1525 http cache binary-extensions@https://registry.npmjs.org/binary-extensions/-/binary-extensions-2.3.0.tgz 0ms (cache hit)
1526 http cache is-extglob@https://registry.npmjs.org/is-extglob/-/is-extglob-2.1.1.tgz 0ms (cache hit)
1527 http cache camelcase-css@https://registry.npmjs.org/camelcase-css/-/camelcase-css-2.0.1.tgz 0ms (cache hit)
1528 http cache to-regex-range@https://registry.npmjs.org/to-regex-range/-/to-regex-range-5.0.1.tgz 0ms (cache hit)
1529 http cache reusify@https://registry.npmjs.org/reusify/-/reusify-1.1.0.tgz 0ms (cache hit)
1530 http cache run-parallel@https://registry.npmjs.org/run-parallel/-/run-parallel-1.2.0.tgz 0ms (cache hit)
1531 http cache fastq@https://registry.npmjs.org/fastq/-/fastq-1.20.3.tgz 0ms (cache hit)
1532 http cache @nodelib/fs.scandir@https://registry.npmjs.org/@nodelib/fs.scandir/-/fs.scandir-2.1.5.tgz 0ms (cache hit)
1533 http cache fill-range@https://registry.npmjs.org/fill-range/-/fill-range-7.1.1.tgz 0ms (cache hit)
1534 http cache @nodelib/fs.stat@https://registry.npmjs.org/@nodelib/fs.stat/-/fs.stat-2.0.5.tgz 0ms (cache hit)
1535 http cache @nodelib/fs.walk@https://registry.npmjs.org/@nodelib/fs.walk/-/fs.walk-1.2.8.tgz 0ms (cache hit)
1536 http cache picomatch@https://registry.npmjs.org/picomatch/-/picomatch-2.3.2.tgz 0ms (cache hit)
1537 http cache is-binary-path@https://registry.npmjs.org/is-binary-path/-/is-binary-path-2.1.0.tgz 0ms (cache hit)
1538 http cache readdirp@https://registry.npmjs.org/readdirp/-/readdirp-3.6.0.tgz 0ms (cache hit)
1539 http cache braces@https://registry.npmjs.org/braces/-/braces-3.0.3.tgz 0ms (cache hit)
1540 http cache anymatch@https://registry.npmjs.org/anymatch/-/anymatch-3.1.3.tgz 0ms (cache hit)
1541 http cache resolve@https://registry.npmjs.org/resolve/-/resolve-1.22.12.tgz 0ms (cache hit)
1542 http cache sucrase@https://registry.npmjs.org/sucrase/-/sucrase-3.35.1.tgz 0ms (cache hit)
1543 http cache postcss-nested@https://registry.npmjs.org/postcss-nested/-/postcss-nested-6.2.0.tgz 0ms (cache hit)
1544 http cache postcss-load-config@https://registry.npmjs.org/postcss-load-config/-/postcss-load-config-6.0.1.tgz 0ms (cache hit)
1545 http cache postcss-js@https://registry.npmjs.org/postcss-js/-/postcss-js-4.1.0.tgz 0ms (cache hit)
1546 http cache postcss-import@https://registry.npmjs.org/postcss-import/-/postcss-import-15.1.0.tgz 0ms (cache hit)
1547 http cache object-hash@https://registry.npmjs.org/object-hash/-/object-hash-3.0.0.tgz 0ms (cache hit)
1548 http cache normalize-path@https://registry.npmjs.org/normalize-path/-/normalize-path-3.0.0.tgz 0ms (cache hit)
1549 http cache merge2@https://registry.npmjs.org/merge2/-/merge2-1.4.1.tgz 0ms (cache hit)
1550 http cache micromatch@https://registry.npmjs.org/micromatch/-/micromatch-4.0.8.tgz 0ms (cache hit)
1551 http cache postcss-selector-parser@https://registry.npmjs.org/postcss-selector-parser/-/postcss-selector-parser-6.1.4.tgz 0ms (cache hit)
1552 http cache jiti@https://registry.npmjs.org/jiti/-/jiti-1.21.7.tgz 0ms (cache hit)
1553 http cache lilconfig@https://registry.npmjs.org/lilconfig/-/lilconfig-3.1.3.tgz 0ms (cache hit)
1554 http cache glob-parent@https://registry.npmjs.org/glob-parent/-/glob-parent-6.0.2.tgz 0ms (cache hit)
1555 http cache is-glob@https://registry.npmjs.org/is-glob/-/is-glob-4.0.3.tgz 0ms (cache hit)
1556 http cache fast-glob@https://registry.npmjs.org/fast-glob/-/fast-glob-3.3.3.tgz 0ms (cache hit)
1557 http cache chokidar@https://registry.npmjs.org/chokidar/-/chokidar-3.6.0.tgz 0ms (cache hit)
1558 http cache @alloc/quick-lru@https://registry.npmjs.org/@alloc/quick-lru/-/quick-lru-5.3.0.tgz 0ms (cache hit)
1559 http cache arg@https://registry.npmjs.org/arg/-/arg-5.0.2.tgz 0ms (cache hit)
1560 http cache dunder-proto@https://registry.npmjs.org/dunder-proto/-/dunder-proto-1.0.1.tgz 0ms (cache hit)
1561 http cache math-intrinsics@https://registry.npmjs.org/math-intrinsics/-/math-intrinsics-1.1.0.tgz 0ms (cache hit)
1562 http cache dlv@https://registry.npmjs.org/dlv/-/dlv-1.1.3.tgz 0ms (cache hit)
1563 http cache gopd@https://registry.npmjs.org/gopd/-/gopd-1.2.0.tgz 0ms (cache hit)
1564 http cache has-symbols@https://registry.npmjs.org/has-symbols/-/has-symbols-1.1.0.tgz 0ms (cache hit)
1565 http cache es-object-atoms@https://registry.npmjs.org/es-object-atoms/-/es-object-atoms-1.1.2.tgz 0ms (cache hit)
1566 http cache get-proto@https://registry.npmjs.org/get-proto/-/get-proto-1.0.1.tgz 0ms (cache hit)
1567 http cache call-bind-apply-helpers@https://registry.npmjs.org/call-bind-apply-helpers/-/call-bind-apply-helpers-1.0.2.tgz 0ms (cache hit)
1568 http cache didyoumean@https://registry.npmjs.org/didyoumean/-/didyoumean-1.2.2.tgz 0ms (cache hit)
1569 http cache function-bind@https://registry.npmjs.org/function-bind/-/function-bind-1.1.2.tgz 0ms (cache hit)
1570 http cache call-bound@https://registry.npmjs.org/call-bound/-/call-bound-1.0.4.tgz 0ms (cache hit)
1571 http cache side-channel-weakmap@https://registry.npmjs.org/side-channel-weakmap/-/side-channel-weakmap-1.0.2.tgz 0ms (cache hit)
1572 http cache side-channel-map@https://registry.npmjs.org/side-channel-map/-/side-channel-map-1.0.1.tgz 1ms (cache hit)
1573 http cache side-channel-list@https://registry.npmjs.org/side-channel-list/-/side-channel-list-1.0.1.tgz 0ms (cache hit)
1574 http cache get-intrinsic@https://registry.npmjs.org/get-intrinsic/-/get-intrinsic-1.3.0.tgz 0ms (cache hit)
1575 http cache hasown@https://registry.npmjs.org/hasown/-/hasown-2.0.4.tgz 0ms (cache hit)
1576 http cache es-errors@https://registry.npmjs.org/es-errors/-/es-errors-1.3.0.tgz 0ms (cache hit)
1577 http cache object-inspect@https://registry.npmjs.org/object-inspect/-/object-inspect-1.13.4.tgz 0ms (cache hit)
1578 http cache mime@https://registry.npmjs.org/mime/-/mime-1.6.0.tgz 0ms (cache hit)
1579 http cache loose-envify@https://registry.npmjs.org/loose-envify/-/loose-envify-1.4.0.tgz 0ms (cache hit)
1580 http cache side-channel@https://registry.npmjs.org/side-channel/-/side-channel-1.1.1.tgz 0ms (cache hit)
1581 http cache scheduler@https://registry.npmjs.org/scheduler/-/scheduler-0.23.2.tgz 0ms (cache hit)
1582 http cache es-define-property@https://registry.npmjs.org/es-define-property/-/es-define-property-1.0.1.tgz 0ms (cache hit)
1583 http cache ipaddr.js@https://registry.npmjs.org/ipaddr.js/-/ipaddr.js-1.9.1.tgz 0ms (cache hit)
1584 http cache forwarded@https://registry.npmjs.org/forwarded/-/forwarded-0.2.0.tgz 0ms (cache hit)
1585 http cache nanoid@https://registry.npmjs.org/nanoid/-/nanoid-3.3.19.tgz 0ms (cache hit)
1586 http cache source-map-js@https://registry.npmjs.org/source-map-js/-/source-map-js-1.2.1.tgz 0ms (cache hit)
1587 http cache mime-db@https://registry.npmjs.org/mime-db/-/mime-db-1.52.0.tgz 0ms (cache hit)
1588 http cache ee-first@https://registry.npmjs.org/ee-first/-/ee-first-1.1.1.tgz 0ms (cache hit)
1589 http cache yallist@https://registry.npmjs.org/yallist/-/yallist-3.1.1.tgz 0ms (cache hit)
1590 http cache inherits@https://registry.npmjs.org/inherits/-/inherits-2.0.4.tgz 0ms (cache hit)
1591 http cache unpipe@https://registry.npmjs.org/unpipe/-/unpipe-1.0.0.tgz 0ms (cache hit)
1592 http cache raw-body@https://registry.npmjs.org/raw-body/-/raw-body-2.5.3.tgz 0ms (cache hit)
1593 http cache toidentifier@https://registry.npmjs.org/toidentifier/-/toidentifier-1.0.1.tgz 0ms (cache hit)
1594 http cache iconv-lite@https://registry.npmjs.org/iconv-lite/-/iconv-lite-0.4.24.tgz 0ms (cache hit)
1595 http cache destroy@https://registry.npmjs.org/destroy/-/destroy-1.2.0.tgz 0ms (cache hit)
1596 http cache bytes@https://registry.npmjs.org/bytes/-/bytes-3.1.2.tgz 0ms (cache hit)
1597 http cache mime-types@https://registry.npmjs.org/mime-types/-/mime-types-2.1.35.tgz 0ms (cache hit)
1598 http cache negotiator@https://registry.npmjs.org/negotiator/-/negotiator-0.6.3.tgz 0ms (cache hit)
1599 http cache vary@https://registry.npmjs.org/vary/-/vary-1.1.2.tgz 0ms (cache hit)
1600 http cache utils-merge@https://registry.npmjs.org/utils-merge/-/utils-merge-1.0.1.tgz 0ms (cache hit)
1601 http cache type-is@https://registry.npmjs.org/type-is/-/type-is-1.6.18.tgz 0ms (cache hit)
1602 http cache setprototypeof@https://registry.npmjs.org/setprototypeof/-/setprototypeof-1.2.0.tgz 0ms (cache hit)
1603 http cache statuses@https://registry.npmjs.org/statuses/-/statuses-2.0.2.tgz 0ms (cache hit)
1604 http cache serve-static@https://registry.npmjs.org/serve-static/-/serve-static-1.16.3.tgz 0ms (cache hit)
1605 http cache safe-buffer@https://registry.npmjs.org/safe-buffer/-/safe-buffer-5.2.1.tgz 0ms (cache hit)
1606 http cache qs@https://registry.npmjs.org/qs/-/qs-6.16.0.tgz 0ms (cache hit)
1607 http cache send@https://registry.npmjs.org/send/-/send-0.19.2.tgz 0ms (cache hit)
1608 http cache range-parser@https://registry.npmjs.org/range-parser/-/range-parser-1.2.1.tgz 0ms (cache hit)
1609 http cache proxy-addr@https://registry.npmjs.org/proxy-addr/-/proxy-addr-2.0.8.tgz 0ms (cache hit)
1610 http cache path-to-regexp@https://registry.npmjs.org/path-to-regexp/-/path-to-regexp-0.1.13.tgz 0ms (cache hit)
1611 http cache parseurl@https://registry.npmjs.org/parseurl/-/parseurl-1.3.3.tgz 0ms (cache hit)
1612 http cache methods@https://registry.npmjs.org/methods/-/methods-1.1.2.tgz 0ms (cache hit)
1613 http cache on-finished@https://registry.npmjs.org/on-finished/-/on-finished-2.4.1.tgz 0ms (cache hit)
1614 http cache http-errors@https://registry.npmjs.org/http-errors/-/http-errors-2.0.1.tgz 0ms (cache hit)
1615 http cache merge-descriptors@https://registry.npmjs.org/merge-descriptors/-/merge-descriptors-1.0.3.tgz 0ms (cache hit)
1616 http cache fresh@https://registry.npmjs.org/fresh/-/fresh-0.5.2.tgz 0ms (cache hit)
1617 http cache finalhandler@https://registry.npmjs.org/finalhandler/-/finalhandler-1.3.2.tgz 0ms (cache hit)
1618 http cache safer-buffer@https://registry.npmjs.org/safer-buffer/-/safer-buffer-2.1.2.tgz 0ms (cache hit)
1619 http cache escape-html@https://registry.npmjs.org/escape-html/-/escape-html-1.0.3.tgz 0ms (cache hit)
1620 http cache depd@https://registry.npmjs.org/depd/-/depd-2.0.0.tgz 0ms (cache hit)
1621 http cache cookie@https://registry.npmjs.org/cookie/-/cookie-0.7.2.tgz 0ms (cache hit)
1622 http cache etag@https://registry.npmjs.org/etag/-/etag-1.8.1.tgz 0ms (cache hit)
1623 http cache content-disposition@https://registry.npmjs.org/content-disposition/-/content-disposition-0.5.4.tgz 0ms (cache hit)
1624 http cache content-type@https://registry.npmjs.org/content-type/-/content-type-1.0.5.tgz 0ms (cache hit)
1625 http cache cookie-signature@https://registry.npmjs.org/cookie-signature/-/cookie-signature-1.0.7.tgz 0ms (cache hit)
1626 http cache array-flatten@https://registry.npmjs.org/array-flatten/-/array-flatten-1.1.1.tgz 0ms (cache hit)
1627 http cache accepts@https://registry.npmjs.org/accepts/-/accepts-1.3.8.tgz 0ms (cache hit)
1628 http cache encodeurl@https://registry.npmjs.org/encodeurl/-/encodeurl-2.0.0.tgz 0ms (cache hit)
1629 http cache ms@https://registry.npmjs.org/ms/-/ms-2.1.3.tgz 0ms (cache hit)
1630 http cache update-browserslist-db@https://registry.npmjs.org/update-browserslist-db/-/update-browserslist-db-1.3.3.tgz 0ms (cache hit)
1631 http cache node-releases@https://registry.npmjs.org/node-releases/-/node-releases-2.0.57.tgz 0ms (cache hit)
1632 http cache baseline-browser-mapping@https://registry.npmjs.org/baseline-browser-mapping/-/baseline-browser-mapping-2.11.25.tgz 0ms (cache hit)
1633 http cache electron-to-chromium@https://registry.npmjs.org/electron-to-chromium/-/electron-to-chromium-1.5.438.tgz 0ms (cache hit)
1634 http cache postcss-value-parser@https://registry.npmjs.org/postcss-value-parser/-/postcss-value-parser-4.2.0.tgz 0ms (cache hit)
1635 http cache body-parser@https://registry.npmjs.org/body-parser/-/body-parser-1.20.8.tgz 0ms (cache hit)
1636 http cache @types/babel__generator@https://registry.npmjs.org/@types/babel__generator/-/babel__generator-7.27.0.tgz 0ms (cache hit)
1637 http cache fraction.js@https://registry.npmjs.org/fraction.js/-/fraction.js-5.3.4.tgz 0ms (cache hit)
1638 http cache caniuse-lite@https://registry.npmjs.org/caniuse-lite/-/caniuse-lite-1.0.30001810.tgz 0ms (cache hit)
1639 http cache @jridgewell/resolve-uri@https://registry.npmjs.org/@jridgewell/resolve-uri/-/resolve-uri-3.1.2.tgz 0ms (cache hit)
1640 http cache @types/babel__template@https://registry.npmjs.org/@types/babel__template/-/babel__template-7.4.4.tgz 0ms (cache hit)
1641 http cache @jridgewell/sourcemap-codec@https://registry.npmjs.org/@jridgewell/sourcemap-codec/-/sourcemap-codec-1.6.0.tgz 0ms (cache hit)
1642 http cache @babel/helper-globals@https://registry.npmjs.org/@babel/helper-globals/-/helper-globals-7.29.7.tgz 0ms (cache hit)
1643 http cache lru-cache@https://registry.npmjs.org/lru-cache/-/lru-cache-5.1.1.tgz 0ms (cache hit)
1644 http cache @babel/helper-string-parser@https://registry.npmjs.org/@babel/helper-string-parser/-/helper-string-parser-7.29.7.tgz 0ms (cache hit)
1645 http cache @types/babel__traverse@https://registry.npmjs.org/@types/babel__traverse/-/babel__traverse-7.28.0.tgz 0ms (cache hit)
1646 http cache browserslist@https://registry.npmjs.org/browserslist/-/browserslist-4.29.0.tgz 0ms (cache hit)
1647 http cache @babel/helper-module-imports@https://registry.npmjs.org/@babel/helper-module-imports/-/helper-module-imports-7.29.7.tgz 0ms (cache hit)
1648 http cache @babel/helper-plugin-utils@https://registry.npmjs.org/@babel/helper-plugin-utils/-/helper-plugin-utils-7.29.7.tgz 0ms (cache hit)
1649 http cache jsesc@https://registry.npmjs.org/jsesc/-/jsesc-3.1.0.tgz 0ms (cache hit)
1650 http cache @babel/helper-validator-option@https://registry.npmjs.org/@babel/helper-validator-option/-/helper-validator-option-7.29.7.tgz 0ms (cache hit)
1651 http cache @babel/compat-data@https://registry.npmjs.org/@babel/compat-data/-/compat-data-7.29.7.tgz 0ms (cache hit)
1652 http cache @jridgewell/gen-mapping@https://registry.npmjs.org/@jridgewell/gen-mapping/-/gen-mapping-0.3.13.tgz 0ms (cache hit)
1653 http cache @jridgewell/trace-mapping@https://registry.npmjs.org/@jridgewell/trace-mapping/-/trace-mapping-0.3.31.tgz 0ms (cache hit)
1654 http cache @babel/helper-validator-identifier@https://registry.npmjs.org/@babel/helper-validator-identifier/-/helper-validator-identifier-7.29.7.tgz 0ms (cache hit)
1655 http cache picocolors@https://registry.npmjs.org/picocolors/-/picocolors-1.1.1.tgz 0ms (cache hit)
1656 http cache js-tokens@https://registry.npmjs.org/js-tokens/-/js-tokens-4.0.0.tgz 0ms (cache hit)
1657 http cache semver@https://registry.npmjs.org/semver/-/semver-6.3.1.tgz 0ms (cache hit)
1658 http cache gensync@https://registry.npmjs.org/gensync/-/gensync-1.0.0-beta.2.tgz 0ms (cache hit)
1659 http cache debug@https://registry.npmjs.org/debug/-/debug-4.4.3.tgz 0ms (cache hit)
1660 http cache @jridgewell/remapping@https://registry.npmjs.org/@jridgewell/remapping/-/remapping-2.3.5.tgz 0ms (cache hit)
1661 http cache json5@https://registry.npmjs.org/json5/-/json5-2.2.3.tgz 0ms (cache hit)
1662 http cache convert-source-map@https://registry.npmjs.org/convert-source-map/-/convert-source-map-2.0.0.tgz 0ms (cache hit)
1663 http cache @babel/types@https://registry.npmjs.org/@babel/types/-/types-7.29.8.tgz 0ms (cache hit)
1664 http cache @babel/traverse@https://registry.npmjs.org/@babel/traverse/-/traverse-7.29.8.tgz 0ms (cache hit)
1665 http cache @babel/template@https://registry.npmjs.org/@babel/template/-/template-7.29.7.tgz 0ms (cache hit)
1666 http cache @babel/helpers@https://registry.npmjs.org/@babel/helpers/-/helpers-7.29.7.tgz 0ms (cache hit)
1667 http cache @babel/helper-module-transforms@https://registry.npmjs.org/@babel/helper-module-transforms/-/helper-module-transforms-7.29.7.tgz 0ms (cache hit)
1668 http cache @babel/parser@https://registry.npmjs.org/@babel/parser/-/parser-7.29.9.tgz 0ms (cache hit)
1669 http cache @babel/helper-compilation-targets@https://registry.npmjs.org/@babel/helper-compilation-targets/-/helper-compilation-targets-7.29.7.tgz 0ms (cache hit)
1670 http cache @types/babel__core@https://registry.npmjs.org/@types/babel__core/-/babel__core-7.20.5.tgz 0ms (cache hit)
1671 http cache @babel/generator@https://registry.npmjs.org/@babel/generator/-/generator-7.29.8.tgz 0ms (cache hit)
1672 http cache react-refresh@https://registry.npmjs.org/react-refresh/-/react-refresh-0.17.0.tgz 0ms (cache hit)
1673 http cache @babel/code-frame@https://registry.npmjs.org/@babel/code-frame/-/code-frame-7.29.7.tgz 0ms (cache hit)
1674 http cache @rolldown/pluginutils@https://registry.npmjs.org/@rolldown/pluginutils/-/pluginutils-1.0.0-beta.27.tgz 0ms (cache hit)
1675 http cache @babel/core@https://registry.npmjs.org/@babel/core/-/core-7.29.7.tgz 0ms (cache hit)
1676 http cache @babel/plugin-transform-react-jsx-source@https://registry.npmjs.org/@babel/plugin-transform-react-jsx-source/-/plugin-transform-react-jsx-source-7.29.7.tgz 0ms (cache hit)
1677 http cache @babel/plugin-transform-react-jsx-self@https://registry.npmjs.org/@babel/plugin-transform-react-jsx-self/-/plugin-transform-react-jsx-self-7.29.7.tgz 0ms (cache hit)
1678 http cache tailwindcss@https://registry.npmjs.org/tailwindcss/-/tailwindcss-3.4.19.tgz 0ms (cache hit)
1679 http cache lucide-react@https://registry.npmjs.org/lucide-react/-/lucide-react-0.468.0.tgz 0ms (cache hit)
1680 http cache express@https://registry.npmjs.org/express/-/express-4.22.3.tgz 0ms (cache hit)
1681 http cache react@https://registry.npmjs.org/react/-/react-18.3.1.tgz 0ms (cache hit)
1682 http cache postcss@https://registry.npmjs.org/postcss/-/postcss-8.5.28.tgz 0ms (cache hit)
1683 http cache autoprefixer@https://registry.npmjs.org/autoprefixer/-/autoprefixer-10.6.1.tgz 0ms (cache hit)
1684 http cache react-dom@https://registry.npmjs.org/react-dom/-/react-dom-18.3.1.tgz 0ms (cache hit)
1685 http cache vite@https://registry.npmjs.org/vite/-/vite-6.4.3.tgz 0ms (cache hit)
1686 http cache picomatch@https://registry.npmjs.org/picomatch/-/picomatch-4.0.7.tgz 0ms (cache hit)
1687 http cache fdir@https://registry.npmjs.org/fdir/-/fdir-6.5.0.tgz 0ms (cache hit)
1688 http cache @vitejs/plugin-react@https://registry.npmjs.org/@vitejs/plugin-react/-/plugin-react-4.7.0.tgz 0ms (cache hit)
1689 http cache debug@https://registry.npmjs.org/debug/-/debug-2.6.9.tgz 0ms (cache hit)
1690 http cache glob-parent@https://registry.npmjs.org/glob-parent/-/glob-parent-5.1.2.tgz 0ms (cache hit)
1691 http cache glob-parent@https://registry.npmjs.org/glob-parent/-/glob-parent-5.1.2.tgz 0ms (cache hit)
1692 http cache ms@https://registry.npmjs.org/ms/-/ms-2.0.0.tgz 0ms (cache hit)
1693 http cache debug@https://registry.npmjs.org/debug/-/debug-2.6.9.tgz 0ms (cache hit)
1694 http cache ms@https://registry.npmjs.org/ms/-/ms-2.0.0.tgz 0ms (cache hit)
1695 http cache debug@https://registry.npmjs.org/debug/-/debug-2.6.9.tgz 0ms (cache hit)
1696 http cache ms@https://registry.npmjs.org/ms/-/ms-2.0.0.tgz 0ms (cache hit)
1697 http cache debug@https://registry.npmjs.org/debug/-/debug-2.6.9.tgz 0ms (cache hit)
1698 http cache fdir@https://registry.npmjs.org/fdir/-/fdir-6.5.0.tgz 0ms (cache hit)
1699 http cache ms@https://registry.npmjs.org/ms/-/ms-2.0.0.tgz 0ms (cache hit)
1700 http cache picomatch@https://registry.npmjs.org/picomatch/-/picomatch-4.0.7.tgz 0ms (cache hit)
1701 silly ADD node_modules/@types/estree
1702 silly ADD node_modules/@rollup/rollup-win32-x64-msvc
1703 silly ADD node_modules/@rollup/rollup-win32-x64-gnu
1704 silly ADD
1705 silly ADD
1706 silly ADD
1707 silly ADD
1708 silly ADD
1709 silly ADD
1710 silly ADD
1711 silly ADD
1712 silly ADD
1713 silly ADD
1714 silly ADD
1715 silly ADD
1716 silly ADD
1717 silly ADD
1718 silly ADD
1719 silly ADD
1720 silly ADD
1721 silly ADD
1722 silly ADD
1723 silly ADD
1724 silly ADD
1725 silly ADD
1726 silly ADD
1727 silly ADD
1728 silly ADD node_modules/@esbuild/win32-x64
1729 silly ADD
1730 silly ADD
1731 silly ADD
1732 silly ADD
1733 silly ADD
1734 silly ADD
1735 silly ADD
1736 silly ADD
1737 silly ADD
1738 silly ADD
1739 silly ADD
1740 silly ADD
1741 silly ADD
1742 silly ADD
1743 silly ADD
1744 silly ADD
1745 silly ADD
1746 silly ADD
1747 silly ADD
1748 silly ADD
1749 silly ADD
1750 silly ADD
1751 silly ADD
1752 silly ADD
1753 silly ADD
1754 silly ADD node_modules/rollup
1755 silly ADD node_modules/esbuild
1756 silly ADD node_modules/escalade
1757 silly ADD node_modules/media-typer
1758 silly ADD node_modules/is-number
1759 silly ADD node_modules/thenify
1760 silly ADD node_modules/thenify-all
1761 silly ADD node_modules/object-assign
1762 silly ADD node_modules/any-promise
1763 silly ADD node_modules/ts-interface-checker
1764 silly ADD node_modules/tinyglobby
1765 silly ADD node_modules/tinyglobby/node_modules/picomatch
1766 silly ADD node_modules/tinyglobby/node_modules/fdir
1767 silly ADD node_modules/pirates
1768 silly ADD node_modules/mz
1769 silly ADD node_modules/lines-and-columns
1770 silly ADD node_modules/commander
1771 silly ADD node_modules/queue-microtask
1772 silly ADD node_modules/supports-preserve-symlinks-flag
1773 silly ADD node_modules/path-parse
1774 silly ADD node_modules/is-core-module
1775 silly ADD node_modules/util-deprecate
1776 silly ADD node_modules/cssesc
1777 silly ADD node_modules/camelcase-css
1778 silly ADD node_modules/read-cache
1779 silly ADD node_modules/is-extglob
1780 silly ADD node_modules/binary-extensions
1781 silly ADD node_modules/to-regex-range
1782 silly ADD node_modules/reusify
1783 silly ADD node_modules/run-parallel
1784 silly ADD node_modules/fastq
1785 silly ADD node_modules/@nodelib/fs.scandir
1786 silly ADD node_modules/merge2
1787 silly ADD node_modules/@nodelib/fs.walk
1788 silly ADD node_modules/@nodelib/fs.stat
1789 silly ADD node_modules/fill-range
1790 silly ADD node_modules/picomatch
1791 silly ADD node_modules/readdirp
1792 silly ADD node_modules/is-binary-path
1793 silly ADD
1794 silly ADD node_modules/braces
1795 silly ADD node_modules/anymatch
1796 silly ADD node_modules/sucrase
1797 silly ADD node_modules/resolve
1798 silly ADD node_modules/postcss-selector-parser
1799 silly ADD node_modules/postcss-nested
1800 silly ADD node_modules/postcss-load-config
1801 silly ADD node_modules/postcss-js
1802 silly ADD node_modules/postcss-import
1803 silly ADD node_modules/object-hash
1804 silly ADD node_modules/normalize-path
1805 silly ADD node_modules/micromatch
1806 silly ADD node_modules/lilconfig
1807 silly ADD node_modules/jiti
1808 silly ADD node_modules/is-glob
1809 silly ADD node_modules/glob-parent
1810 silly ADD node_modules/fast-glob
1811 silly ADD node_modules/fast-glob/node_modules/glob-parent
1812 silly ADD node_modules/dlv
1813 silly ADD node_modules/didyoumean
1814 silly ADD node_modules/chokidar
1815 silly ADD node_modules/chokidar/node_modules/glob-parent
1816 silly ADD node_modules/arg
1817 silly ADD node_modules/@alloc/quick-lru
1818 silly ADD node_modules/dunder-proto
1819 silly ADD node_modules/math-intrinsics
1820 silly ADD node_modules/hasown
1821 silly ADD node_modules/has-symbols
1822 silly ADD node_modules/gopd
1823 silly ADD node_modules/get-proto
1824 silly ADD node_modules/es-object-atoms
1825 silly ADD node_modules/function-bind
1826 silly ADD node_modules/call-bind-apply-helpers
1827 silly ADD node_modules/get-intrinsic
1828 silly ADD node_modules/call-bound
1829 silly ADD node_modules/side-channel-weakmap
1830 silly ADD node_modules/side-channel-map
1831 silly ADD node_modules/side-channel-list
1832 silly ADD node_modules/object-inspect
1833 silly ADD node_modules/es-errors
1834 silly ADD node_modules/mime
1835 silly ADD node_modules/scheduler
1836 silly ADD node_modules/loose-envify
1837 silly ADD node_modules/side-channel
1838 silly ADD node_modules/es-define-property
1839 silly ADD node_modules/ipaddr.js
1840 silly ADD node_modules/forwarded
1841 silly ADD node_modules/source-map-js
1842 silly ADD node_modules/nanoid
1843 silly ADD node_modules/ee-first
1844 silly ADD node_modules/mime-db
1845 silly ADD node_modules/yallist
1846 silly ADD node_modules/safer-buffer
1847 silly ADD node_modules/toidentifier
1848 silly ADD node_modules/inherits
1849 silly ADD node_modules/unpipe
1850 silly ADD node_modules/raw-body
1851 silly ADD node_modules/iconv-lite
1852 silly ADD node_modules/destroy
1853 silly ADD node_modules/bytes
1854 silly ADD node_modules/negotiator
1855 silly ADD node_modules/mime-types
1856 silly ADD node_modules/vary
1857 silly ADD node_modules/utils-merge
1858 silly ADD node_modules/type-is
1859 silly ADD node_modules/statuses
1860 silly ADD node_modules/setprototypeof
1861 silly ADD node_modules/serve-static
1862 silly ADD node_modules/send
1863 silly ADD node_modules/send/node_modules/debug
1864 silly ADD node_modules/send/node_modules/debug/node_modules/ms
1865 silly ADD node_modules/safe-buffer
1866 silly ADD node_modules/range-parser
1867 silly ADD node_modules/qs
1868 silly ADD node_modules/proxy-addr
1869 silly ADD node_modules/path-to-regexp
1870 silly ADD node_modules/parseurl
1871 silly ADD node_modules/on-finished
1872 silly ADD node_modules/methods
1873 silly ADD node_modules/merge-descriptors
1874 silly ADD node_modules/http-errors
1875 silly ADD node_modules/fresh
1876 silly ADD node_modules/finalhandler
1877 silly ADD node_modules/finalhandler/node_modules/ms
1878 silly ADD node_modules/finalhandler/node_modules/debug
1879 silly ADD node_modules/etag
1880 silly ADD node_modules/escape-html
1881 silly ADD node_modules/encodeurl
1882 silly ADD node_modules/depd
1883 silly ADD node_modules/cookie-signature
1884 silly ADD node_modules/cookie
1885 silly ADD node_modules/content-type
1886 silly ADD node_modules/content-disposition
1887 silly ADD node_modules/body-parser
1888 silly ADD node_modules/body-parser/node_modules/ms
1889 silly ADD node_modules/body-parser/node_modules/debug
1890 silly ADD node_modules/array-flatten
1891 silly ADD node_modules/accepts
1892 silly ADD node_modules/ms
1893 silly ADD node_modules/update-browserslist-db
1894 silly ADD node_modules/node-releases
1895 silly ADD node_modules/electron-to-chromium
1896 silly ADD node_modules/baseline-browser-mapping
1897 silly ADD node_modules/postcss-value-parser
1898 silly ADD node_modules/fraction.js
1899 silly ADD node_modules/caniuse-lite
1900 silly ADD node_modules/@types/babel__traverse
1901 silly ADD node_modules/@types/babel__template
1902 silly ADD node_modules/@types/babel__generator
1903 silly ADD node_modules/@jridgewell/resolve-uri
1904 silly ADD node_modules/@jridgewell/sourcemap-codec
1905 silly ADD node_modules/@babel/helper-string-parser
1906 silly ADD node_modules/@babel/helper-globals
1907 silly ADD node_modules/@babel/helper-plugin-utils
1908 silly ADD node_modules/@babel/helper-module-imports
1909 silly ADD node_modules/lru-cache
1910 silly ADD node_modules/browserslist
1911 silly ADD node_modules/@babel/helper-validator-option
1912 silly ADD node_modules/@babel/compat-data
1913 silly ADD node_modules/jsesc
1914 silly ADD node_modules/@jridgewell/trace-mapping
1915 silly ADD node_modules/@jridgewell/gen-mapping
1916 silly ADD node_modules/picocolors
1917 silly ADD node_modules/js-tokens
1918 silly ADD node_modules/@babel/helper-validator-identifier
1919 silly ADD node_modules/semver
1920 silly ADD node_modules/json5
1921 silly ADD node_modules/gensync
1922 silly ADD node_modules/debug
1923 silly ADD node_modules/convert-source-map
1924 silly ADD node_modules/@jridgewell/remapping
1925 silly ADD node_modules/@babel/types
1926 silly ADD node_modules/@babel/traverse
1927 silly ADD node_modules/@babel/template
1928 silly ADD node_modules/@babel/parser
1929 silly ADD node_modules/@babel/helpers
1930 silly ADD node_modules/@babel/helper-module-transforms
1931 silly ADD node_modules/@babel/helper-compilation-targets
1932 silly ADD node_modules/@babel/generator
1933 silly ADD node_modules/@babel/code-frame
1934 silly ADD node_modules/react-refresh
1935 silly ADD node_modules/@types/babel__core
1936 silly ADD node_modules/@rolldown/pluginutils
1937 silly ADD node_modules/@babel/plugin-transform-react-jsx-source
1938 silly ADD node_modules/@babel/plugin-transform-react-jsx-self
1939 silly ADD node_modules/@babel/core
1940 silly ADD node_modules/tailwindcss
1941 silly ADD node_modules/react-dom
1942 silly ADD node_modules/react
1943 silly ADD node_modules/lucide-react
1944 silly ADD node_modules/express
1945 silly ADD node_modules/express/node_modules/ms
1946 silly ADD node_modules/express/node_modules/debug
1947 silly ADD node_modules/postcss
1948 silly ADD node_modules/autoprefixer
1949 silly ADD node_modules/vite
1950 silly ADD node_modules/vite/node_modules/picomatch
1951 silly ADD node_modules/vite/node_modules/fdir
1952 silly ADD node_modules/@vitejs/plugin-react
1953 verbose cwd C:\Users\ADMIN\Documents\Codex\2026-09-23\files-pasted-by-the-user-i
1954 verbose os Windows_NT 10.0.26200
1955 verbose node v22.19.0
1956 verbose npm  v10.9.3
1957 verbose exit 0
1958 info ok
